Workbook

Sheet Sheet2
A1: Sr No | B1: Material | C1: Material Description | D1: Qty | E1: NOK | F1: Net Opening | G1: VIN Done | H1: Inwarded | I1: Fresh VIN Opening | J1: Remark
A2: 1 | B2: 544254610241 | C2: WH MAIN_Accomplished + (NA+CNG) | D2: 15 | E2: 2 | F2: =D2-E2 -> 13 | G2: 0 | H2: =10 -> 10 | I2: =F2+G2-H2 -> 3 | J2: (As discussed With Aptive Qre and 02 wiring are 34 connector Aviblae But required 24 connector)
A3: 2 | B3: 544254640254 | C3: WH MAIN | D3: 0 | E3: 0 | F3: =D3-E3 -> 0 | G3: 0 | I3: =F3+G3-H3 -> 0
A4: 3 | B4: 544254630510 | C4: WH MAIN | D4: 40 | E4: 9 | F4: =D4-E4 -> 31 | G4: 0 | H4: 10 | I4: =F4+G4-H4 -> 21 | J4: (As discussed With Aptive Qre and 09 wiring are 34 connector Aviblae But required 24 connector)
A5: 4 | B5: 544254640219 | C5: WH MAIN | D5: 28 | E5: 12 | F5: =D5-E5 -> 16 | G5: 0 | H5: 10 | I5: =F5+G5-H5 -> 6 | J5: (As discussed With Aptive Qre and 12 wiring are 34 connector Aviblae But required 24 connector)
A6: 5 | B6: 544254630512 | C6: WH MAIN | D6: 1 | E6: 1 | F6: =D6-E6 -> 0 | G6: 0 | I6: =F6+G6-H6 -> 0 | J6: (wiring are 34 connector Available But required 24 connector)
A7: 6 | B7: 544254630499 | C7: WH MAIN | D7: 3 | E7: 3 | F7: =D7-E7 -> 0 | G7: 0 | I7: =F7+G7-H7 -> 0 | J7: (wiring are 34 connector Available But required 24 connector)
A8: 7 | B8: 544254610239 | C8: WH MAIN | D8: 0 | E8: 0 | F8: =D8-E8 -> 0 | G8: 0 | I8: =F8+G8-H8 -> 0
A9: 8 | B9: 544254640251 | C9: WH MAIN | D9: 0 | E9: 0 | F9: =D9-E9 -> 0 | G9: 0 | I9: =F9+G9-H9 -> 0
A10: 9 | B10: 544254630476 | C10: WH MAIN | D10: 0 | E10: 0 | F10: =D10-E10 -> 0 | G10: 0 | I10: =F10+G10-H10 -> 0
A11: 10 | B11: 544254630490 | C11: WH MAIN | D11: 0 | E11: 0 | F11: =D11-E11 -> 0 | G11: 0 | I11: =F11+G11-H11 -> 0
A12: 11 | B12: 544254630871 | C12: WH MAIN | D12: 0 | E12: 0 | F12: =D12-E12 -> 0 | G12: 0 | I12: =F12+G12-H12 -> 0
A13: 12 | B13: 544254640267 | C13: WH MAIN | D13: 7 | E13: 0 | F13: =D13-E13 -> 7 | G13: 0 | H13: 5 | I13: =F13+G13-H13 -> 2
A14: 13 | B14: 544254640203 | C14: WH MAIN | D14: 0 | E14: 0 | F14: =D14-E14 -> 0 | G14: 0 | I14: =F14+G14-H14 -> 0
A15: 14 | B15: 544254640202 | C15: WH MAIN | D15: 0 | E15: 0 | F15: =D15-E15 -> 0 | G15: 0 | I15: =F15+G15-H15 -> 0
A16: 15 | B16: 544254640248 | C16: WH MAIN | D16: 7 | E16: 0 | F16: =D16-E16 -> 7 | G16: 0 | H16: =5 -> 5 | I16: =F16+G16-H16 -> 2
A17: 16 | B17: 544254640213 | C17: WH MAIN | D17: 7 | E17: 0 | F17: =D17-E17 -> 7 | G17: 0 | H17: 5 | I17: =F17+G17-H17 -> 2
A18: 17 | B18: 544254640197 | C18: WH MAIN | D18: 10 | E18: 0 | F18: =D18-E18 -> 10 | G18: 0 | H18: 5 | I18: =F18+G18-H18 -> 5
B21: 544254630512
B22: 544254630510
B23: 544254640219
B24: 544254630499
B25: 544254640202
B26: 544254640207
B27: 544254610240
B28: 544254630486
B29: 544254610239
B30: 544254630490
B31: 544254630503
B32: 544254630476
... B53: 544254640251

Sheet Fresh VIN PPC
A1: Date : 09.06.2022 | C1: ='3 D P'!P1 -> Date | D1: 549754600102
M2: =SUM(M140,M146) -> 401 | S2: =+S140+S146 -> 0 | T2: =T140+T146 -> #REF! | AC2: opening 31otc
X3: =SUM(X140,X146) -> 0
A4: Part No | B4: Pre | C4: : | D4: AB12 Part No | E4: VC No | F4: Model | G4: PLAN | H4: W/H Requirement | I4: Month O/P | J4: Inwards | K4: Consumption | L4: Balance Production | M4: Today's O/P | N4: ='3 D P'!L2 -> 46221 | O4: ='3 D P'!M2 -> 46222 | P4: ='3 D P'!N2 -> 46223 | Q4: Cumulative Dispatch | R4: Consumption | S4: A SHIFT BIW LIFTING | T4: B SHIFT BIW LIFTING | U4: Float Coverage at 6:30am | V4: Float Coverage at 3 pm | W4: Float Coverage at 11:30 pm | X4: Paint float 06:30am | Y4: Balance To Inward | AA4: Safety Stock | AF4: PBS FLOAT | AG4: PBS TO POLISHING | AH4: POLISHING TO TOPCOAT | AI4: TOPCOAT TO WETSANDING ROOFBLACK | AJ4: TOPCOAT TO WETSANDING FRESH | AK4: WETSANDING TO SEALANT | AL4: TOTAL UPTO SEALANT | AM4: PT ENTRY TO SEALENT | AN4: BIW LIFTING TO PT | AO4: PT BYPASS | AP4: Total
B5: 544254630181 | C5: 544254630390 | D5: 544254630390 | E5: 54425125A | F5: ALTROZ XE 1.2P BS6GEN1+ | G5: 0 | H5: =G5 -> 0 | I5: 22 | J5: =Q5 -> 0 | K5: =R5 -> 0 | L5: =H5-K5 -> 0 | M5: =I5+J5-K5 -> 22 | N5: =SUMIF('3 D P'!$D:$D,Cockpit!$E$5:$E$146,'3 D P'!L:L) -> 0 | O5: =SUMIF('3 D P'!$D:$D,Cockpit!$E$5:$E$146,'3 D P'!M:M) -> 0 | P5: =SUMIF('3 D P'!$D:$D,Cockpit!$E$5:$E$146,'3 D P'!N:N) -> 0 | Q5: =IFERROR(VLOOKUP($D5,'Aptiv Dispatch'!$A:$B,2,FALSE),0) -> 0 | R5: =SUMIF('Consumption MTD'!B:B,Cockpit!$E$5:$E$146,'Consumption MTD'!C:C) -> 0 | S5: =SUMIF('BIW Lifting A Shift'!$B:$B,Cockpit!$E$5:$E$146,'BIW Lifting A Shift'!C:C) -> 0 | T5: =SUMIF('BIW Lifting A Shift'!$B:$B,Cockpit!$E$5:$E$146,'BIW Lifting A Shift'!#REF!) -> #REF! | U5: =M5-X5 -> 22 | V5: =M5-S5-X5 -> 22 | W5: =V5-T5 -> #REF! | X5: =SUMIF(FLOAT!$D:$D,Cockpit!$E$5:$E$146,FLOAT!F:F) -> 0 | Y5: =IFERROR(VLOOKUP(E5,[4]Sheet1!$D$4:$G$83,4,0),0) -> 0 | Z5: =IFERROR(VLOOKUP(E5,'[5]Cockpit Main'!$D$4:$G$83,4,0),0) -> 0 | AA5: 0 | AC5: 19 | AF5: =SUMIF(FLOAT!$D:$D,Cockpit!$E5:$E146,FLOAT!G:G) -> 0 | AG5: =SUMIF(FLOAT!$D:$D,Cockpit!$E5:$E146,FLOAT!H:H) -> 0 | AH5: =SUMIF(FLOAT!$D:$D,Cockpit!$E5:$E146,FLOAT!I:I) -> 0 | AI5: =SUMIF(FLOAT!$D:$D,Cockpit!$E5:$E146,FLOAT!J:J) -> 0 | AJ5: =SUMIF(FLOAT!$D:$D,Cockpit!$E5:$E146,FLOAT!K:K) -> 0 | AK5: =SUMIF(FLOAT!$D:$D,Cockpit!$E5:$E146,FLOAT!L:L) -> 0 | AL5: =SUMIF(FLOAT!$D:$D,Cockpit!$E5:$E146,FLOAT!M:M) -> 0 | AM5: =SUMIF(FLOAT!$D:$D,Cockpit!$E5:$E146,FLOAT!N:N) -> 0 | AN5: =SUMIF(FLOAT!$D:$D,Cockpit!$E5:$E146,FLOAT!O:O) -> 0 | AO5: =SUMIF(FLOAT!$D:$D,Cockpit!$E5:$E146,FLOAT!P:P) -> 0 | AP5: =AF5+AG5+AH5+AI5+AJ5+AK5+AM5+AN5+AO5 -> 0
C6: 544254600375 | D6: 544254600108 | E6: 54421826A | F6: ALTROZ XE 1.2 P BS6 PH2 (REVARIANT) | G6: 0 | H6: =G6 -> 0 | I6: 0 | J6: =Q6 -> 0 | K6: =R6 -> 0 | L6: =H6-K6 -> 0 | M6: =I6+J6-K6 -> 0 | N6: =SUMIF('3 D P'!$D:$D,Cockpit!$E$5:$E$146,'3 D P'!L:L) -> 0 | O6: =SUMIF('3 D P'!$D:$D,Cockpit!$E$5:$E$146,'3 D P'!M:M) -> 0 | P6: =SUMIF('3 D P'!$D:$D,Cockpit!$E$5:$E$146,'3 D P'!N:N) -> 0 | Q6: =IFERROR(VLOOKUP($D6,'Aptiv Dispatch'!$A:$B,2,FALSE),0) -> 0 | R6: =SUMIF('Consumption MTD'!B:B,Cockpit!$E$5:$E$146,'Consumption MTD'!C:C) -> 0 | S6: =SUMIF('BIW Lifting A Shift'!$B:$B,Cockpit!$E$5:$E$146,'BIW Lifting A Shift'!C:C) -> 0 | T6: =SUMIF('BIW Lifting A Shift'!$B:$B,Cockpit!$E$5:$E$146,'BIW Lifting A Shift'!#REF!) -> #REF! | U6: =M6-X6 -> 0 | V6: =M6-S6-X6 -> 0 | W6: =V6-T6 -> #REF! | X6: =SUMIF(FLOAT!$D:$D,Cockpit!$E$5:$E$146,FLOAT!F:F) -> 0 | Y6: =IFERROR(VLOOKUP(E6,[4]Sheet1!$D$4:$G$83,4,0),0) -> 0 | Z6: =IFERROR(VLOOKUP(E6,'[5]Cockpit Main'!$D$4:$G$83,4,0),0) -> 0 | AA6: 3 | AC6: 13 | AF6: =SUMIF(FLOAT!$D:$D,Cockpit!$E6:$E150,FLOAT!G:G) -> 0 | AG6: =SUMIF(FLOAT!$D:$D,Cockpit!$E6:$E150,FLOAT!H:H) -> 0 | AH6: =SUMIF(FLOAT!$D:$D,Cockpit!$E6:$E150,FLOAT!I:I) -> 0 | AI6: =SUMIF(FLOAT!$D:$D,Cockpit!$E6:$E150,FLOAT!J:J) -> 0 | AJ6: =SUMIF(FLOAT!$D:$D,Cockpit!$E6:$E150,FLOAT!K:K) -> 0 | AK6: =SUMIF(FLOAT!$D:$D,Cockpit!$E6:$E150,FLOAT!L:L) -> 0 | AL6: =SUMIF(FLOAT!$D:$D,Cockpit!$E6:$E150,FLOAT!M:M) -> 0 | AM6: =SUMIF(FLOAT!$D:$D,Cockpit!$E6:$E150,FLOAT!N:N) -> 0 | AN6: =SUMIF(FLOAT!$D:$D,Cockpit!$E6:$E150,FLOAT!O:O) -> 0 | AO6: =SUMIF(FLOAT!$D:$D,Cockpit!$E6:$E150,FLOAT!P:P) -> 0 | AP6: =AF6+AG6+AH6+AI6+AJ6+AK6+AM6+AN6+AO6 -> 0
A7: 544254620249 | B7: 544254630159 | C7: 544254630392 | D7: 544254630392 | E7: 54420225A | F7: Altroz XE+ Diesel | G7: 0 | H7: =SUM(G7:G8) -> 0 | I7: 43 | J7: =Q7 -> 0 | K7: =SUM(R7:R8) -> 0 | L7: =H7-K7 -> 0 | M7: =I7+J7-K7 -> 43 | N7: =SUMIF('3 D P'!$D:$D,Cockpit!$E$5:$E$146,'3 D P'!L:L) -> 0 | O7: =SUMIF('3 D P'!$D:$D,Cockpit!$E$5:$E$146,'3 D P'!M:M) -> 0 | P7: =SUMIF('3 D P'!$D:$D,Cockpit!$E$5:$E$146,'3 D P'!N:N) -> 0 | Q7: =IFERROR(VLOOKUP($D7,'Aptiv Dispatch'!$A:$B,2,FALSE),0) -> 0 | R7: =SUMIF('Consumption MTD'!B:B,Cockpit!$E$5:$E$146,'Consumption MTD'!C:C) -> 0 | S7: =SUMIF('BIW Lifting A Shift'!$B:$B,Cockpit!$E$5:$E$146,'BIW Lifting A Shift'!C:C) -> 0 | T7: =SUMIF('BIW Lifting A Shift'!$B:$B,Cockpit!$E$5:$E$146,'BIW Lifting A Shift'!#REF!) -> #REF! | U7: =M7-X7-X8 -> 43 | V7: =M7-X7-X8-S7-S8 -> 43 | W7: =V7-SUM(T7:T8) -> #REF! | X7: =SUMIF(FLOAT!$D:$D,Cockpit!$E$5:$E$146,FLOAT!F:F) -> 0 | Y7: =IFERROR(VLOOKUP(E7,[4]Sheet1!$D$4:$G$83,4,0),0) -> 0 | Z7: =IFERROR(VLOOKUP(E7,'[5]Cockpit Main'!$D$4:$G$83,4,0),0) -> 0 | AA7: 3 | AC7: 27 | AF7: =SUMIF(FLOAT!$D:$D,Cockpit!$E7:$E151,FLOAT!G:G) -> 0 | AG7: =SUMIF(FLOAT!$D:$D,Cockpit!$E7:$E151,FLOAT!H:H) -> 0 | AH7: =SUMIF(FLOAT!$D:$D,Cockpit!$E7:$E151,FLOAT!I:I) -> 0 | AI7: =SUMIF(FLOAT!$D:$D,Cockpit!$E7:$E151,FLOAT!J:J) -> 0 | AJ7: =SUMIF(FLOAT!$D:$D,Cockpit!$E7:$E151,FLOAT!K:K) -> 0 | AK7: =SUMIF(FLOAT!$D:$D,Cockpit!$E7:$E151,FLOAT!L:L) -> 0 | AL7: =SUMIF(FLOAT!$D:$D,Cockpit!$E7:$E151,FLOAT!M:M) -> 0 | AM7: =SUMIF(FLOAT!$D:$D,Cockpit!$E7:$E151,FLOAT!N:N) -> 0 | AN7: =SUMIF(FLOAT!$D:$D,Cockpit!$E7:$E151,FLOAT!O:O) -> 0 | AO7: =SUMIF(FLOAT!$D:$D,Cockpit!$E7:$E151,FLOAT!P:P) -> 0 | AP7: =AF7+AG7+AH7+AI7+AJ7+AK7+AM7+AN7+AO7 -> 0
B8: 544254630186 | E8: 54426225A | F8: ALTROZ XE+ 1.2P BS6GEN1+ | G8: 0 | N8: =SUMIF('3 D P'!$D:$D,Cockpit!$E$5:$E$146,'3 D P'!L:L) -> 0 | O8: =SUMIF('3 D P'!$D:$D,Cockpit!$E$5:$E$146,'3 D P'!M:M) -> 0 | P8: =SUMIF('3 D P'!$D:$D,Cockpit!$E$5:$E$146,'3 D P'!N:N) -> 0 | Q8: =IFERROR(VLOOKUP($D8,'Aptiv Dispatch'!$A:$B,2,FALSE),0) -> 0 | R8: =SUMIF('Consumption MTD'!B:B,Cockpit!$E$5:$E$146,'Consumption MTD'!C:C) -> 0 | S8: =SUMIF('BIW Lifting A Shift'!$B:$B,Cockpit!$E$5:$E$146,'BIW Lifting A Shift'!C:C) -> 0 | T8: =SUMIF('BIW Lifting A Shift'!$B:$B,Cockpit!$E$5:$E$146,'BIW Lifting A Shift'!#REF!) -> #REF! | X8: =SUMIF(FLOAT!$D:$D,Cockpit!$E$5:$E$146,FLOAT!F:F) -> 0 | Y8: =IFERROR(VLOOKUP(E8,[4]Sheet1!$D$4:$G$83,4,0),0) -> 0 | Z8: =IFERROR(VLOOKUP(E8,'[5]Cockpit Main'!$D$4:$G$83,4,0),0) -> 0 | AA8: 0 | AF8: =SUMIF(FLOAT!$D:$D,Cockpit!$E8:$E152,FLOAT!G:G) -> 0 | AG8: =SUMIF(FLOAT!$D:$D,Cockpit!$E8:$E152,FLOAT!H:H) -> 0 | AH8: =SUMIF(FLOAT!$D:$D,Cockpit!$E8:$E152,FLOAT!I:I) -> 0 | AI8: =SUMIF(FLOAT!$D:$D,Cockpit!$E8:$E152,FLOAT!J:J) -> 0 | AJ8: =SUMIF(FLOAT!$D:$D,Cockpit!$E8:$E152,FLOAT!K:K) -> 0 | AK8: =SUMIF(FLOAT!$D:$D,Cockpit!$E8:$E152,FLOAT!L:L) -> 0 | AL8: =SUMIF(FLOAT!$D:$D,Cockpit!$E8:$E152,FLOAT!M:M) -> 0 | AM8: =SUMIF(FLOAT!$D:$D,Cockpit!$E8:$E152,FLOAT!N:N) -> 0 | AN8: =SUMIF(FLOAT!$D:$D,Cockpit!$E8:$E152,FLOAT!O:O) -> 0 | AO8: =SUMIF(FLOAT!$D:$D,Cockpit!$E8:$E152,FLOAT!P:P) -> 0 | AP8: =AF8+AG8+AH8+AI8+AJ8+AK8+AM8+AN8+AO8 -> 0
C9: 544254600376 | D9: 544254600109 | E9: 54422126A | F9: ALTROZ XM 1.2P BS6 PH2(REVARIANT) | G9: 0 | H9: =G9 -> 0 | I9: 0 | J9: =Q9 -> 0 | K9: =R9 -> 0 | L9: =H9-K9 -> 0 | M9: =I9+J9-K9 -> 0 | N9: =SUMIF('3 D P'!$D:$D,Cockpit!$E$5:$E$146,'3 D P'!L:L) -> 0 | O9: =SUMIF('3 D P'!$D:$D,Cockpit!$E$5:$E$146,'3 D P'!M:M) -> 0 | P9: =SUMIF('3 D P'!$D:$D,Cockpit!$E$5:$E$146,'3 D P'!N:N) -> 0 | Q9: =IFERROR(VLOOKUP($D9,'Aptiv Dispatch'!$A:$B,2,FALSE),0) -> 0 | R9: =SUMIF('Consumption MTD'!B:B,Cockpit!$E$5:$E$146,'Consumption MTD'!C:C) -> 0 | S9: =SUMIF('BIW Lifting A Shift'!$B:$B,Cockpit!$E$5:$E$146,'BIW Lifting A Shift'!C:C) -> 0 | T9: =SUMIF('BIW Lifting A Shift'!$B:$B,Cockpit!$E$5:$E$146,'BIW Lifting A Shift'!#REF!) -> #REF! | U9: =M9-X9 -> 0 | V9: =M9-S9-X9 -> 0 | W9: =V9-T9 -> #REF! | X9: =SUMIF(FLOAT!$D:$D,Cockpit!$E$5:$E$146,FLOAT!F:F) -> 0 | Y9: =IFERROR(VLOOKUP(E9,[4]Sheet1!$D$4:$G$83,4,0),0) -> 0 | Z9: =IFERROR(VLOOKUP(E9,'[5]Cockpit Main'!$D$4:$G$83,4,0),0) -> 0 | AA9: 3 | AC9: 42 | AF9: =SUMIF(FLOAT!$D:$D,Cockpit!$E9:$E153,FLOAT!G:G) -> 0 | AG9: =SUMIF(FLOAT!$D:$D,Cockpit!$E9:$E153,FLOAT!H:H) -> 0 | AH9: =SUMIF(FLOAT!$D:$D,Cockpit!$E9:$E153,FLOAT!I:I) -> 0 | AI9: =SUMIF(FLOAT!$D:$D,Cockpit!$E9:$E153,FLOAT!J:J) -> 0 | AJ9: =SUMIF(FLOAT!$D:$D,Cockpit!$E9:$E153,FLOAT!K:K) -> 0 | AK9: =SUMIF(FLOAT!$D:$D,Cockpit!$E9:$E153,FLOAT!L:L) -> 0 | AL9: =SUMIF(FLOAT!$D:$D,Cockpit!$E9:$E153,FLOAT!M:M) -> 0 | AM9: =SUMIF(FLOAT!$D:$D,Cockpit!$E9:$E153,FLOAT!N:N) -> 0 | AN9: =SUMIF(FLOAT!$D:$D,Cockpit!$E9:$E153,FLOAT!O:O) -> 0 | AO9: =SUMIF(FLOAT!$D:$D,Cockpit!$E9:$E153,FLOAT!P:P) -> 0 | AP9: =AF9+AG9+AH9+AI9+AJ9+AK9+AM9+AN9+AO9 -> 0
C10: 544254600377 | D10: 544254600110 | E10: 54422026A | F10: ALTROZ XM (S)1.2P BS6 PH2(REVARIANT) | G10: 0 | H10: =G10 -> 0 | I10: 0 | J10: =Q10 -> 0 | K10: =R10 -> 0 | L10: =H10-K10 -> 0 | M10: =I10+J10-K10 -> 0 | N10: =SUMIF('3 D P'!$D:$D,Cockpit!$E$5:$E$146,'3 D P'!L:L) -> 0 | O10: =SUMIF('3 D P'!$D:$D,Cockpit!$E$5:$E$146,'3 D P'!M:M) -> 0 | P10: =SUMIF('3 D P'!$D:$D,Cockpit!$E$5:$E$146,'3 D P'!N:N) -> 0 | Q10: =IFERROR(VLOOKUP($D10,'Aptiv Dispatch'!$A:$B,2,FALSE),0) -> 0 | R10: =SUMIF('Consumption MTD'!B:B,Cockpit!$E$5:$E$146,'Consumption MTD'!C:C) -> 0 | S10: =SUMIF('BIW Lifting A Shift'!$B:$B,Cockpit!$E$5:$E$146,'BIW Lifting A Shift'!C:C) -> 0 | T10: =SUMIF('BIW Lifting A Shift'!$B:$B,Cockpit!$E$5:$E$146,'BIW Lifting A Shift'!#REF!) -> #REF! | U10: =M10-X10 -> 0 | V10: =M10-S10-X10 -> 0 | W10: =V10-T10 -> #REF! | X10: =SUMIF(FLOAT!$D:$D,Cockpit!$E$5:$E$146,FLOAT!F:F) -> 0 | Y10: =IFERROR(VLOOKUP(E10,[4]Sheet1!$D$4:$G$83,4,0),0) -> 0 | Z10: =IFERROR(VLOOKUP(E10,'[5]Cockpit Main'!$D$4:$G$83,4,0),0) -> 0 | AA10: 3 | AC10: 10 | AF10: =SUMIF(FLOAT!$D:$D,Cockpit!$E10:$E154,FLOAT!G:G) -> 0 | AG10: =SUMIF(FLOAT!$D:$D,Cockpit!$E10:$E154,FLOAT!H:H) -> 0 | AH10: =SUMIF(FLOAT!$D:$D,Cockpit!$E10:$E154,FLOAT!I:I) -> 0 | AI10: =SUMIF(FLOAT!$D:$D,Cockpit!$E10:$E154,FLOAT!J:J) -> 0 | AJ10: =SUMIF(FLOAT!$D:$D,Cockpit!$E10:$E154,FLOAT!K:K) -> 0 | AK10: =SUMIF(FLOAT!$D:$D,Cockpit!$E10:$E154,FLOAT!L:L) -> 0 | AL10: =SUMIF(FLOAT!$D:$D,Cockpit!$E10:$E154,FLOAT!M:M) -> 0 | AM10: =SUMIF(FLOAT!$D:$D,Cockpit!$E10:$E154,FLOAT!N:N) -> 0 | AN10: =SUMIF(FLOAT!$D:$D,Cockpit!$E10:$E154,FLOAT!O:O) -> 0 | AO10: =SUMIF(FLOAT!$D:$D,Cockpit!$E10:$E154,FLOAT!P:P) -> 0 | AP10: =AF10+AG10+AH10+AI10+AJ10+AK10+AM10+AN10+AO10 -> 0
B11: 544254630185 | C11: 544254630391 | D11: 544254600212 | E11: 54426325A | F11: ALTROZ XM+ 1.2P BS6GEN1+ | G11: 0 | H11: =SUM(G11:G12) -> 0 | I11: 0 | J11: =Q11 -> 0 | K11: =SUM(R11:R12) -> 0 | L11: =H11-K11 -> 0 | M11: =I11+J11-K11 -> 0 | N11: =SUMIF('3 D P'!$D:$D,Cockpit!$E$5:$E$146,'3 D P'!L:L) -> 0 | O11: =SUMIF('3 D P'!$D:$D,Cockpit!$E$5:$E$146,'3 D P'!M:M) -> 0 | P11: =SUMIF('3 D P'!$D:$D,Cockpit!$E$5:$E$146,'3 D P'!N:N) -> 0 | Q11: =IFERROR(VLOOKUP($D11,'Aptiv Dispatch'!$A:$B,2,FALSE),0) -> 0 | R11: =SUMIF('Consumption MTD'!B:B,Cockpit!$E$5:$E$146,'Consumption MTD'!C:C) -> 0 | S11: =SUMIF('BIW Lifting A Shift'!$B:$B,Cockpit!$E$5:$E$146,'BIW Lifting A Shift'!C:C) -> 0 | T11: =SUMIF('BIW Lifting A Shift'!$B:$B,Cockpit!$E$5:$E$146,'BIW Lifting A Shift'!#REF!) -> #REF! | U11: =M11-X11-X12 -> 0 | V11: =M11-X11-X12-S11-S12 -> 0 | W11: =V11-SUM(T11:T12) -> #REF! | X11: =SUMIF(FLOAT!$D:$D,Cockpit!$E$5:$E$146,FLOAT!F:F) -> 0 | Y11: =IFERROR(VLOOKUP(E11,[4]Sheet1!$D$4:$G$83,4,0),0) -> 0 | Z11: =IFERROR(VLOOKUP(E11,'[5]Cockpit Main'!$D$4:$G$83,4,0),0) -> 0 | AA11: 3 | AC11: 16 | AF11: =SUMIF(FLOAT!$D:$D,Cockpit!$E11:$E155,FLOAT!G:G) -> 0 | AG11: =SUMIF(FLOAT!$D:$D,Cockpit!$E11:$E155,FLOAT!H:H) -> 0 | AH11: =SUMIF(FLOAT!$D:$D,Cockpit!$E11:$E155,FLOAT!I:I) -> 0 | AI11: =SUMIF(FLOAT!$D:$D,Cockpit!$E11:$E155,FLOAT!J:J) -> 0 | AJ11: =SUMIF(FLOAT!$D:$D,Cockpit!$E11:$E155,FLOAT!K:K) -> 0 | AK11: =SUMIF(FLOAT!$D:$D,Cockpit!$E11:$E155,FLOAT!L:L) -> 0 | AL11: =SUMIF(FLOAT!$D:$D,Cockpit!$E11:$E155,FLOAT!M:M) -> 0 | AM11: =SUMIF(FLOAT!$D:$D,Cockpit!$E11:$E155,FLOAT!N:N) -> 0 | AN11: =SUMIF(FLOAT!$D:$D,Cockpit!$E11:$E155,FLOAT!O:O) -> 0 | AO11: =SUMIF(FLOAT!$D:$D,Cockpit!$E11:$E155,FLOAT!P:P) -> 0 | AP11: =AF11+AG11+AH11+AI11+AJ11+AK11+AM11+AN11+AO11 -> 0
A12: 544254620251 | E12: 54420425A | F12: Altroz XM + Diesel | G12: 0 | N12: =SUMIF('3 D P'!$D:$D,Cockpit!$E$5:$E$146,'3 D P'!L:L) -> 0 | O12: =SUMIF('3 D P'!$D:$D,Cockpit!$E$5:$E$146,'3 D P'!M:M) -> 0 | P12: =SUMIF('3 D P'!$D:$D,Cockpit!$E$5:$E$146,'3 D P'!N:N) -> 0 | Q12: =IFERROR(VLOOKUP($D12,'Aptiv Dispatch'!$A:$B,2,FALSE),0) -> 0 | R12: =SUMIF('Consumption MTD'!B:B,Cockpit!$E$5:$E$146,'Consumption MTD'!C:C) -> 0 | S12: =SUMIF('BIW Lifting A Shift'!$B:$B,Cockpit!$E$5:$E$146,'BIW Lifting A Shift'!C:C) -> 0 | T12: =SUMIF('BIW Lifting A Shift'!$B:$B,Cockpit!$E$5:$E$146,'BIW Lifting A Shift'!#REF!) -> #REF! | X12: =SUMIF(FLOAT!$D:$D,Cockpit!$E$5:$E$146,FLOAT!F:F) -> 0 | Y12: =IFERROR(VLOOKUP(E12,[4]Sheet1!$D$4:$G$83,4,0),0) -> 0 | Z12: =IFERROR(VLOOKUP(E12,'[5]Cockpit Main'!$D$4:$G$83,4,0),0) -> 0 | AA12: 0 | AF12: =SUMIF(FLOAT!$D:$D,Cockpit!$E12:$E156,FLOAT!G:G) -> 0 | AG12: =SUMIF(FLOAT!$D:$D,Cockpit!$E12:$E156,FLOAT!H:H) -> 0 | AH12: =SUMIF(FLOAT!$D:$D,Cockpit!$E12:$E156,FLOAT!I:I) -> 0 | AI12: =SUMIF(FLOAT!$D:$D,Cockpit!$E12:$E156,FLOAT!J:J) -> 0 | AJ12: =SUMIF(FLOAT!$D:$D,Cockpit!$E12:$E156,FLOAT!K:K) -> 0 | AK12: =SUMIF(FLOAT!$D:$D,Cockpit!$E12:$E156,FLOAT!L:L) -> 0 | AL12: =SUMIF(FLOAT!$D:$D,Cockpit!$E12:$E156,FLOAT!M:M) -> 0 | AM12: =SUMIF(FLOAT!$D:$D,Cockpit!$E12:$E156,FLOAT!N:N) -> 0 | AN12: =SUMIF(FLOAT!$D:$D,Cockpit!$E12:$E156,FLOAT!O:O) -> 0 | AO12: =SUMIF(FLOAT!$D:$D,Cockpit!$E12:$E156,FLOAT!P:P) -> 0 | AP12: =AF12+AG12+AH12+AI12+AJ12+AK12+AM12+AN12+AO12 -> 0
C13: 544254600378 | D13: 544254600111 | E13: 54422226A | F13: ALTROZ XM+ 1.2P BS6 PH2(REVARIANT) | G13: 0 | H13: =G13 -> 0 | I13: 0 | J13: =Q13 -> 0 | K13: =R13 -> 0 | L13: =H13-K13 -> 0 | M13: =I13+J13-K13 -> 0 | N13: =SUMIF('3 D P'!$D:$D,Cockpit!$E$5:$E$146,'3 D P'!L:L) -> 0 | O13: =SUMIF('3 D P'!$D:$D,Cockpit!$E$5:$E$146,'3 D P'!M:M) -> 0 | P13: =SUMIF('3 D P'!$D:$D,Cockpit!$E$5:$E$146,'3 D P'!N:N) -> 0 | Q13: =IFERROR(VLOOKUP($D13,'Aptiv Dispatch'!$A:$B,2,FALSE),0) -> 0 | R13: =SUMIF('Consumption MTD'!B:B,Cockpit!$E$5:$E$146,'Consumption MTD'!C:C) -> 0 | S13: =SUMIF('BIW Lifting A Shift'!$B:$B,Cockpit!$E$5:$E$146,'BIW Lifting A Shift'!C:C) -> 0 | T13: =SUMIF('BIW Lifting A Shift'!$B:$B,Cockpit!$E$5:$E$146,'BIW Lifting A Shift'!#REF!) -> #REF! | U13: =M13-X13 -> 0 | V13: =M13-S13-X13 -> 0 | W13: =V13-T13 -> #REF! | X13: =SUMIF(FLOAT!$D:$D,Cockpit!$E$5:$E$146,FLOAT!F:F) -> 0 | Y13: =IFERROR(VLOOKUP(E13,[4]Sheet1!$D$4:$G$83,4,0),0) -> 0 | Z13: =IFERROR(VLOOKUP(E13,'[5]Cockpit Main'!$D$4:$G$83,4,0),0) -> 0 | AA13: 5 | AC13: 81 | AF13: =SUMIF(FLOAT!$D:$D,Cockpit!$E13:$E157,FLOAT!G:G) -> 0 | AG13: =SUMIF(FLOAT!$D:$D,Cockpit!$E13:$E157,FLOAT!H:H) -> 0 | AH13: =SUMIF(FLOAT!$D:$D,Cockpit!$E13:$E157,FLOAT!I:I) -> 0 | AI13: =SUMIF(FLOAT!$D:$D,Cockpit!$E13:$E157,FLOAT!J:J) -> 0 | AJ13: =SUMIF(FLOAT!$D:$D,Cockpit!$E13:$E157,FLOAT!K:K) -> 0 | AK13: =SUMIF(FLOAT!$D:$D,Cockpit!$E13:$E157,FLOAT!L:L) -> 0 | AL13: =SUMIF(FLOAT!$D:$D,Cockpit!$E13:$E157,FLOAT!M:M) -> 0 | AM13: =SUMIF(FLOAT!$D:$D,Cockpit!$E13:$E157,FLOAT!N:N) -> 0 | AN13: =SUMIF(FLOAT!$D:$D,Cockpit!$E13:$E157,FLOAT!O:O) -> 0 | AO13: =SUMIF(FLOAT!$D:$D,Cockpit!$E13:$E157,FLOAT!P:P) -> 0 | AP13: =AF13+AG13+AH13+AI13+AJ13+AK13+AM13+AN13+AO13 -> 0
B14: 544254630266 | C14: 544254630393 | D14: 544254600213 | E14: 54421625A | F14: Altroz XM + DCT | G14: 0 | H14: =G14 -> 0 | I14: 5 | J14: =Q14 -> 0 | K14: =R14 -> 0 | L14: =H14-K14 -> 0 | M14: =I14+J14-K14 -> 5 | N14: =SUMIF('3 D P'!$D:$D,Cockpit!$E$5:$E$146,'3 D P'!L:L) -> 0 | O14: =SUMIF('3 D P'!$D:$D,Cockpit!$E$5:$E$146,'3 D P'!M:M) -> 0 | P14: =SUMIF('3 D P'!$D:$D,Cockpit!$E$5:$E$146,'3 D P'!N:N) -> 0 | Q14: =IFERROR(VLOOKUP($D14,'Aptiv Dispatch'!$A:$B,2,FALSE),0) -> 0 | R14: =SUMIF('Consumption MTD'!B:B,Cockpit!$E$5:$E$146,'Consumption MTD'!C:C) -> 0 | S14: =SUMIF('BIW Lifting A Shift'!$B:$B,Cockpit!$E$5:$E$146,'BIW Lifting A Shift'!C:C) -> 0 | T14: =SUMIF('BIW Lifting A Shift'!$B:$B,Cockpit!$E$5:$E$146,'BIW Lifting A Shift'!#REF!) -> #REF! | U14: =M14-X14 -> 5 | V14: =M14-S14-X14 -> 5 | W14: =V14-T14 -> #REF! | X14: =SUMIF(FLOAT!$D:$D,Cockpit!$E$5:$E$146,FLOAT!F:F) -> 0 | Y14: =IFERROR(VLOOKUP(E14,[4]Sheet1!$D$4:$G$83,4,0),0) -> 0 | Z14: =IFERROR(VLOOKUP(E14,'[5]Cockpit Main'!$D$4:$G$83,4,0),0) -> 0 | AA14: 1 | AC14: 15 | AF14: =SUMIF(FLOAT!$D:$D,Cockpit!$E14:$E158,FLOAT!G:G) -> 0 | AG14: =SUMIF(FLOAT!$D:$D,Cockpit!$E14:$E158,FLOAT!H:H) -> 0 | AH14: =SUMIF(FLOAT!$D:$D,Cockpit!$E14:$E158,FLOAT!I:I) -> 0 | AI14: =SUMIF(FLOAT!$D:$D,Cockpit!$E14:$E158,FLOAT!J:J) -> 0 | AJ14: =SUMIF(FLOAT!$D:$D,Cockpit!$E14:$E158,FLOAT!K:K) -> 0 | AK14: =SUMIF(FLOAT!$D:$D,Cockpit!$E14:$E158,FLOAT!L:L) -> 0 | AL14: =SUMIF(FLOAT!$D:$D,Cockpit!$E14:$E158,FLOAT!M:M) -> 0 | AM14: =SUMIF(FLOAT!$D:$D,Cockpit!$E14:$E158,FLOAT!N:N) -> 0 | AN14: =SUMIF(FLOAT!$D:$D,Cockpit!$E14:$E158,FLOAT!O:O) -> 0 | AO14: =SUMIF(FLOAT!$D:$D,Cockpit!$E14:$E158,FLOAT!P:P) -> 0 | AP14: =AF14+AG14+AH14+AI14+AJ14+AK14+AM14+AN14+AO14 -> 0
C15: 544254630414 | D15: 544254600215 | E15: 54420226A | F15: Altroz XM + Diesel Sun-roof | G15: 0 | H15: =SUM(G15:G16) -> 0 | I15: 11 | J15: =Q15 -> 0 | K15: =SUM(R15:R16) -> 0 | L15: =H15-K15 -> 0 | M15: =I15+J15-K15 -> 11 | N15: =SUMIF('3 D P'!$D:$D,Cockpit!$E$5:$E$146,'3 D P'!L:L) -> 0 | O15: =SUMIF('3 D P'!$D:$D,Cockpit!$E$5:$E$146,'3 D P'!M:M) -> 0 | P15: =SUMIF('3 D P'!$D:$D,Cockpit!$E$5:$E$146,'3 D P'!N:N) -> 0 | Q15: =IFERROR(VLOOKUP($D15,'Aptiv Dispatch'!$A:$B,2,FALSE),0) -> 0 | R15: =SUMIF('Consumption MTD'!B:B,Cockpit!$E$5:$E$146,'Consumption MTD'!C:C) -> 0 | S15: =SUMIF('BIW Lifting A Shift'!$B:$B,Cockpit!$E$5:$E$146,'BIW Lifting A Shift'!C:C) -> 0 | T15: =SUMIF('BIW Lifting A Shift'!$B:$B,Cockpit!$E$5:$E$146,'BIW Lifting A Shift'!#REF!) -> #REF! | U15: =M15-X15-X16 -> 11 | V15: =M15-X15-X16-S15-S16 -> 11 | W15: =V15-SUM(T15:T16) -> #REF! | X15: =SUMIF(FLOAT!$D:$D,Cockpit!$E$5:$E$146,FLOAT!F:F) -> 0 | Y15: =IFERROR(VLOOKUP(E15,[4]Sheet1!$D$4:$G$83,4,0),0) -> 0 | Z15: =IFERROR(VLOOKUP(E15,'[5]Cockpit Main'!$D$4:$G$83,4,0),0) -> 0 | AA15: 3 | AC15: 21 | AF15: =SUMIF(FLOAT!$D:$D,Cockpit!$E15:$E159,FLOAT!G:G) -> 0 | AG15: =SUMIF(FLOAT!$D:$D,Cockpit!$E15:$E159,FLOAT!H:H) -> 0 | AH15: =SUMIF(FLOAT!$D:$D,Cockpit!$E15:$E159,FLOAT!I:I) -> 0 | AI15: =SUMIF(FLOAT!$D:$D,Cockpit!$E15:$E159,FLOAT!J:J) -> 0 | AJ15: =SUMIF(FLOAT!$D:$D,Cockpit!$E15:$E159,FLOAT!K:K) -> 0 | AK15: =SUMIF(FLOAT!$D:$D,Cockpit!$E15:$E159,FLOAT!L:L) -> 0 | AL15: =SUMIF(FLOAT!$D:$D,Cockpit!$E15:$E159,FLOAT!M:M) -> 0 | AM15: =SUMIF(FLOAT!$D:$D,Cockpit!$E15:$E159,FLOAT!N:N) -> 0 | AN15: =SUMIF(FLOAT!$D:$D,Cockpit!$E15:$E159,FLOAT!O:O) -> 0 | AO15: =SUMIF(FLOAT!$D:$D,Cockpit!$E15:$E159,FLOAT!P:P) -> 0 | AP15: =AF15+AG15+AH15+AI15+AJ15+AK15+AM15+AN15+AO15 -> 0
E16: 54426326A | F16: ALTROZ XM+(S) 1.2P MT BS6 | G16: 0 | N16: =SUMIF('3 D P'!$D:$D,Cockpit!$E$5:$E$146,'3 D P'!L:L) -> 0 | O16: =SUMIF('3 D P'!$D:$D,Cockpit!$E$5:$E$146,'3 D P'!M:M) -> 0 | P16: =SUMIF('3 D P'!$D:$D,Cockpit!$E$5:$E$146,'3 D P'!N:N) -> 0 | Q16: =IFERROR(VLOOKUP($D16,'Aptiv Dispatch'!$A:$B,2,FALSE),0) -> 0 | R16: =SUMIF('Consumption MTD'!B:B,Cockpit!$E$5:$E$146,'Consumption MTD'!C:C) -> 0 | S16: =SUMIF('BIW Lifting A Shift'!$B:$B,Cockpit!$E$5:$E$146,'BIW Lifting A Shift'!C:C) -> 0 | T16: =SUMIF('BIW Lifting A Shift'!$B:$B,Cockpit!$E$5:$E$146,'BIW Lifting A Shift'!#REF!) -> #REF! | X16: =SUMIF(FLOAT!$D:$D,Cockpit!$E$5:$E$146,FLOAT!F:F) -> 0 | Y16: =IFERROR(VLOOKUP(E16,[4]Sheet1!$D$4:$G$83,4,0),0) -> 0 | Z16: =IFERROR(VLOOKUP(E16,'[5]Cockpit Main'!$D$4:$G$83,4,0),0) -> 0 | AA16: 0 | AF16: =SUMIF(FLOAT!$D:$D,Cockpit!$E16:$E160,FLOAT!G:G) -> 0 | AG16: =SUMIF(FLOAT!$D:$D,Cockpit!$E16:$E160,FLOAT!H:H) -> 0 | AH16: =SUMIF(FLOAT!$D:$D,Cockpit!$E16:$E160,FLOAT!I:I) -> 0 | AI16: =SUMIF(FLOAT!$D:$D,Cockpit!$E16:$E160,FLOAT!J:J) -> 0 | AJ16: =SUMIF(FLOAT!$D:$D,Cockpit!$E16:$E160,FLOAT!K:K) -> 0 | AK16: =SUMIF(FLOAT!$D:$D,Cockpit!$E16:$E160,FLOAT!L:L) -> 0 | AL16: =SUMIF(FLOAT!$D:$D,Cockpit!$E16:$E160,FLOAT!M:M) -> 0 | AM16: =SUMIF(FLOAT!$D:$D,Cockpit!$E16:$E160,FLOAT!N:N) -> 0 | AN16: =SUMIF(FLOAT!$D:$D,Cockpit!$E16:$E160,FLOAT!O:O) -> 0 | AO16: =SUMIF(FLOAT!$D:$D,Cockpit!$E16:$E160,FLOAT!P:P) -> 0 | AP16: =AF16+AG16+AH16+AI16+AJ16+AK16+AM16+AN16+AO16 -> 0
C17: 544254600508 | D17: 544254600214 | E17: 54422326A | F17: ALTROZ XM + (S)1.2P BS6 PH2(REVARIANT) | G17: 0 | H17: =G17 -> 0 | I17: 0 | J17: =Q17 -> 0 | K17: =R17 -> 0 | L17: =H17-K17 -> 0 | M17: =I17+J17-K17 -> 0 | N17: =SUMIF('3 D P'!$D:$D,Cockpit!$E$5:$E$146,'3 D P'!L:L) -> 0 | O17: =SUMIF('3 D P'!$D:$D,Cockpit!$E$5:$E$146,'3 D P'!M:M) -> 0 | P17: =SUMIF('3 D P'!$D:$D,Cockpit!$E$5:$E$146,'3 D P'!N:N) -> 0 | Q17: =IFERROR(VLOOKUP($D17,'Aptiv Dispatch'!$A:$B,2,FALSE),0) -> 0 | R17: =SUMIF('Consumption MTD'!B:B,Cockpit!$E$5:$E$146,'Consumption MTD'!C:C) -> 0 | S17: =SUMIF('BIW Lifting A Shift'!$B:$B,Cockpit!$E$5:$E$146,'BIW Lifting A Shift'!C:C) -> 0 | T17: =SUMIF('BIW Lifting A Shift'!$B:$B,Cockpit!$E$5:$E$146,'BIW Lifting A Shift'!#REF!) -> #REF! | U17: =M17-X17 -> 0 | V17: =M17-S17-X17 -> 0 | W17: =V17-T17 -> #REF! | X17: =SUMIF(FLOAT!$D:$D,Cockpit!$E$5:$E$146,FLOAT!F:F) -> 0 | Y17: =IFERROR(VLOOKUP(E17,[4]Sheet1!$D$4:$G$83,4,0),0) -> 0 | Z17: =IFERROR(VLOOKUP(E17,'[5]Cockpit Main'!$D$4:$G$83,4,0),0) -> 0 | AA17: 0 | AC17: 26 | AF17: =SUMIF(FLOAT!$D:$D,Cockpit!$E17:$E161,FLOAT!G:G) -> 0 | AG17: =SUMIF(FLOAT!$D:$D,Cockpit!$E17:$E161,FLOAT!H:H) -> 0 | AH17: =SUMIF(FLOAT!$D:$D,Cockpit!$E17:$E161,FLOAT!I:I) -> 0 | AI17: =SUMIF(FLOAT!$D:$D,Cockpit!$E17:$E161,FLOAT!J:J) -> 0 | AJ17: =SUMIF(FLOAT!$D:$D,Cockpit!$E17:$E161,FLOAT!K:K) -> 0 | AK17: =SUMIF(FLOAT!$D:$D,Cockpit!$E17:$E161,FLOAT!L:L) -> 0 | AL17: =SUMIF(FLOAT!$D:$D,Cockpit!$E17:$E161,FLOAT!M:M) -> 0 | AM17: =SUMIF(FLOAT!$D:$D,Cockpit!$E17:$E161,FLOAT!N:N) -> 0 | AN17: =SUMIF(FLOAT!$D:$D,Cockpit!$E17:$E161,FLOAT!O:O) -> 0 | AO17: =SUMIF(FLOAT!$D:$D,Cockpit!$E17:$E161,FLOAT!P:P) -> 0 | AP17: =AF17+AG17+AH17+AI17+AJ17+AK17+AM17+AN17+AO17 -> 0
C18: 544254630421 | D18: 544254600216 | E18: 54426526A | F18: ALTROZ DCA XM+(S)1.2P BS6PH2 | G18: 0 | H18: =G18 -> 0 | I18: 0 | J18: =Q18 -> 0 | K18: =R18 -> 0 | L18: =H18-K18 -> 0 | M18: =I18+J18-K18 -> 0 | N18: =SUMIF('3 D P'!$D:$D,Cockpit!$E$5:$E$146,'3 D P'!L:L) -> 0 | O18: =SUMIF('3 D P'!$D:$D,Cockpit!$E$5:$E$146,'3 D P'!M:M) -> 0 | P18: =SUMIF('3 D P'!$D:$D,Cockpit!$E$5:$E$146,'3 D P'!N:N) -> 0 | Q18: =IFERROR(VLOOKUP($D18,'Aptiv Dispatch'!$A:$B,2,FALSE),0) -> 0 | R18: =SUMIF('Consumption MTD'!B:B,Cockpit!$E$5:$E$146,'Consumption MTD'!C:C) -> 0 | S18: =SUMIF('BIW Lifting A Shift'!$B:$B,Cockpit!$E$5:$E$146,'BIW Lifting A Shift'!C:C) -> 0 | T18: =SUMIF('BIW Lifting A Shift'!$B:$B,Cockpit!$E$5:$E$146,'BIW Lifting A Shift'!#REF!) -> #REF! | U18: =M18-X18 -> 0 | V18: =M18-S18-X18 -> 0 | W18: =V18-T18 -> #REF! | X18: =SUMIF(FLOAT!$D:$D,Cockpit!$E$5:$E$146,FLOAT!F:F) -> 0 | Y18: =IFERROR(VLOOKUP(E18,[4]Sheet1!$D$4:$G$83,4,0),0) -> 0 | Z18: =IFERROR(VLOOKUP(E18,'[5]Cockpit Main'!$D$4:$G$83,4,0),0) -> 0 | AA18: 2 | AC18: 15 | AF18: =SUMIF(FLOAT!$D:$D,Cockpit!$E18:$E162,FLOAT!G:G) -> 0 | AG18: =SUMIF(FLOAT!$D:$D,Cockpit!$E18:$E162,FLOAT!H:H) -> 0 | AH18: =SUMIF(FLOAT!$D:$D,Cockpit!$E18:$E162,FLOAT!I:I) -> 0 | AI18: =SUMIF(FLOAT!$D:$D,Cockpit!$E18:$E162,FLOAT!J:J) -> 0 | AJ18: =SUMIF(FLOAT!$D:$D,Cockpit!$E18:$E162,FLOAT!K:K) -> 0 | AK18: =SUMIF(FLOAT!$D:$D,Cockpit!$E18:$E162,FLOAT!L:L) -> 0 | AL18: =SUMIF(FLOAT!$D:$D,Cockpit!$E18:$E162,FLOAT!M:M) -> 0 | AM18: =SUMIF(FLOAT!$D:$D,Cockpit!$E18:$E162,FLOAT!N:N) -> 0 | AN18: =SUMIF(FLOAT!$D:$D,Cockpit!$E18:$E162,FLOAT!O:O) -> 0 | AO18: =SUMIF(FLOAT!$D:$D,Cockpit!$E18:$E162,FLOAT!P:P) -> 0 | AP18: =AF18+AG18+AH18+AI18+AJ18+AK18+AM18+AN18+AO18 -> 0
A19: 544254620253 | B19: 544254630163 | C19: 544254630255 | D19: 544254650108 | E19: 54420525A | F19: Altroz XT with FATC | G19: 0 | H19: =SUM(G19:G22) -> 0 | I19: 0 | J19: =Q19 -> 0 | K19: =SUM(R19:R22) -> 0 | L19: =H19-K19 -> 0 | M19: =I19+J19-K19 -> 0 | N19: =SUMIF('3 D P'!$D:$D,Cockpit!$E$5:$E$146,'3 D P'!L:L) -> 0 | O19: =SUMIF('3 D P'!$D:$D,Cockpit!$E$5:$E$146,'3 D P'!M:M) -> 0 | P19: =SUMIF('3 D P'!$D:$D,Cockpit!$E$5:$E$146,'3 D P'!N:N) -> 0 | Q19: =IFERROR(VLOOKUP($D19,'Aptiv Dispatch'!$A:$B,2,FALSE),0) -> 0 | R19: =SUMIF('Consumption MTD'!B:B,Cockpit!$E$5:$E$146,'Consumption MTD'!C:C) -> 0 | S19: =SUMIF('BIW Lifting A Shift'!$B:$B,Cockpit!$E$5:$E$146,'BIW Lifting A Shift'!C:C) -> 0 | T19: =SUMIF('BIW Lifting A Shift'!$B:$B,Cockpit!$E$5:$E$146,'BIW Lifting A Shift'!#REF!) -> #REF! | U19: =M19-X19-X20-X21-X22 -> 0 | V19: =M19-X19-X20-X21-X22-S19-S20-S21-S22 -> 0 | W19: =V19-SUM(T19:T22) -> #REF! | X19: =SUMIF(FLOAT!$D:$D,Cockpit!$E$5:$E$146,FLOAT!F:F) -> 0 | Y19: =IFERROR(VLOOKUP(E19,[4]Sheet1!$D$4:$G$83,4,0),0) -> 0 | Z19: =IFERROR(VLOOKUP(E19,'[5]Cockpit Main'!$D$4:$G$83,4,0),0) -> 0 | AA19: 2 | AC19: 1 | AF19: =SUMIF(FLOAT!$D:$D,Cockpit!$E19:$E163,FLOAT!G:G) -> 0 | AG19: =SUMIF(FLOAT!$D:$D,Cockpit!$E19:$E163,FLOAT!H:H) -> 0 | AH19: =SUMIF(FLOAT!$D:$D,Cockpit!$E19:$E163,FLOAT!I:I) -> 0 | AI19: =SUMIF(FLOAT!$D:$D,Cockpit!$E19:$E163,FLOAT!J:J) -> 0 | AJ19: =SUMIF(FLOAT!$D:$D,Cockpit!$E19:$E163,FLOAT!K:K) -> 0 | AK19: =SUMIF(FLOAT!$D:$D,Cockpit!$E19:$E163,FLOAT!L:L) -> 0 | AL19: =SUMIF(FLOAT!$D:$D,Cockpit!$E19:$E163,FLOAT!M:M) -> 0 | AM19: =SUMIF(FLOAT!$D:$D,Cockpit!$E19:$E163,FLOAT!N:N) -> 0 | AN19: =SUMIF(FLOAT!$D:$D,Cockpit!$E19:$E163,FLOAT!O:O) -> 0 | AO19: =SUMIF(FLOAT!$D:$D,Cockpit!$E19:$E163,FLOAT!P:P) -> 0 | AP19: =AF19+AG19+AH19+AI19+AJ19+AK19+AM19+AN19+AO19 -> 0
E20: 54420925A | G20: 0 | N20: =SUMIF('3 D P'!$D:$D,Cockpit!$E$5:$E$146,'3 D P'!L:L) -> 0 | O20: =SUMIF('3 D P'!$D:$D,Cockpit!$E$5:$E$146,'3 D P'!M:M) -> 0 | P20: =SUMIF('3 D P'!$D:$D,Cockpit!$E$5:$E$146,'3 D P'!N:N) -> 0 | Q20: =IFERROR(VLOOKUP($D20,'Aptiv Dispatch'!$A:$B,2,FALSE),0) -> 0 | R20: =SUMIF('Consumption MTD'!B:B,Cockpit!$E$5:$E$146,'Consumption MTD'!C:C) -> 0 | S20: =SUMIF('BIW Lifting A Shift'!$B:$B,Cockpit!$E$5:$E$146,'BIW Lifting A Shift'!C:C) -> 0 | T20: =SUMIF('BIW Lifting A Shift'!$B:$B,Cockpit!$E$5:$E$146,'BIW Lifting A Shift'!#REF!) -> #REF! | X20: =SUMIF(FLOAT!$D:$D,Cockpit!$E$5:$E$146,FLOAT!F:F) -> 0 | Y20: =IFERROR(VLOOKUP(E20,[4]Sheet1!$D$4:$G$83,4,0),0) -> 0 | Z20: =IFERROR(VLOOKUP(E20,'[5]Cockpit Main'!$D$4:$G$83,4,0),0) -> 0 | AA20: 0 | AF20: =SUMIF(FLOAT!$D:$D,Cockpit!$E20:$E164,FLOAT!G:G) -> 0 | AG20: =SUMIF(FLOAT!$D:$D,Cockpit!$E20:$E164,FLOAT!H:H) -> 0 | AH20: =SUMIF(FLOAT!$D:$D,Cockpit!$E20:$E164,FLOAT!I:I) -> 0 | AI20: =SUMIF(FLOAT!$D:$D,Cockpit!$E20:$E164,FLOAT!J:J) -> 0 | AJ20: =SUMIF(FLOAT!$D:$D,Cockpit!$E20:$E164,FLOAT!K:K) -> 0 | AK20: =SUMIF(FLOAT!$D:$D,Cockpit!$E20:$E164,FLOAT!L:L) -> 0 | AL20: =SUMIF(FLOAT!$D:$D,Cockpit!$E20:$E164,FLOAT!M:M) -> 0 | AM20: =SUMIF(FLOAT!$D:$D,Cockpit!$E20:$E164,FLOAT!N:N) -> 0 | AN20: =SUMIF(FLOAT!$D:$D,Cockpit!$E20:$E164,FLOAT!O:O) -> 0 | AO20: =SUMIF(FLOAT!$D:$D,Cockpit!$E20:$E164,FLOAT!P:P) -> 0 | AP20: =AF20+AG20+AH20+AI20+AJ20+AK20+AM20+AN20+AO20 -> 0
E21: 54422125A | G21: 0 | N21: =SUMIF('3 D P'!$D:$D,Cockpit!$E$5:$E$146,'3 D P'!L:L) -> 0 | O21: =SUMIF('3 D P'!$D:$D,Cockpit!$E$5:$E$146,'3 D P'!M:M) -> 0 | P21: =SUMIF('3 D P'!$D:$D,Cockpit!$E$5:$E$146,'3 D P'!N:N) -> 0 | Q21: =IFERROR(VLOOKUP($D21,'Aptiv Dispatch'!$A:$B,2,FALSE),0) -> 0 | R21: =SUMIF('Consumption MTD'!B:B,Cockpit!$E$5:$E$146,'Consumption MTD'!C:C) -> 0 | S21: =SUMIF('BIW Lifting A Shift'!$B:$B,Cockpit!$E$5:$E$146,'BIW Lifting A Shift'!C:C) -> 0 | T21: =SUMIF('BIW Lifting A Shift'!$B:$B,Cockpit!$E$5:$E$146,'BIW Lifting A Shift'!#REF!) -> #REF! | X21: =SUMIF(FLOAT!$D:$D,Cockpit!$E$5:$E$146,FLOAT!F:F) -> 0 | Y21: =IFERROR(VLOOKUP(E21,[4]Sheet1!$D$4:$G$83,4,0),0) -> 0 | Z21: =IFERROR(VLOOKUP(E21,'[5]Cockpit Main'!$D$4:$G$83,4,0),0) -> 0 | AA21: 0 | AF21: =SUMIF(FLOAT!$D:$D,Cockpit!$E21:$E165,FLOAT!G:G) -> 0 | AG21: =SUMIF(FLOAT!$D:$D,Cockpit!$E21:$E165,FLOAT!H:H) -> 0 | AH21: =SUMIF(FLOAT!$D:$D,Cockpit!$E21:$E165,FLOAT!I:I) -> 0 | AI21: =SUMIF(FLOAT!$D:$D,Cockpit!$E21:$E165,FLOAT!J:J) -> 0 | AJ21: =SUMIF(FLOAT!$D:$D,Cockpit!$E21:$E165,FLOAT!K:K) -> 0 | AK21: =SUMIF(FLOAT!$D:$D,Cockpit!$E21:$E165,FLOAT!L:L) -> 0 | AL21: =SUMIF(FLOAT!$D:$D,Cockpit!$E21:$E165,FLOAT!M:M) -> 0 | AM21: =SUMIF(FLOAT!$D:$D,Cockpit!$E21:$E165,FLOAT!N:N) -> 0 | AN21: =SUMIF(FLOAT!$D:$D,Cockpit!$E21:$E165,FLOAT!O:O) -> 0 | AO21: =SUMIF(FLOAT!$D:$D,Cockpit!$E21:$E165,FLOAT!P:P) -> 0 | AP21: =AF21+AG21+AH21+AI21+AJ21+AK21+AM21+AN21+AO21 -> 0
E22: 54425325A | G22: 0 | N22: =SUMIF('3 D P'!$D:$D,Cockpit!$E$5:$E$146,'3 D P'!L:L) -> 0 | O22: =SUMIF('3 D P'!$D:$D,Cockpit!$E$5:$E$146,'3 D P'!M:M) -> 0 | P22: =SUMIF('3 D P'!$D:$D,Cockpit!$E$5:$E$146,'3 D P'!N:N) -> 0 | Q22: =IFERROR(VLOOKUP($D22,'Aptiv Dispatch'!$A:$B,2,FALSE),0) -> 0 | R22: =SUMIF('Consumption MTD'!B:B,Cockpit!$E$5:$E$146,'Consumption MTD'!C:C) -> 0 | S22: =SUMIF('BIW Lifting A Shift'!$B:$B,Cockpit!$E$5:$E$146,'BIW Lifting A Shift'!C:C) -> 0 | T22: =SUMIF('BIW Lifting A Shift'!$B:$B,Cockpit!$E$5:$E$146,'BIW Lifting A Shift'!#REF!) -> #REF! | X22: =SUMIF(FLOAT!$D:$D,Cockpit!$E$5:$E$146,FLOAT!F:F) -> 0 | Y22: =IFERROR(VLOOKUP(E22,[4]Sheet1!$D$4:$G$83,4,0),0) -> 0 | Z22: =IFERROR(VLOOKUP(E22,'[5]Cockpit Main'!$D$4:$G$83,4,0),0) -> 0 | AA22: 0 | AF22: =SUMIF(FLOAT!$D:$D,Cockpit!$E22:$E166,FLOAT!G:G) -> 0 | AG22: =SUMIF(FLOAT!$D:$D,Cockpit!$E22:$E166,FLOAT!H:H) -> 0 | AH22: =SUMIF(FLOAT!$D:$D,Cockpit!$E22:$E166,FLOAT!I:I) -> 0 | AI22: =SUMIF(FLOAT!$D:$D,Cockpit!$E22:$E166,FLOAT!J:J) -> 0 | AJ22: =SUMIF(FLOAT!$D:$D,Cockpit!$E22:$E166,FLOAT!K:K) -> 0 | AK22: =SUMIF(FLOAT!$D:$D,Cockpit!$E22:$E166,FLOAT!L:L) -> 0 | AL22: =SUMIF(FLOAT!$D:$D,Cockpit!$E22:$E166,FLOAT!M:M) -> 0 | AM22: =SUMIF(FLOAT!$D:$D,Cockpit!$E22:$E166,FLOAT!N:N) -> 0 | AN22: =SUMIF(FLOAT!$D:$D,Cockpit!$E22:$E166,FLOAT!O:O) -> 0 | AO22: =SUMIF(FLOAT!$D:$D,Cockpit!$E22:$E166,FLOAT!P:P) -> 0 | AP22: =AF22+AG22+AH22+AI22+AJ22+AK22+AM22+AN22+AO22 -> 0
C23: 544254600510 | D23: 544254650107 | E23: 54421926A | F23: ALTROZ XT 1.2 P BS6 PH2 (REVARIANT) | G23: 0 | H23: =G23 -> 0 | I23: 0 | J23: =Q23 -> 0 | K23: =R23 -> 0 | L23: =H23-K23 -> 0 | M23: =I23+J23-K23 -> 0 | N23: =SUMIF('3 D P'!$D:$D,Cockpit!$E$5:$E$146,'3 D P'!L:L) -> 0 | O23: =SUMIF('3 D P'!$D:$D,Cockpit!$E$5:$E$146,'3 D P'!M:M) -> 0 | P23: =SUMIF('3 D P'!$D:$D,Cockpit!$E$5:$E$146,'3 D P'!N:N) -> 0 | Q23: =IFERROR(VLOOKUP($D23,'Aptiv Dispatch'!$A:$B,2,FALSE),0) -> 0 | R23: =SUMIF('Consumption MTD'!B:B,Cockpit!$E$5:$E$146,'Consumption MTD'!C:C) -> 0 | S23: =SUMIF('BIW Lifting A Shift'!$B:$B,Cockpit!$E$5:$E$146,'BIW Lifting A Shift'!C:C) -> 0 | T23: =SUMIF('BIW Lifting A Shift'!$B:$B,Cockpit!$E$5:$E$146,'BIW Lifting A Shift'!#REF!) -> #REF! | U23: =M23-X23 -> 0 | V23: =M23-S23-X23 -> 0 | W23: =V23-T23 -> #REF! | X23: =SUMIF(FLOAT!$D:$D,Cockpit!$E$5:$E$146,FLOAT!F:F) -> 0 | Y23: =IFERROR(VLOOKUP(E23,[4]Sheet1!$D$4:$G$83,4,0),0) -> 0 | Z23: =IFERROR(VLOOKUP(E23,'[5]Cockpit Main'!$D$4:$G$83,4,0),0) -> 0 | AA23: 3 | AC23: 5 | AF23: =SUMIF(FLOAT!$D:$D,Cockpit!$E23:$E167,FLOAT!G:G) -> 0 | AG23: =SUMIF(FLOAT!$D:$D,Cockpit!$E23:$E167,FLOAT!H:H) -> 0 | AH23: =SUMIF(FLOAT!$D:$D,Cockpit!$E23:$E167,FLOAT!I:I) -> 0 | AI23: =SUMIF(FLOAT!$D:$D,Cockpit!$E23:$E167,FLOAT!J:J) -> 0 | AJ23: =SUMIF(FLOAT!$D:$D,Cockpit!$E23:$E167,FLOAT!K:K) -> 0 | AK23: =SUMIF(FLOAT!$D:$D,Cockpit!$E23:$E167,FLOAT!L:L) -> 0 | AL23: =SUMIF(FLOAT!$D:$D,Cockpit!$E23:$E167,FLOAT!M:M) -> 0 | AM23: =SUMIF(FLOAT!$D:$D,Cockpit!$E23:$E167,FLOAT!N:N) -> 0 | AN23: =SUMIF(FLOAT!$D:$D,Cockpit!$E23:$E167,FLOAT!O:O) -> 0 | AO23: =SUMIF(FLOAT!$D:$D,Cockpit!$E23:$E167,FLOAT!P:P) -> 0 | AP23: =AF23+AG23+AH23+AI23+AJ23+AK23+AM23+AN23+AO23 -> 0
A24: 544246200392 | B24: 544254630258 | C24: 544254630265 | D24: 544254650109 | E24: 54421725A | F24: Altroz XT DCT, XT DCT DARK | G24: 0 | H24: =SUM(G24:G25) -> 0 | I24: 0 | J24: =Q24 -> 0 | K24: =SUM(R24:R25) -> 0 | L24: =H24-K24 -> 0 | M24: =I24+J24-K24 -> 0 | N24: =SUMIF('3 D P'!$D:$D,Cockpit!$E$5:$E$146,'3 D P'!L:L) -> 0 | O24: =SUMIF('3 D P'!$D:$D,Cockpit!$E$5:$E$146,'3 D P'!M:M) -> 0 | P24: =SUMIF('3 D P'!$D:$D,Cockpit!$E$5:$E$146,'3 D P'!N:N) -> 0 | Q24: =IFERROR(VLOOKUP($D24,'Aptiv Dispatch'!$A:$B,2,FALSE),0) -> 0 | R24: =SUMIF('Consumption MTD'!B:B,Cockpit!$E$5:$E$146,'Consumption MTD'!C:C) -> 0 | S24: =SUMIF('BIW Lifting A Shift'!$B:$B,Cockpit!$E$5:$E$146,'BIW Lifting A Shift'!C:C) -> 0 | T24: =SUMIF('BIW Lifting A Shift'!$B:$B,Cockpit!$E$5:$E$146,'BIW Lifting A Shift'!#REF!) -> #REF! | U24: =M24-X24-X25 -> 0 | V24: =M24-X24-X25-S24-S25 -> 0 | W24: =V24-SUM(T24:T25) -> #REF! | X24: =SUMIF(FLOAT!$D:$D,Cockpit!$E$5:$E$146,FLOAT!F:F) -> 0 | Y24: =IFERROR(VLOOKUP(E24,[4]Sheet1!$D$4:$G$83,4,0),0) -> 0 | Z24: =IFERROR(VLOOKUP(E24,'[5]Cockpit Main'!$D$4:$G$83,4,0),0) -> 0 | AA24: 3 | AC24: 33 | AF24: =SUMIF(FLOAT!$D:$D,Cockpit!$E24:$E168,FLOAT!G:G) -> 0 | AG24: =SUMIF(FLOAT!$D:$D,Cockpit!$E24:$E168,FLOAT!H:H) -> 0 | AH24: =SUMIF(FLOAT!$D:$D,Cockpit!$E24:$E168,FLOAT!I:I) -> 0 | AI24: =SUMIF(FLOAT!$D:$D,Cockpit!$E24:$E168,FLOAT!J:J) -> 0 | AJ24: =SUMIF(FLOAT!$D:$D,Cockpit!$E24:$E168,FLOAT!K:K) -> 0 | AK24: =SUMIF(FLOAT!$D:$D,Cockpit!$E24:$E168,FLOAT!L:L) -> 0 | AL24: =SUMIF(FLOAT!$D:$D,Cockpit!$E24:$E168,FLOAT!M:M) -> 0 | AM24: =SUMIF(FLOAT!$D:$D,Cockpit!$E24:$E168,FLOAT!N:N) -> 0 | AN24: =SUMIF(FLOAT!$D:$D,Cockpit!$E24:$E168,FLOAT!O:O) -> 0 | AO24: =SUMIF(FLOAT!$D:$D,Cockpit!$E24:$E168,FLOAT!P:P) -> 0 | AP24: =AF24+AG24+AH24+AI24+AJ24+AK24+AM24+AN24+AO24 -> 0
E25: 54425525A | G25: 0 | N25: =SUMIF('3 D P'!$D:$D,Cockpit!$E$5:$E$146,'3 D P'!L:L) -> 0 | O25: =SUMIF('3 D P'!$D:$D,Cockpit!$E$5:$E$146,'3 D P'!M:M) -> 0 | P25: =SUMIF('3 D P'!$D:$D,Cockpit!$E$5:$E$146,'3 D P'!N:N) -> 0 | Q25: =IFERROR(VLOOKUP($D25,'Aptiv Dispatch'!$A:$B,2,FALSE),0) -> 0 | R25: =SUMIF('Consumption MTD'!B:B,Cockpit!$E$5:$E$146,'Consumption MTD'!C:C) -> 0 | S25: =SUMIF('BIW Lifting A Shift'!$B:$B,Cockpit!$E$5:$E$146,'BIW Lifting A Shift'!C:C) -> 0 | T25: =SUMIF('BIW Lifting A Shift'!$B:$B,Cockpit!$E$5:$E$146,'BIW Lifting A Shift'!#REF!) -> #REF! | X25: =SUMIF(FLOAT!$D:$D,Cockpit!$E$5:$E$146,FLOAT!F:F) -> 0 | Y25: =IFERROR(VLOOKUP(E25,[4]Sheet1!$D$4:$G$83,4,0),0) -> 0 | Z25: =IFERROR(VLOOKUP(E25,'[5]Cockpit Main'!$D$4:$G$83,4,0),0) -> 0 | AA25: 0 | AF25: =SUMIF(FLOAT!$D:$D,Cockpit!$E25:$E169,FLOAT!G:G) -> 0 | AG25: =SUMIF(FLOAT!$D:$D,Cockpit!$E25:$E169,FLOAT!H:H) -> 0 | AH25: =SUMIF(FLOAT!$D:$D,Cockpit!$E25:$E169,FLOAT!I:I) -> 0 | AI25: =SUMIF(FLOAT!$D:$D,Cockpit!$E25:$E169,FLOAT!J:J) -> 0 | AJ25: =SUMIF(FLOAT!$D:$D,Cockpit!$E25:$E169,FLOAT!K:K) -> 0 | AK25: =SUMIF(FLOAT!$D:$D,Cockpit!$E25:$E169,FLOAT!L:L) -> 0 | AL25: =SUMIF(FLOAT!$D:$D,Cockpit!$E25:$E169,FLOAT!M:M) -> 0 | AM25: =SUMIF(FLOAT!$D:$D,Cockpit!$E25:$E169,FLOAT!N:N) -> 0 | AN25: =SUMIF(FLOAT!$D:$D,Cockpit!$E25:$E169,FLOAT!O:O) -> 0 | AO25: =SUMIF(FLOAT!$D:$D,Cockpit!$E25:$E169,FLOAT!P:P) -> 0 | AP25: =AF25+AG25+AH25+AI25+AJ25+AK25+AM25+AN25+AO25 -> 0
A26: 544254630222 | B26: 544254630165 | C26: 544254630254 | D26: 544254650110 | E26: 54420625A | F26: ALTROZ XZ1.5RTQ MT BS6PH2 | G26: 0 | H26: =SUM(G26:G28) -> 0 | I26: 0 | J26: =Q26 -> 0 | K26: =SUM(R26:R28) -> 0 | L26: =H26-K26 -> 0 | M26: =I26+J26-K26 -> 0 | N26: =SUMIF('3 D P'!$D:$D,Cockpit!$E$5:$E$146,'3 D P'!L:L) -> 0 | O26: =SUMIF('3 D P'!$D:$D,Cockpit!$E$5:$E$146,'3 D P'!M:M) -> 0 | P26: =SUMIF('3 D P'!$D:$D,Cockpit!$E$5:$E$146,'3 D P'!N:N) -> 0 | Q26: =IFERROR(VLOOKUP($D26,'Aptiv Dispatch'!$A:$B,2,FALSE),0) -> 0 | R26: =SUMIF('Consumption MTD'!B:B,Cockpit!$E$5:$E$146,'Consumption MTD'!C:C) -> 0 | S26: =SUMIF('BIW Lifting A Shift'!$B:$B,Cockpit!$E$5:$E$146,'BIW Lifting A Shift'!C:C) -> 0 | T26: =SUMIF('BIW Lifting A Shift'!$B:$B,Cockpit!$E$5:$E$146,'BIW Lifting A Shift'!#REF!) -> #REF! | U26: =M26-X26-X27-X28 -> 0 | V26: =M26-X26-X27-X28-S26-S27-S28 -> 0 | W26: =V26-SUM(T26:T28) -> #REF! | X26: =SUMIF(FLOAT!$D:$D,Cockpit!$E$5:$E$146,FLOAT!F:F) -> 0 | Y26: =IFERROR(VLOOKUP(E26,[4]Sheet1!$D$4:$G$83,4,0),0) -> 0 | Z26: =IFERROR(VLOOKUP(E26,'[5]Cockpit Main'!$D$4:$G$83,4,0),0) -> 0 | AA26: 5 | AC26: 39 | AF26: =SUMIF(FLOAT!$D:$D,Cockpit!$E26:$E170,FLOAT!G:G) -> 0 | AG26: =SUMIF(FLOAT!$D:$D,Cockpit!$E26:$E170,FLOAT!H:H) -> 0 | AH26: =SUMIF(FLOAT!$D:$D,Cockpit!$E26:$E170,FLOAT!I:I) -> 0 | AI26: =SUMIF(FLOAT!$D:$D,Cockpit!$E26:$E170,FLOAT!J:J) -> 0 | AJ26: =SUMIF(FLOAT!$D:$D,Cockpit!$E26:$E170,FLOAT!K:K) -> 0 | AK26: =SUMIF(FLOAT!$D:$D,Cockpit!$E26:$E170,FLOAT!L:L) -> 0 | AL26: =SUMIF(FLOAT!$D:$D,Cockpit!$E26:$E170,FLOAT!M:M) -> 0 | AM26: =SUMIF(FLOAT!$D:$D,Cockpit!$E26:$E170,FLOAT!N:N) -> 0 | AN26: =SUMIF(FLOAT!$D:$D,Cockpit!$E26:$E170,FLOAT!O:O) -> 0 | AO26: =SUMIF(FLOAT!$D:$D,Cockpit!$E26:$E170,FLOAT!P:P) -> 0 | AP26: =AF26+AG26+AH26+AI26+AJ26+AK26+AM26+AN26+AO26 -> 0
E27: 54425425A | G27: 0 | N27: =SUMIF('3 D P'!$D:$D,Cockpit!$E$5:$E$146,'3 D P'!L:L) -> 0 | O27: =SUMIF('3 D P'!$D:$D,Cockpit!$E$5:$E$146,'3 D P'!M:M) -> 0 | P27: =SUMIF('3 D P'!$D:$D,Cockpit!$E$5:$E$146,'3 D P'!N:N) -> 0 | Q27: =IFERROR(VLOOKUP($D27,'Aptiv Dispatch'!$A:$B,2,FALSE),0) -> 0 | R27: =SUMIF('Consumption MTD'!B:B,Cockpit!$E$5:$E$146,'Consumption MTD'!C:C) -> 0 | S27: =SUMIF('BIW Lifting A Shift'!$B:$B,Cockpit!$E$5:$E$146,'BIW Lifting A Shift'!C:C) -> 0 | T27: =SUMIF('BIW Lifting A Shift'!$B:$B,Cockpit!$E$5:$E$146,'BIW Lifting A Shift'!#REF!) -> #REF! | X27: =SUMIF(FLOAT!$D:$D,Cockpit!$E$5:$E$146,FLOAT!F:F) -> 0 | Y27: =IFERROR(VLOOKUP(E27,[4]Sheet1!$D$4:$G$83,4,0),0) -> 0 | Z27: =IFERROR(VLOOKUP(E27,'[5]Cockpit Main'!$D$4:$G$83,4,0),0) -> 0 | AA27: 0 | AF27: =SUMIF(FLOAT!$D:$D,Cockpit!$E27:$E171,FLOAT!G:G) -> 0 | AG27: =SUMIF(FLOAT!$D:$D,Cockpit!$E27:$E171,FLOAT!H:H) -> 0 | AH27: =SUMIF(FLOAT!$D:$D,Cockpit!$E27:$E171,FLOAT!I:I) -> 0 | AI27: =SUMIF(FLOAT!$D:$D,Cockpit!$E27:$E171,FLOAT!J:J) -> 0 | AJ27: =SUMIF(FLOAT!$D:$D,Cockpit!$E27:$E171,FLOAT!K:K) -> 0 | AK27: =SUMIF(FLOAT!$D:$D,Cockpit!$E27:$E171,FLOAT!L:L) -> 0 | AL27: =SUMIF(FLOAT!$D:$D,Cockpit!$E27:$E171,FLOAT!M:M) -> 0 | AM27: =SUMIF(FLOAT!$D:$D,Cockpit!$E27:$E171,FLOAT!N:N) -> 0 | AN27: =SUMIF(FLOAT!$D:$D,Cockpit!$E27:$E171,FLOAT!O:O) -> 0 | AO27: =SUMIF(FLOAT!$D:$D,Cockpit!$E27:$E171,FLOAT!P:P) -> 0 | AP27: =AF27+AG27+AH27+AI27+AJ27+AK27+AM27+AN27+AO27 -> 0
E28: 54425925A | G28: 0 | N28: =SUMIF('3 D P'!$D:$D,Cockpit!$E$5:$E$146,'3 D P'!L:L) -> 0 | O28: =SUMIF('3 D P'!$D:$D,Cockpit!$E$5:$E$146,'3 D P'!M:M) -> 0 | P28: =SUMIF('3 D P'!$D:$D,Cockpit!$E$5:$E$146,'3 D P'!N:N) -> 0 | Q28: =IFERROR(VLOOKUP($D28,'Aptiv Dispatch'!$A:$B,2,FALSE),0) -> 0 | R28: =SUMIF('Consumption MTD'!B:B,Cockpit!$E$5:$E$146,'Consumption MTD'!C:C) -> 0 | S28: =SUMIF('BIW Lifting A Shift'!$B:$B,Cockpit!$E$5:$E$146,'BIW Lifting A Shift'!C:C) -> 0 | T28: =SUMIF('BIW Lifting A Shift'!$B:$B,Cockpit!$E$5:$E$146,'BIW Lifting A Shift'!#REF!) -> #REF! | X28: =SUMIF(FLOAT!$D:$D,Cockpit!$E$5:$E$146,FLOAT!F:F) -> 0 | Y28: =IFERROR(VLOOKUP(E28,[4]Sheet1!$D$4:$G$83,4,0),0) -> 0 | Z28: =IFERROR(VLOOKUP(E28,'[5]Cockpit Main'!$D$4:$G$83,4,0),0) -> 0 | AA28: 0 | AF28: =SUMIF(FLOAT!$D:$D,Cockpit!$E28:$E172,FLOAT!G:G) -> 0 | AG28: =SUMIF(FLOAT!$D:$D,Cockpit!$E28:$E172,FLOAT!H:H) -> 0 | AH28: =SUMIF(FLOAT!$D:$D,Cockpit!$E28:$E172,FLOAT!I:I) -> 0 | AI28: =SUMIF(FLOAT!$D:$D,Cockpit!$E28:$E172,FLOAT!J:J) -> 0 | AJ28: =SUMIF(FLOAT!$D:$D,Cockpit!$E28:$E172,FLOAT!K:K) -> 0 | AK28: =SUMIF(FLOAT!$D:$D,Cockpit!$E28:$E172,FLOAT!L:L) -> 0 | AL28: =SUMIF(FLOAT!$D:$D,Cockpit!$E28:$E172,FLOAT!M:M) -> 0 | AM28: =SUMIF(FLOAT!$D:$D,Cockpit!$E28:$E172,FLOAT!N:N) -> 0 | AN28: =SUMIF(FLOAT!$D:$D,Cockpit!$E28:$E172,FLOAT!O:O) -> 0 | AO28: =SUMIF(FLOAT!$D:$D,Cockpit!$E28:$E172,FLOAT!P:P) -> 0 | AP28: =AF28+AG28+AH28+AI28+AJ28+AK28+AM28+AN28+AO28 -> 0
A29: 544246200220 | B29: 544254630259 | C29: 544254630264 | D29: 544254630115 | E29: 54425625A | F29: Altroz XZ DCT | G29: 0 | H29: =G29 -> 0 | I29: 0 | J29: =Q29 -> 0 | K29: =R29 -> 0 | L29: =H29-K29 -> 0 | M29: =I29+J29-K29 -> 0 | N29: =SUMIF('3 D P'!$D:$D,Cockpit!$E$5:$E$146,'3 D P'!L:L) -> 0 | O29: =SUMIF('3 D P'!$D:$D,Cockpit!$E$5:$E$146,'3 D P'!M:M) -> 0 | P29: =SUMIF('3 D P'!$D:$D,Cockpit!$E$5:$E$146,'3 D P'!N:N) -> 0 | Q29: =IFERROR(VLOOKUP($D29,'Aptiv Dispatch'!$A:$B,2,FALSE),0) -> 0 | R29: =SUMIF('Consumption MTD'!B:B,Cockpit!$E$5:$E$146,'Consumption MTD'!C:C) -> 0 | S29: =SUMIF('BIW Lifting A Shift'!$B:$B,Cockpit!$E$5:$E$146,'BIW Lifting A Shift'!C:C) -> 0 | T29: =SUMIF('BIW Lifting A Shift'!$B:$B,Cockpit!$E$5:$E$146,'BIW Lifting A Shift'!#REF!) -> #REF! | U29: =M29-X29 -> 0 | V29: =M29-S29-X29 -> 0 | W29: =V29-T29 -> #REF! | X29: =SUMIF(FLOAT!$D:$D,Cockpit!$E$5:$E$146,FLOAT!F:F) -> 0 | Y29: =IFERROR(VLOOKUP(E29,[4]Sheet1!$D$4:$G$83,4,0),0) -> 0 | Z29: =IFERROR(VLOOKUP(E29,'[5]Cockpit Main'!$D$4:$G$83,4,0),0) -> 0 | AA29: 5 | AC29: 12 | AF29: =SUMIF(FLOAT!$D:$D,Cockpit!$E29:$E173,FLOAT!G:G) -> 0 | AG29: =SUMIF(FLOAT!$D:$D,Cockpit!$E29:$E173,FLOAT!H:H) -> 0 | AH29: =SUMIF(FLOAT!$D:$D,Cockpit!$E29:$E173,FLOAT!I:I) -> 0 | AI29: =SUMIF(FLOAT!$D:$D,Cockpit!$E29:$E173,FLOAT!J:J) -> 0 | AJ29: =SUMIF(FLOAT!$D:$D,Cockpit!$E29:$E173,FLOAT!K:K) -> 0 | AK29: =SUMIF(FLOAT!$D:$D,Cockpit!$E29:$E173,FLOAT!L:L) -> 0 | AL29: =SUMIF(FLOAT!$D:$D,Cockpit!$E29:$E173,FLOAT!M:M) -> 0 | AM29: =SUMIF(FLOAT!$D:$D,Cockpit!$E29:$E173,FLOAT!N:N) -> 0 | AN29: =SUMIF(FLOAT!$D:$D,Cockpit!$E29:$E173,FLOAT!O:O) -> 0 | AO29: =SUMIF(FLOAT!$D:$D,Cockpit!$E29:$E173,FLOAT!P:P) -> 0 | AP29: =AF29+AG29+AH29+AI29+AJ29+AK29+AM29+AN29+AO29 -> 0
A30: 544254620372 | C30: 544254630435 | D30: 544254630435 | E30: 54420825A | F30: Altroz XZ+, XZ+ DARK, XZ+ TC | G30: 0 | H30: =SUM(G30:G36) -> 0 | I30: 0 | J30: =Q30 -> 0 | K30: =SUM(R30:R36) -> 0 | L30: =H30-K30 -> 0 | M30: =I30+J30-K30 -> 0 | N30: =SUMIF('3 D P'!$D:$D,Cockpit!$E$5:$E$146,'3 D P'!L:L) -> 0 | O30: =SUMIF('3 D P'!$D:$D,Cockpit!$E$5:$E$146,'3 D P'!M:M) -> 0 | P30: =SUMIF('3 D P'!$D:$D,Cockpit!$E$5:$E$146,'3 D P'!N:N) -> 0 | Q30: =IFERROR(VLOOKUP($D30,'Aptiv Dispatch'!$A:$B,2,FALSE),0) -> 0 | R30: =SUMIF('Consumption MTD'!B:B,Cockpit!$E$5:$E$146,'Consumption MTD'!C:C) -> 0 | S30: =SUMIF('BIW Lifting A Shift'!$B:$B,Cockpit!$E$5:$E$146,'BIW Lifting A Shift'!C:C) -> 0 | T30: =SUMIF('BIW Lifting A Shift'!$B:$B,Cockpit!$E$5:$E$146,'BIW Lifting A Shift'!#REF!) -> #REF! | U30: =M30-X30-X31-X32-X33-X34-X35-X36 -> 0 | V30: =M30-SUM(X30:X36)-SUM(S30:S36) -> 0 | W30: =V30-SUM(T30:T36) -> #REF! | X30: =SUMIF(FLOAT!$D:$D,Cockpit!$E$5:$E$146,FLOAT!F:F) -> 0 | Y30: =IFERROR(VLOOKUP(E30,[4]Sheet1!$D$4:$G$83,4,0),0) -> 0 | Z30: =IFERROR(VLOOKUP(E30,'[5]Cockpit Main'!$D$4:$G$83,4,0),0) -> 0 | AA30: 0 | AC30: 0 | AF30: =SUMIF(FLOAT!$D:$D,Cockpit!$E30:$E174,FLOAT!G:G) -> 0 | AG30: =SUMIF(FLOAT!$D:$D,Cockpit!$E30:$E174,FLOAT!H:H) -> 0 | AH30: =SUMIF(FLOAT!$D:$D,Cockpit!$E30:$E174,FLOAT!I:I) -> 0 | AI30: =SUMIF(FLOAT!$D:$D,Cockpit!$E30:$E174,FLOAT!J:J) -> 0 | AJ30: =SUMIF(FLOAT!$D:$D,Cockpit!$E30:$E174,FLOAT!K:K) -> 0 | AK30: =SUMIF(FLOAT!$D:$D,Cockpit!$E30:$E174,FLOAT!L:L) -> 0 | AL30: =SUMIF(FLOAT!$D:$D,Cockpit!$E30:$E174,FLOAT!M:M) -> 0 | AM30: =SUMIF(FLOAT!$D:$D,Cockpit!$E30:$E174,FLOAT!N:N) -> 0 | AN30: =SUMIF(FLOAT!$D:$D,Cockpit!$E30:$E174,FLOAT!O:O) -> 0 | AO30: =SUMIF(FLOAT!$D:$D,Cockpit!$E30:$E174,FLOAT!P:P) -> 0 | AP30: =AF30+AG30+AH30+AI30+AJ30+AK30+AM30+AN30+AO30 -> 0
E31: 54420725A | G31: 0 | N31: =SUMIF('3 D P'!$D:$D,Cockpit!$E$5:$E$146,'3 D P'!L:L) -> 0 | O31: =SUMIF('3 D P'!$D:$D,Cockpit!$E$5:$E$146,'3 D P'!M:M) -> 0 | P31: =SUMIF('3 D P'!$D:$D,Cockpit!$E$5:$E$146,'3 D P'!N:N) -> 0 | Q31: =IFERROR(VLOOKUP($D31,'Aptiv Dispatch'!$A:$B,2,FALSE),0) -> 0 | R31: =SUMIF('Consumption MTD'!B:B,Cockpit!$E$5:$E$146,'Consumption MTD'!C:C) -> 0 | S31: =SUMIF('BIW Lifting A Shift'!$B:$B,Cockpit!$E$5:$E$146,'BIW Lifting A Shift'!C:C) -> 0 | T31: =SUMIF('BIW Lifting A Shift'!$B:$B,Cockpit!$E$5:$E$146,'BIW Lifting A Shift'!#REF!) -> #REF! | X31: =SUMIF(FLOAT!$D:$D,Cockpit!$E$5:$E$146,FLOAT!F:F) -> 0 | Y31: =IFERROR(VLOOKUP(E31,[4]Sheet1!$D$4:$G$83,4,0),0) -> 0 | Z31: =IFERROR(VLOOKUP(E31,'[5]Cockpit Main'!$D$4:$G$83,4,0),0) -> 0 | AA31: 0 | AF31: =SUMIF(FLOAT!$D:$D,Cockpit!$E31:$E175,FLOAT!G:G) -> 0 | AG31: =SUMIF(FLOAT!$D:$D,Cockpit!$E31:$E175,FLOAT!H:H) -> 0 | AH31: =SUMIF(FLOAT!$D:$D,Cockpit!$E31:$E175,FLOAT!I:I) -> 0 | AI31: =SUMIF(FLOAT!$D:$D,Cockpit!$E31:$E175,FLOAT!J:J) -> 0 | AJ31: =SUMIF(FLOAT!$D:$D,Cockpit!$E31:$E175,FLOAT!K:K) -> 0 | AK31: =SUMIF(FLOAT!$D:$D,Cockpit!$E31:$E175,FLOAT!L:L) -> 0 | AL31: =SUMIF(FLOAT!$D:$D,Cockpit!$E31:$E175,FLOAT!M:M) -> 0 | AM31: =SUMIF(FLOAT!$D:$D,Cockpit!$E31:$E175,FLOAT!N:N) -> 0 | AN31: =SUMIF(FLOAT!$D:$D,Cockpit!$E31:$E175,FLOAT!O:O) -> 0 | AO31: =SUMIF(FLOAT!$D:$D,Cockpit!$E31:$E175,FLOAT!P:P) -> 0 | AP31: =AF31+AG31+AH31+AI31+AJ31+AK31+AM31+AN31+AO31 -> 0
E32: 54427725A | G32: 0 | N32: =SUMIF('3 D P'!$D:$D,Cockpit!$E$5:$E$146,'3 D P'!L:L) -> 0 | O32: =SUMIF('3 D P'!$D:$D,Cockpit!$E$5:$E$146,'3 D P'!M:M) -> 0 | P32: =SUMIF('3 D P'!$D:$D,Cockpit!$E$5:$E$146,'3 D P'!N:N) -> 0 | Q32: =IFERROR(VLOOKUP($D32,'Aptiv Dispatch'!$A:$B,2,FALSE),0) -> 0 | R32: =SUMIF('Consumption MTD'!B:B,Cockpit!$E$5:$E$146,'Consumption MTD'!C:C) -> 0 | S32: =SUMIF('BIW Lifting A Shift'!$B:$B,Cockpit!$E$5:$E$146,'BIW Lifting A Shift'!C:C) -> 0 | T32: =SUMIF('BIW Lifting A Shift'!$B:$B,Cockpit!$E$5:$E$146,'BIW Lifting A Shift'!#REF!) -> #REF! | X32: =SUMIF(FLOAT!$D:$D,Cockpit!$E$5:$E$146,FLOAT!F:F) -> 0 | Y32: =IFERROR(VLOOKUP(E32,[4]Sheet1!$D$4:$G$83,4,0),0) -> 0 | Z32: =IFERROR(VLOOKUP(E32,'[5]Cockpit Main'!$D$4:$G$83,4,0),0) -> 0 | AA32: 0 | AF32: =SUMIF(FLOAT!$D:$D,Cockpit!$E32:$E176,FLOAT!G:G) -> 0 | AG32: =SUMIF(FLOAT!$D:$D,Cockpit!$E32:$E176,FLOAT!H:H) -> 0 | AH32: =SUMIF(FLOAT!$D:$D,Cockpit!$E32:$E176,FLOAT!I:I) -> 0 | AI32: =SUMIF(FLOAT!$D:$D,Cockpit!$E32:$E176,FLOAT!J:J) -> 0 | AJ32: =SUMIF(FLOAT!$D:$D,Cockpit!$E32:$E176,FLOAT!K:K) -> 0 | AK32: =SUMIF(FLOAT!$D:$D,Cockpit!$E32:$E176,FLOAT!L:L) -> 0 | AL32: =SUMIF(FLOAT!$D:$D,Cockpit!$E32:$E176,FLOAT!M:M) -> 0 | AM32: =SUMIF(FLOAT!$D:$D,Cockpit!$E32:$E176,FLOAT!N:N) -> 0 | AN32: =SUMIF(FLOAT!$D:$D,Cockpit!$E32:$E176,FLOAT!O:O) -> 0 | AO32: =SUMIF(FLOAT!$D:$D,Cockpit!$E32:$E176,FLOAT!P:P) -> 0 | AP32: =AF32+AG32+AH32+AI32+AJ32+AK32+AM32+AN32+AO32 -> 0
E33: 54422225A | G33: 0 | N33: =SUMIF('3 D P'!$D:$D,Cockpit!$E$5:$E$146,'3 D P'!L:L) -> 0 | O33: =SUMIF('3 D P'!$D:$D,Cockpit!$E$5:$E$146,'3 D P'!M:M) -> 0 | P33: =SUMIF('3 D P'!$D:$D,Cockpit!$E$5:$E$146,'3 D P'!N:N) -> 0 | Q33: =IFERROR(VLOOKUP($D33,'Aptiv Dispatch'!$A:$B,2,FALSE),0) -> 0 | R33: =SUMIF('Consumption MTD'!B:B,Cockpit!$E$5:$E$146,'Consumption MTD'!C:C) -> 0 | S33: =SUMIF('BIW Lifting A Shift'!$B:$B,Cockpit!$E$5:$E$146,'BIW Lifting A Shift'!C:C) -> 0 | T33: =SUMIF('BIW Lifting A Shift'!$B:$B,Cockpit!$E$5:$E$146,'BIW Lifting A Shift'!#REF!) -> #REF! | X33: =SUMIF(FLOAT!$D:$D,Cockpit!$E$5:$E$146,FLOAT!F:F) -> 0 | Y33: =IFERROR(VLOOKUP(E33,[4]Sheet1!$D$4:$G$83,4,0),0) -> 0 | Z33: =IFERROR(VLOOKUP(E33,'[5]Cockpit Main'!$D$4:$G$83,4,0),0) -> 0 | AA33: 0 | AF33: =SUMIF(FLOAT!$D:$D,Cockpit!$E33:$E177,FLOAT!G:G) -> 0 | AG33: =SUMIF(FLOAT!$D:$D,Cockpit!$E33:$E177,FLOAT!H:H) -> 0 | AH33: =SUMIF(FLOAT!$D:$D,Cockpit!$E33:$E177,FLOAT!I:I) -> 0 | AI33: =SUMIF(FLOAT!$D:$D,Cockpit!$E33:$E177,FLOAT!J:J) -> 0 | AJ33: =SUMIF(FLOAT!$D:$D,Cockpit!$E33:$E177,FLOAT!K:K) -> 0 | AK33: =SUMIF(FLOAT!$D:$D,Cockpit!$E33:$E177,FLOAT!L:L) -> 0 | AL33: =SUMIF(FLOAT!$D:$D,Cockpit!$E33:$E177,FLOAT!M:M) -> 0 | AM33: =SUMIF(FLOAT!$D:$D,Cockpit!$E33:$E177,FLOAT!N:N) -> 0 | AN33: =SUMIF(FLOAT!$D:$D,Cockpit!$E33:$E177,FLOAT!O:O) -> 0 | AO33: =SUMIF(FLOAT!$D:$D,Cockpit!$E33:$E177,FLOAT!P:P) -> 0 | AP33: =AF33+AG33+AH33+AI33+AJ33+AK33+AM33+AN33+AO33 -> 0
E34: 54427625A | G34: 0 | N34: =SUMIF('3 D P'!$D:$D,Cockpit!$E$5:$E$146,'3 D P'!L:L) -> 0 | O34: =SUMIF('3 D P'!$D:$D,Cockpit!$E$5:$E$146,'3 D P'!M:M) -> 0 | P34: =SUMIF('3 D P'!$D:$D,Cockpit!$E$5:$E$146,'3 D P'!N:N) -> 0 | Q34: =IFERROR(VLOOKUP($D34,'Aptiv Dispatch'!$A:$B,2,FALSE),0) -> 0 | R34: =SUMIF('Consumption MTD'!B:B,Cockpit!$E$5:$E$146,'Consumption MTD'!C:C) -> 0 | S34: =SUMIF('BIW Lifting A Shift'!$B:$B,Cockpit!$E$5:$E$146,'BIW Lifting A Shift'!C:C) -> 0 | T34: =SUMIF('BIW Lifting A Shift'!$B:$B,Cockpit!$E$5:$E$146,'BIW Lifting A Shift'!#REF!) -> #REF! | X34: =SUMIF(FLOAT!$D:$D,Cockpit!$E$5:$E$146,FLOAT!F:F) -> 0 | Y34: =IFERROR(VLOOKUP(E34,[4]Sheet1!$D$4:$G$83,4,0),0) -> 0 | Z34: =IFERROR(VLOOKUP(E34,'[5]Cockpit Main'!$D$4:$G$83,4,0),0) -> 0 | AA34: 0 | AF34: =SUMIF(FLOAT!$D:$D,Cockpit!$E34:$E178,FLOAT!G:G) -> 0 | AG34: =SUMIF(FLOAT!$D:$D,Cockpit!$E34:$E178,FLOAT!H:H) -> 0 | AH34: =SUMIF(FLOAT!$D:$D,Cockpit!$E34:$E178,FLOAT!I:I) -> 0 | AI34: =SUMIF(FLOAT!$D:$D,Cockpit!$E34:$E178,FLOAT!J:J) -> 0 | AJ34: =SUMIF(FLOAT!$D:$D,Cockpit!$E34:$E178,FLOAT!K:K) -> 0 | AK34: =SUMIF(FLOAT!$D:$D,Cockpit!$E34:$E178,FLOAT!L:L) -> 0 | AL34: =SUMIF(FLOAT!$D:$D,Cockpit!$E34:$E178,FLOAT!M:M) -> 0 | AM34: =SUMIF(FLOAT!$D:$D,Cockpit!$E34:$E178,FLOAT!N:N) -> 0 | AN34: =SUMIF(FLOAT!$D:$D,Cockpit!$E34:$E178,FLOAT!O:O) -> 0 | AO34: =SUMIF(FLOAT!$D:$D,Cockpit!$E34:$E178,FLOAT!P:P) -> 0 | AP34: =AF34+AG34+AH34+AI34+AJ34+AK34+AM34+AN34+AO34 -> 0
E35: 54426125B | G35: 0 | N35: =SUMIF('3 D P'!$D:$D,Cockpit!$E$5:$E$146,'3 D P'!L:L) -> 0 | O35: =SUMIF('3 D P'!$D:$D,Cockpit!$E$5:$E$146,'3 D P'!M:M) -> 0 | P35: =SUMIF('3 D P'!$D:$D,Cockpit!$E$5:$E$146,'3 D P'!N:N) -> 0 | Q35: =IFERROR(VLOOKUP($D35,'Aptiv Dispatch'!$A:$B,2,FALSE),0) -> 0 | R35: =SUMIF('Consumption MTD'!B:B,Cockpit!$E$5:$E$146,'Consumption MTD'!C:C) -> 0 | S35: =SUMIF('BIW Lifting A Shift'!$B:$B,Cockpit!$E$5:$E$146,'BIW Lifting A Shift'!C:C) -> 0 | T35: =SUMIF('BIW Lifting A Shift'!$B:$B,Cockpit!$E$5:$E$146,'BIW Lifting A Shift'!#REF!) -> #REF! | X35: =SUMIF(FLOAT!$D:$D,Cockpit!$E$5:$E$146,FLOAT!F:F) -> 0 | Y35: =IFERROR(VLOOKUP(E35,[4]Sheet1!$D$4:$G$83,4,0),0) -> 0 | Z35: =IFERROR(VLOOKUP(E35,'[5]Cockpit Main'!$D$4:$G$83,4,0),0) -> 0 | AA35: 0 | AF35: =SUMIF(FLOAT!$D:$D,Cockpit!$E35:$E178,FLOAT!G:G) -> 0 | AG35: =SUMIF(FLOAT!$D:$D,Cockpit!$E35:$E178,FLOAT!H:H) -> 0 | AH35: =SUMIF(FLOAT!$D:$D,Cockpit!$E35:$E178,FLOAT!I:I) -> 0 | AI35: =SUMIF(FLOAT!$D:$D,Cockpit!$E35:$E178,FLOAT!J:J) -> 0 | AJ35: =SUMIF(FLOAT!$D:$D,Cockpit!$E35:$E178,FLOAT!K:K) -> 0 | AK35: =SUMIF(FLOAT!$D:$D,Cockpit!$E35:$E178,FLOAT!L:L) -> 0 | AL35: =SUMIF(FLOAT!$D:$D,Cockpit!$E35:$E178,FLOAT!M:M) -> 0 | AM35: =SUMIF(FLOAT!$D:$D,Cockpit!$E35:$E178,FLOAT!N:N) -> 0 | AN35: =SUMIF(FLOAT!$D:$D,Cockpit!$E35:$E178,FLOAT!O:O) -> 0 | AO35: =SUMIF(FLOAT!$D:$D,Cockpit!$E35:$E178,FLOAT!P:P) -> 0 | AP35: =AF35+AG35+AH35+AI35+AJ35+AK35+AM35+AN35+AO35 -> 0
E36: 54426125A | G36: 0 | N36: =SUMIF('3 D P'!$D:$D,Cockpit!$E$5:$E$146,'3 D P'!L:L) -> 0 | O36: =SUMIF('3 D P'!$D:$D,Cockpit!$E$5:$E$146,'3 D P'!M:M) -> 0 | P36: =SUMIF('3 D P'!$D:$D,Cockpit!$E$5:$E$146,'3 D P'!N:N) -> 0 | Q36: =IFERROR(VLOOKUP($D36,'Aptiv Dispatch'!$A:$B,2,FALSE),0) -> 0 | R36: =SUMIF('Consumption MTD'!B:B,Cockpit!$E$5:$E$146,'Consumption MTD'!C:C) -> 0 | S36: =SUMIF('BIW Lifting A Shift'!$B:$B,Cockpit!$E$5:$E$146,'BIW Lifting A Shift'!C:C) -> 0 | T36: =SUMIF('BIW Lifting A Shift'!$B:$B,Cockpit!$E$5:$E$146,'BIW Lifting A Shift'!#REF!) -> #REF! | X36: =SUMIF(FLOAT!$D:$D,Cockpit!$E$5:$E$146,FLOAT!F:F) -> 0 | Y36: =IFERROR(VLOOKUP(E36,[4]Sheet1!$D$4:$G$83,4,0),0) -> 0 | Z36: =IFERROR(VLOOKUP(E36,'[5]Cockpit Main'!$D$4:$G$83,4,0),0) -> 0 | AA36: 0 | AF36: =SUMIF(FLOAT!$D:$D,Cockpit!$E36:$E178,FLOAT!G:G) -> 0 | AG36: =SUMIF(FLOAT!$D:$D,Cockpit!$E36:$E178,FLOAT!H:H) -> 0 | AH36: =SUMIF(FLOAT!$D:$D,Cockpit!$E36:$E178,FLOAT!I:I) -> 0 | AI36: =SUMIF(FLOAT!$D:$D,Cockpit!$E36:$E178,FLOAT!J:J) -> 0 | AJ36: =SUMIF(FLOAT!$D:$D,Cockpit!$E36:$E178,FLOAT!K:K) -> 0 | AK36: =SUMIF(FLOAT!$D:$D,Cockpit!$E36:$E178,FLOAT!L:L) -> 0 | AL36: =SUMIF(FLOAT!$D:$D,Cockpit!$E36:$E178,FLOAT!M:M) -> 0 | AM36: =SUMIF(FLOAT!$D:$D,Cockpit!$E36:$E178,FLOAT!N:N) -> 0 | AN36: =SUMIF(FLOAT!$D:$D,Cockpit!$E36:$E178,FLOAT!O:O) -> 0 | AO36: =SUMIF(FLOAT!$D:$D,Cockpit!$E36:$E178,FLOAT!P:P) -> 0 | AP36: =AF36+AG36+AH36+AI36+AJ36+AK36+AM36+AN36+AO36 -> 0
C37: 544254630419 | D37: 544254640172 | E37: 54423425A | F37: ALTROZ XZ+(S) 1.5 RTQ BS6 | G37: 0 | H37: =SUM(G37:G42) -> 0 | I37: 0 | J37: =Q37 -> 0 | K37: =SUM(R37:R42) -> 0 | L37: =H37-K37 -> 0 | M37: =I37+J37-K37 -> 0 | N37: =SUMIF('3 D P'!$D:$D,Cockpit!$E$5:$E$146,'3 D P'!L:L) -> 0 | O37: =SUMIF('3 D P'!$D:$D,Cockpit!$E$5:$E$146,'3 D P'!M:M) -> 0 | P37: =SUMIF('3 D P'!$D:$D,Cockpit!$E$5:$E$146,'3 D P'!N:N) -> 0 | Q37: =IFERROR(VLOOKUP($D37,'Aptiv Dispatch'!$A:$B,2,FALSE),0) -> 0 | R37: =SUMIF('Consumption MTD'!B:B,Cockpit!$E$5:$E$146,'Consumption MTD'!C:C) -> 0 | S37: =SUMIF('BIW Lifting A Shift'!$B:$B,Cockpit!$E$5:$E$146,'BIW Lifting A Shift'!C:C) -> 0 | T37: =SUMIF('BIW Lifting A Shift'!$B:$B,Cockpit!$E$5:$E$146,'BIW Lifting A Shift'!#REF!) -> #REF! | U37: =M37-X37-X38-X39-X40-X41-X42 -> 0 | V37: =M37-SUM(X37:X42)-SUM(S37:S42) -> 0 | W37: =V37-SUM(T37:T42) -> #REF! | X37: =SUMIF(FLOAT!$D:$D,Cockpit!$E$5:$E$146,FLOAT!F:F) -> 0 | Y37: =IFERROR(VLOOKUP(E37,[4]Sheet1!$D$4:$G$83,4,0),0) -> 0 | Z37: =IFERROR(VLOOKUP(E37,'[5]Cockpit Main'!$D$4:$G$83,4,0),0) -> 0 | AA37: 5 | AC37: 29 | AF37: =SUMIF(FLOAT!$D:$D,Cockpit!$E37:$E178,FLOAT!G:G) -> 0 | AG37: =SUMIF(FLOAT!$D:$D,Cockpit!$E37:$E178,FLOAT!H:H) -> 0 | AH37: =SUMIF(FLOAT!$D:$D,Cockpit!$E37:$E178,FLOAT!I:I) -> 0 | AI37: =SUMIF(FLOAT!$D:$D,Cockpit!$E37:$E178,FLOAT!J:J) -> 0 | AJ37: =SUMIF(FLOAT!$D:$D,Cockpit!$E37:$E178,FLOAT!K:K) -> 0 | AK37: =SUMIF(FLOAT!$D:$D,Cockpit!$E37:$E178,FLOAT!L:L) -> 0 | AL37: =SUMIF(FLOAT!$D:$D,Cockpit!$E37:$E178,FLOAT!M:M) -> 0 | AM37: =SUMIF(FLOAT!$D:$D,Cockpit!$E37:$E178,FLOAT!N:N) -> 0 | AN37: =SUMIF(FLOAT!$D:$D,Cockpit!$E37:$E178,FLOAT!O:O) -> 0 | AO37: =SUMIF(FLOAT!$D:$D,Cockpit!$E37:$E178,FLOAT!P:P) -> 0 | AP37: =AF37+AG37+AH37+AI37+AJ37+AK37+AM37+AN37+AO37 -> 0
E38: 54420126A | F38: ALTROZ XZ+(S) 1.5 RTQ BS6 DARK | G38: 0 | N38: =SUMIF('3 D P'!$D:$D,Cockpit!$E$5:$E$146,'3 D P'!L:L) -> 0 | O38: =SUMIF('3 D P'!$D:$D,Cockpit!$E$5:$E$146,'3 D P'!M:M) -> 0 | P38: =SUMIF('3 D P'!$D:$D,Cockpit!$E$5:$E$146,'3 D P'!N:N) -> 0 | Q38: =IFERROR(VLOOKUP($D38,'Aptiv Dispatch'!$A:$B,2,FALSE),0) -> 0 | R38: =SUMIF('Consumption MTD'!B:B,Cockpit!$E$5:$E$146,'Consumption MTD'!C:C) -> 0 | S38: =SUMIF('BIW Lifting A Shift'!$B:$B,Cockpit!$E$5:$E$146,'BIW Lifting A Shift'!C:C) -> 0 | T38: =SUMIF('BIW Lifting A Shift'!$B:$B,Cockpit!$E$5:$E$146,'BIW Lifting A Shift'!#REF!) -> #REF! | X38: =SUMIF(FLOAT!$D:$D,Cockpit!$E$5:$E$146,FLOAT!F:F) -> 0 | Y38: =IFERROR(VLOOKUP(E38,[4]Sheet1!$D$4:$G$83,4,0),0) -> 0 | Z38: =IFERROR(VLOOKUP(E38,'[5]Cockpit Main'!$D$4:$G$83,4,0),0) -> 0 | AA38: 0 | AF38: =SUMIF(FLOAT!$D:$D,Cockpit!$E38:$E178,FLOAT!G:G) -> 0 | AG38: =SUMIF(FLOAT!$D:$D,Cockpit!$E38:$E178,FLOAT!H:H) -> 0 | AH38: =SUMIF(FLOAT!$D:$D,Cockpit!$E38:$E178,FLOAT!I:I) -> 0 | AI38: =SUMIF(FLOAT!$D:$D,Cockpit!$E38:$E178,FLOAT!J:J) -> 0 | AJ38: =SUMIF(FLOAT!$D:$D,Cockpit!$E38:$E178,FLOAT!K:K) -> 0 | AK38: =SUMIF(FLOAT!$D:$D,Cockpit!$E38:$E178,FLOAT!L:L) -> 0 | AL38: =SUMIF(FLOAT!$D:$D,Cockpit!$E38:$E178,FLOAT!M:M) -> 0 | AM38: =SUMIF(FLOAT!$D:$D,Cockpit!$E38:$E178,FLOAT!N:N) -> 0 | AN38: =SUMIF(FLOAT!$D:$D,Cockpit!$E38:$E178,FLOAT!O:O) -> 0 | AO38: =SUMIF(FLOAT!$D:$D,Cockpit!$E38:$E178,FLOAT!P:P) -> 0 | AP38: =AF38+AG38+AH38+AI38+AJ38+AK38+AM38+AN38+AO38 -> 0
E39: 54423125A | F39: ALTROZ XZ+(S) 1.2P MT BS6 | G39: 0 | N39: =SUMIF('3 D P'!$D:$D,Cockpit!$E$5:$E$146,'3 D P'!L:L) -> 0 | O39: =SUMIF('3 D P'!$D:$D,Cockpit!$E$5:$E$146,'3 D P'!M:M) -> 0 | P39: =SUMIF('3 D P'!$D:$D,Cockpit!$E$5:$E$146,'3 D P'!N:N) -> 0 | Q39: =IFERROR(VLOOKUP($D39,'Aptiv Dispatch'!$A:$B,2,FALSE),0) -> 0 | R39: =SUMIF('Consumption MTD'!B:B,Cockpit!$E$5:$E$146,'Consumption MTD'!C:C) -> 0 | S39: =SUMIF('BIW Lifting A Shift'!$B:$B,Cockpit!$E$5:$E$146,'BIW Lifting A Shift'!C:C) -> 0 | T39: =SUMIF('BIW Lifting A Shift'!$B:$B,Cockpit!$E$5:$E$146,'BIW Lifting A Shift'!#REF!) -> #REF! | X39: =SUMIF(FLOAT!$D:$D,Cockpit!$E$5:$E$146,FLOAT!F:F) -> 0 | Y39: =IFERROR(VLOOKUP(E39,[4]Sheet1!$D$4:$G$83,4,0),0) -> 0 | Z39: =IFERROR(VLOOKUP(E39,'[5]Cockpit Main'!$D$4:$G$83,4,0),0) -> 0 | AA39: 0 | AF39: =SUMIF(FLOAT!$D:$D,Cockpit!$E39:$E178,FLOAT!G:G) -> 0 | AG39: =SUMIF(FLOAT!$D:$D,Cockpit!$E39:$E178,FLOAT!H:H) -> 0 | AH39: =SUMIF(FLOAT!$D:$D,Cockpit!$E39:$E178,FLOAT!I:I) -> 0 | AI39: =SUMIF(FLOAT!$D:$D,Cockpit!$E39:$E178,FLOAT!J:J) -> 0 | AJ39: =SUMIF(FLOAT!$D:$D,Cockpit!$E39:$E178,FLOAT!K:K) -> 0 | AK39: =SUMIF(FLOAT!$D:$D,Cockpit!$E39:$E178,FLOAT!L:L) -> 0 | AL39: =SUMIF(FLOAT!$D:$D,Cockpit!$E39:$E178,FLOAT!M:M) -> 0 | AM39: =SUMIF(FLOAT!$D:$D,Cockpit!$E39:$E178,FLOAT!N:N) -> 0 | AN39: =SUMIF(FLOAT!$D:$D,Cockpit!$E39:$E178,FLOAT!O:O) -> 0 | AO39: =SUMIF(FLOAT!$D:$D,Cockpit!$E39:$E178,FLOAT!P:P) -> 0 | AP39: =AF39+AG39+AH39+AI39+AJ39+AK39+AM39+AN39+AO39 -> 0
E40: 54425126A | F40: ALTROZ XZ+(S) 1.2P MT BS6 DARK | G40: 0 | N40: =SUMIF('3 D P'!$D:$D,Cockpit!$E$5:$E$146,'3 D P'!L:L) -> 0 | O40: =SUMIF('3 D P'!$D:$D,Cockpit!$E$5:$E$146,'3 D P'!M:M) -> 0 | P40: =SUMIF('3 D P'!$D:$D,Cockpit!$E$5:$E$146,'3 D P'!N:N) -> 0 | Q40: =IFERROR(VLOOKUP($D40,'Aptiv Dispatch'!$A:$B,2,FALSE),0) -> 0 | R40: =SUMIF('Consumption MTD'!B:B,Cockpit!$E$5:$E$146,'Consumption MTD'!C:C) -> 0 | S40: =SUMIF('BIW Lifting A Shift'!$B:$B,Cockpit!$E$5:$E$146,'BIW Lifting A Shift'!C:C) -> 0 | T40: =SUMIF('BIW Lifting A Shift'!$B:$B,Cockpit!$E$5:$E$146,'BIW Lifting A Shift'!#REF!) -> #REF! | X40: =SUMIF(FLOAT!$D:$D,Cockpit!$E$5:$E$146,FLOAT!F:F) -> 0 | Y40: =IFERROR(VLOOKUP(E40,[4]Sheet1!$D$4:$G$83,4,0),0) -> 0 | Z40: =IFERROR(VLOOKUP(E40,'[5]Cockpit Main'!$D$4:$G$83,4,0),0) -> 0 | AA40: 0 | AF40: =SUMIF(FLOAT!$D:$D,Cockpit!$E40:$E178,FLOAT!G:G) -> 0 | AG40: =SUMIF(FLOAT!$D:$D,Cockpit!$E40:$E178,FLOAT!H:H) -> 0 | AH40: =SUMIF(FLOAT!$D:$D,Cockpit!$E40:$E178,FLOAT!I:I) -> 0 | AI40: =SUMIF(FLOAT!$D:$D,Cockpit!$E40:$E178,FLOAT!J:J) -> 0 | AJ40: =SUMIF(FLOAT!$D:$D,Cockpit!$E40:$E178,FLOAT!K:K) -> 0 | AK40: =SUMIF(FLOAT!$D:$D,Cockpit!$E40:$E178,FLOAT!L:L) -> 0 | AL40: =SUMIF(FLOAT!$D:$D,Cockpit!$E40:$E178,FLOAT!M:M) -> 0 | AM40: =SUMIF(FLOAT!$D:$D,Cockpit!$E40:$E178,FLOAT!N:N) -> 0 | AN40: =SUMIF(FLOAT!$D:$D,Cockpit!$E40:$E178,FLOAT!O:O) -> 0 | AO40: =SUMIF(FLOAT!$D:$D,Cockpit!$E40:$E178,FLOAT!P:P) -> 0 | AP40: =AF40+AG40+AH40+AI40+AJ40+AK40+AM40+AN40+AO40 -> 0
E41: 54423225A | F41: ALTROZ XZ+1.2P TC MT BS6PH2 | G41: 0 | N41: =SUMIF('3 D P'!$D:$D,Cockpit!$E$5:$E$146,'3 D P'!L:L) -> 0 | O41: =SUMIF('3 D P'!$D:$D,Cockpit!$E$5:$E$146,'3 D P'!M:M) -> 0 | P41: =SUMIF('3 D P'!$D:$D,Cockpit!$E$5:$E$146,'3 D P'!N:N) -> 0 | Q41: =IFERROR(VLOOKUP($D41,'Aptiv Dispatch'!$A:$B,2,FALSE),0) -> 0 | R41: =SUMIF('Consumption MTD'!B:B,Cockpit!$E$5:$E$146,'Consumption MTD'!C:C) -> 0 | S41: =SUMIF('BIW Lifting A Shift'!$B:$B,Cockpit!$E$5:$E$146,'BIW Lifting A Shift'!C:C) -> 0 | T41: =SUMIF('BIW Lifting A Shift'!$B:$B,Cockpit!$E$5:$E$146,'BIW Lifting A Shift'!#REF!) -> #REF! | X41: =SUMIF(FLOAT!$D:$D,Cockpit!$E$5:$E$146,FLOAT!F:F) -> 0 | Y41: =IFERROR(VLOOKUP(E41,[4]Sheet1!$D$4:$G$83,4,0),0) -> 0 | Z41: =IFERROR(VLOOKUP(E41,'[5]Cockpit Main'!$D$4:$G$83,4,0),0) -> 0 | AA41: 0 | AF41: =SUMIF(FLOAT!$D:$D,Cockpit!$E41:$E178,FLOAT!G:G) -> 0 | AG41: =SUMIF(FLOAT!$D:$D,Cockpit!$E41:$E178,FLOAT!H:H) -> 0 | AH41: =SUMIF(FLOAT!$D:$D,Cockpit!$E41:$E178,FLOAT!I:I) -> 0 | AI41: =SUMIF(FLOAT!$D:$D,Cockpit!$E41:$E178,FLOAT!J:J) -> 0 | AJ41: =SUMIF(FLOAT!$D:$D,Cockpit!$E41:$E178,FLOAT!K:K) -> 0 | AK41: =SUMIF(FLOAT!$D:$D,Cockpit!$E41:$E178,FLOAT!L:L) -> 0 | AL41: =SUMIF(FLOAT!$D:$D,Cockpit!$E41:$E178,FLOAT!M:M) -> 0 | AM41: =SUMIF(FLOAT!$D:$D,Cockpit!$E41:$E178,FLOAT!N:N) -> 0 | AN41: =SUMIF(FLOAT!$D:$D,Cockpit!$E41:$E178,FLOAT!O:O) -> 0 | AO41: =SUMIF(FLOAT!$D:$D,Cockpit!$E41:$E178,FLOAT!P:P) -> 0 | AP41: =AF41+AG41+AH41+AI41+AJ41+AK41+AM41+AN41+AO41 -> 0
E42: 54425226A | F42: ALTROZ XZ+1.2P TC MT DRK BS6PH2 | G42: 0 | N42: =SUMIF('3 D P'!$D:$D,Cockpit!$E$5:$E$146,'3 D P'!L:L) -> 0 | O42: =SUMIF('3 D P'!$D:$D,Cockpit!$E$5:$E$146,'3 D P'!M:M) -> 0 | P42: =SUMIF('3 D P'!$D:$D,Cockpit!$E$5:$E$146,'3 D P'!N:N) -> 0 | Q42: =IFERROR(VLOOKUP($D42,'Aptiv Dispatch'!$A:$B,2,FALSE),0) -> 0 | R42: =SUMIF('Consumption MTD'!B:B,Cockpit!$E$5:$E$146,'Consumption MTD'!C:C) -> 0 | S42: =SUMIF('BIW Lifting A Shift'!$B:$B,Cockpit!$E$5:$E$146,'BIW Lifting A Shift'!C:C) -> 0 | T42: =SUMIF('BIW Lifting A Shift'!$B:$B,Cockpit!$E$5:$E$146,'BIW Lifting A Shift'!#REF!) -> #REF! | X42: =SUMIF(FLOAT!$D:$D,Cockpit!$E$5:$E$146,FLOAT!F:F) -> 0 | Y42: =IFERROR(VLOOKUP(E42,[4]Sheet1!$D$4:$G$83,4,0),0) -> 0 | Z42: =IFERROR(VLOOKUP(E42,'[5]Cockpit Main'!$D$4:$G$83,4,0),0) -> 0 | AA42: 0 | AF42: =SUMIF(FLOAT!$D:$D,Cockpit!$E42:$E179,FLOAT!G:G) -> 0 | AG42: =SUMIF(FLOAT!$D:$D,Cockpit!$E42:$E179,FLOAT!H:H) -> 0 | AH42: =SUMIF(FLOAT!$D:$D,Cockpit!$E42:$E179,FLOAT!I:I) -> 0 | AI42: =SUMIF(FLOAT!$D:$D,Cockpit!$E42:$E179,FLOAT!J:J) -> 0 | AJ42: =SUMIF(FLOAT!$D:$D,Cockpit!$E42:$E179,FLOAT!K:K) -> 0 | AK42: =SUMIF(FLOAT!$D:$D,Cockpit!$E42:$E179,FLOAT!L:L) -> 0 | AL42: =SUMIF(FLOAT!$D:$D,Cockpit!$E42:$E179,FLOAT!M:M) -> 0 | AM42: =SUMIF(FLOAT!$D:$D,Cockpit!$E42:$E179,FLOAT!N:N) -> 0 | AN42: =SUMIF(FLOAT!$D:$D,Cockpit!$E42:$E179,FLOAT!O:O) -> 0 | AO42: =SUMIF(FLOAT!$D:$D,Cockpit!$E42:$E179,FLOAT!P:P) -> 0 | AP42: =AF42+AG42+AH42+AI42+AJ42+AK42+AM42+AN42+AO42 -> 0
A43: 544246200404 | C43: 544254630436 | D43: 544254630436 | E43: 54425725A | F43: Altroz XZ+ DCT, XZ+ DCT DARK | G43: 0 | H43: =SUM(G43:G44) -> 0 | I43: 0 | J43: =Q43 -> 0 | K43: =SUM(R43:R44) -> 0 | L43: =H43-K43 -> 0 | M43: =I43+J43-K43 -> 0 | N43: =SUMIF('3 D P'!$D:$D,Cockpit!$E$5:$E$146,'3 D P'!L:L) -> 0 | O43: =SUMIF('3 D P'!$D:$D,Cockpit!$E$5:$E$146,'3 D P'!M:M) -> 0 | P43: =SUMIF('3 D P'!$D:$D,Cockpit!$E$5:$E$146,'3 D P'!N:N) -> 0 | Q43: =IFERROR(VLOOKUP($D43,'Aptiv Dispatch'!$A:$B,2,FALSE),0) -> 0 | R43: =SUMIF('Consumption MTD'!B:B,Cockpit!$E$5:$E$146,'Consumption MTD'!C:C) -> 0 | S43: =SUMIF('BIW Lifting A Shift'!$B:$B,Cockpit!$E$5:$E$146,'BIW Lifting A Shift'!C:C) -> 0 | T43: =SUMIF('BIW Lifting A Shift'!$B:$B,Cockpit!$E$5:$E$146,'BIW Lifting A Shift'!#REF!) -> #REF! | U43: =M43-X43-X44 -> 0 | V43: =M43-SUM(X43:X44)-SUM(S43:S44) -> 0 | W43: =V43-SUM(T43:T44) -> #REF! | X43: =SUMIF(FLOAT!$D:$D,Cockpit!$E$5:$E$146,FLOAT!F:F) -> 0 | Y43: =IFERROR(VLOOKUP(E43,[4]Sheet1!$D$4:$G$83,4,0),0) -> 0 | Z43: =IFERROR(VLOOKUP(E43,'[5]Cockpit Main'!$D$4:$G$83,4,0),0) -> 0 | AA43: 0 | AC43: 0 | AF43: =SUMIF(FLOAT!$D:$D,Cockpit!$E43:$E180,FLOAT!G:G) -> 0 | AG43: =SUMIF(FLOAT!$D:$D,Cockpit!$E43:$E180,FLOAT!H:H) -> 0 | AH43: =SUMIF(FLOAT!$D:$D,Cockpit!$E43:$E180,FLOAT!I:I) -> 0 | AI43: =SUMIF(FLOAT!$D:$D,Cockpit!$E43:$E180,FLOAT!J:J) -> 0 | AJ43: =SUMIF(FLOAT!$D:$D,Cockpit!$E43:$E180,FLOAT!K:K) -> 0 | AK43: =SUMIF(FLOAT!$D:$D,Cockpit!$E43:$E180,FLOAT!L:L) -> 0 | AL43: =SUMIF(FLOAT!$D:$D,Cockpit!$E43:$E180,FLOAT!M:M) -> 0 | AM43: =SUMIF(FLOAT!$D:$D,Cockpit!$E43:$E180,FLOAT!N:N) -> 0 | AN43: =SUMIF(FLOAT!$D:$D,Cockpit!$E43:$E180,FLOAT!O:O) -> 0 | AO43: =SUMIF(FLOAT!$D:$D,Cockpit!$E43:$E180,FLOAT!P:P) -> 0 | AP43: =AF43+AG43+AH43+AI43+AJ43+AK43+AM43+AN43+AO43 -> 0
E44: 54421825A | G44: 0 | N44: =SUMIF('3 D P'!$D:$D,Cockpit!$E$5:$E$146,'3 D P'!L:L) -> 0 | O44: =SUMIF('3 D P'!$D:$D,Cockpit!$E$5:$E$146,'3 D P'!M:M) -> 0 | P44: =SUMIF('3 D P'!$D:$D,Cockpit!$E$5:$E$146,'3 D P'!N:N) -> 0 | Q44: =IFERROR(VLOOKUP($D44,'Aptiv Dispatch'!$A:$B,2,FALSE),0) -> 0 | R44: =SUMIF('Consumption MTD'!B:B,Cockpit!$E$5:$E$146,'Consumption MTD'!C:C) -> 0 | S44: =SUMIF('BIW Lifting A Shift'!$B:$B,Cockpit!$E$5:$E$146,'BIW Lifting A Shift'!C:C) -> 0 | T44: =SUMIF('BIW Lifting A Shift'!$B:$B,Cockpit!$E$5:$E$146,'BIW Lifting A Shift'!#REF!) -> #REF! | X44: =SUMIF(FLOAT!$D:$D,Cockpit!$E$5:$E$146,FLOAT!F:F) -> 0 | Y44: =IFERROR(VLOOKUP(E44,[4]Sheet1!$D$4:$G$83,4,0),0) -> 0 | Z44: =IFERROR(VLOOKUP(E44,'[5]Cockpit Main'!$D$4:$G$83,4,0),0) -> 0 | AA44: 0 | AF44: =SUMIF(FLOAT!$D:$D,Cockpit!$E44:$E181,FLOAT!G:G) -> 0 | AG44: =SUMIF(FLOAT!$D:$D,Cockpit!$E44:$E181,FLOAT!H:H) -> 0 | AH44: =SUMIF(FLOAT!$D:$D,Cockpit!$E44:$E181,FLOAT!I:I) -> 0 | AI44: =SUMIF(FLOAT!$D:$D,Cockpit!$E44:$E181,FLOAT!J:J) -> 0 | AJ44: =SUMIF(FLOAT!$D:$D,Cockpit!$E44:$E181,FLOAT!K:K) -> 0 | AK44: =SUMIF(FLOAT!$D:$D,Cockpit!$E44:$E181,FLOAT!L:L) -> 0 | AL44: =SUMIF(FLOAT!$D:$D,Cockpit!$E44:$E181,FLOAT!M:M) -> 0 | AM44: =SUMIF(FLOAT!$D:$D,Cockpit!$E44:$E181,FLOAT!N:N) -> 0 | AN44: =SUMIF(FLOAT!$D:$D,Cockpit!$E44:$E181,FLOAT!O:O) -> 0 | AO44: =SUMIF(FLOAT!$D:$D,Cockpit!$E44:$E181,FLOAT!P:P) -> 0 | AP44: =AF44+AG44+AH44+AI44+AJ44+AK44+AM44+AN44+AO44 -> 0
C45: 544254630420 | D45: 544254640173 | E45: 54423325A | F45: ALTROZ DCA XZ+ (S) 1.2P BS6PH2 | G45: 0 | H45: =SUM(G45:G46) -> 0 | I45: 0 | J45: =Q45 -> 0 | K45: =SUM(R45:R46) -> 0 | L45: =H45-K45 -> 0 | M45: =I45+J45-K45 -> 0 | N45: =SUMIF('3 D P'!$D:$D,Cockpit!$E$5:$E$146,'3 D P'!L:L) -> 0 | O45: =SUMIF('3 D P'!$D:$D,Cockpit!$E$5:$E$146,'3 D P'!M:M) -> 0 | P45: =SUMIF('3 D P'!$D:$D,Cockpit!$E$5:$E$146,'3 D P'!N:N) -> 0 | Q45: =IFERROR(VLOOKUP($D45,'Aptiv Dispatch'!$A:$B,2,FALSE),0) -> 0 | R45: =SUMIF('Consumption MTD'!B:B,Cockpit!$E$5:$E$146,'Consumption MTD'!C:C) -> 0 | S45: =SUMIF('BIW Lifting A Shift'!$B:$B,Cockpit!$E$5:$E$146,'BIW Lifting A Shift'!C:C) -> 0 | T45: =SUMIF('BIW Lifting A Shift'!$B:$B,Cockpit!$E$5:$E$146,'BIW Lifting A Shift'!#REF!) -> #REF! | U45: =M45-X45-X46 -> 0 | V45: =M45-SUM(X45:X46)-SUM(S45:S46) -> 0 | W45: =V45-SUM(T45:T46) -> #REF! | X45: =SUMIF(FLOAT!$D:$D,Cockpit!$E$5:$E$146,FLOAT!F:F) -> 0 | Y45: =IFERROR(VLOOKUP(E45,[4]Sheet1!$D$4:$G$83,4,0),0) -> 0 | Z45: =IFERROR(VLOOKUP(E45,'[5]Cockpit Main'!$D$4:$G$83,4,0),0) -> 0 | AA45: 5 | AC45: 12 | AF45: =SUMIF(FLOAT!$D:$D,Cockpit!$E45:$E182,FLOAT!G:G) -> 0 | AG45: =SUMIF(FLOAT!$D:$D,Cockpit!$E45:$E182,FLOAT!H:H) -> 0 | AH45: =SUMIF(FLOAT!$D:$D,Cockpit!$E45:$E182,FLOAT!I:I) -> 0 | AI45: =SUMIF(FLOAT!$D:$D,Cockpit!$E45:$E182,FLOAT!J:J) -> 0 | AJ45: =SUMIF(FLOAT!$D:$D,Cockpit!$E45:$E182,FLOAT!K:K) -> 0 | AK45: =SUMIF(FLOAT!$D:$D,Cockpit!$E45:$E182,FLOAT!L:L) -> 0 | AL45: =SUMIF(FLOAT!$D:$D,Cockpit!$E45:$E182,FLOAT!M:M) -> 0 | AM45: =SUMIF(FLOAT!$D:$D,Cockpit!$E45:$E182,FLOAT!N:N) -> 0 | AN45: =SUMIF(FLOAT!$D:$D,Cockpit!$E45:$E182,FLOAT!O:O) -> 0 | AO45: =SUMIF(FLOAT!$D:$D,Cockpit!$E45:$E182,FLOAT!P:P) -> 0 | AP45: =AF45+AG45+AH45+AI45+AJ45+AK45+AM45+AN45+AO45 -> 0
E46: 54425326A | F46: ALTROZ DCA XZ+ (S) 1.2P DRK BS6PH2 | G46: 0 | N46: =SUMIF('3 D P'!$D:$D,Cockpit!$E$5:$E$146,'3 D P'!L:L) -> 0 | O46: =SUMIF('3 D P'!$D:$D,Cockpit!$E$5:$E$146,'3 D P'!M:M) -> 0 | P46: =SUMIF('3 D P'!$D:$D,Cockpit!$E$5:$E$146,'3 D P'!N:N) -> 0 | Q46: =IFERROR(VLOOKUP($D46,'Aptiv Dispatch'!$A:$B,2,FALSE),0) -> 0 | R46: =SUMIF('Consumption MTD'!B:B,Cockpit!$E$5:$E$146,'Consumption MTD'!C:C) -> 0 | S46: =SUMIF('BIW Lifting A Shift'!$B:$B,Cockpit!$E$5:$E$146,'BIW Lifting A Shift'!C:C) -> 0 | T46: =SUMIF('BIW Lifting A Shift'!$B:$B,Cockpit!$E$5:$E$146,'BIW Lifting A Shift'!#REF!) -> #REF! | X46: =SUMIF(FLOAT!$D:$D,Cockpit!$E$5:$E$146,FLOAT!F:F) -> 0 | Y46: =IFERROR(VLOOKUP(E46,[4]Sheet1!$D$4:$G$83,4,0),0) -> 0 | Z46: =IFERROR(VLOOKUP(E46,'[5]Cockpit Main'!$D$4:$G$83,4,0),0) -> 0 | AA46: 0 | AF46: =SUMIF(FLOAT!$D:$D,Cockpit!$E46:$E183,FLOAT!G:G) -> 0 | AG46: =SUMIF(FLOAT!$D:$D,Cockpit!$E46:$E183,FLOAT!H:H) -> 0 | AH46: =SUMIF(FLOAT!$D:$D,Cockpit!$E46:$E183,FLOAT!I:I) -> 0 | AI46: =SUMIF(FLOAT!$D:$D,Cockpit!$E46:$E183,FLOAT!J:J) -> 0 | AJ46: =SUMIF(FLOAT!$D:$D,Cockpit!$E46:$E183,FLOAT!K:K) -> 0 | AK46: =SUMIF(FLOAT!$D:$D,Cockpit!$E46:$E183,FLOAT!L:L) -> 0 | AL46: =SUMIF(FLOAT!$D:$D,Cockpit!$E46:$E183,FLOAT!M:M) -> 0 | AM46: =SUMIF(FLOAT!$D:$D,Cockpit!$E46:$E183,FLOAT!N:N) -> 0 | AN46: =SUMIF(FLOAT!$D:$D,Cockpit!$E46:$E183,FLOAT!O:O) -> 0 | AO46: =SUMIF(FLOAT!$D:$D,Cockpit!$E46:$E183,FLOAT!P:P) -> 0 | AP46: =AF46+AG46+AH46+AI46+AJ46+AK46+AM46+AN46+AO46 -> 0
C47: 544254630247 | D47: 544254630247 | E47: 54429125A | F47: ALTROZ XZ+O(S) 1.2 P MT BS6 | G47: 0 | H47: =SUM(G47:G48) -> 0 | I47: 10 | J47: =Q47 -> 0 | K47: =SUM(R47:R48) -> 0 | L47: =H47-K47 -> 0 | M47: =I47+J47-K47 -> 10 | N47: =SUMIF('3 D P'!$D:$D,Cockpit!$E$5:$E$146,'3 D P'!L:L) -> 0 | O47: =SUMIF('3 D P'!$D:$D,Cockpit!$E$5:$E$146,'3 D P'!M:M) -> 0 | P47: =SUMIF('3 D P'!$D:$D,Cockpit!$E$5:$E$146,'3 D P'!N:N) -> 0 | Q47: =IFERROR(VLOOKUP($D47,'Aptiv Dispatch'!$A:$B,2,FALSE),0) -> 0 | R47: =SUMIF('Consumption MTD'!B:B,Cockpit!$E$5:$E$146,'Consumption MTD'!C:C) -> 0 | S47: =SUMIF('BIW Lifting A Shift'!$B:$B,Cockpit!$E$5:$E$146,'BIW Lifting A Shift'!C:C) -> 0 | T47: =SUMIF('BIW Lifting A Shift'!$B:$B,Cockpit!$E$5:$E$146,'BIW Lifting A Shift'!#REF!) -> #REF! | U47: =M47-X47-X48 -> 10 | V47: =M47-SUM(X47:X48)-SUM(S47:S48) -> 10 | W47: =V47-SUM(T47:T48) -> #REF! | X47: =SUMIF(FLOAT!$D:$D,Cockpit!$E$5:$E$146,FLOAT!F:F) -> 0 | Y47: =IFERROR(VLOOKUP(E47,[4]Sheet1!$D$4:$G$83,4,0),0) -> 0 | Z47: =IFERROR(VLOOKUP(E47,'[5]Cockpit Main'!$D$4:$G$83,4,0),0) -> 0 | AA47: 3 | AC47: 22 | AF47: =SUMIF(FLOAT!$D:$D,Cockpit!$E47:$E184,FLOAT!G:G) -> 0 | AG47: =SUMIF(FLOAT!$D:$D,Cockpit!$E47:$E184,FLOAT!H:H) -> 0 | AH47: =SUMIF(FLOAT!$D:$D,Cockpit!$E47:$E184,FLOAT!I:I) -> 0 | AI47: =SUMIF(FLOAT!$D:$D,Cockpit!$E47:$E184,FLOAT!J:J) -> 0 | AJ47: =SUMIF(FLOAT!$D:$D,Cockpit!$E47:$E184,FLOAT!K:K) -> 0 | AK47: =SUMIF(FLOAT!$D:$D,Cockpit!$E47:$E184,FLOAT!L:L) -> 0 | AL47: =SUMIF(FLOAT!$D:$D,Cockpit!$E47:$E184,FLOAT!M:M) -> 0 | AM47: =SUMIF(FLOAT!$D:$D,Cockpit!$E47:$E184,FLOAT!N:N) -> 0 | AN47: =SUMIF(FLOAT!$D:$D,Cockpit!$E47:$E184,FLOAT!O:O) -> 0 | AO47: =SUMIF(FLOAT!$D:$D,Cockpit!$E47:$E184,FLOAT!P:P) -> 0 | AP47: =AF47+AG47+AH47+AI47+AJ47+AK47+AM47+AN47+AO47 -> 0
E48: 54429025A | F48: ALTROZ XZ+(O) (S) 1.2P TC MT BS6PH2 | G48: 0 | N48: =SUMIF('3 D P'!$D:$D,Cockpit!$E$5:$E$146,'3 D P'!L:L) -> 0 | O48: =SUMIF('3 D P'!$D:$D,Cockpit!$E$5:$E$146,'3 D P'!M:M) -> 0 | P48: =SUMIF('3 D P'!$D:$D,Cockpit!$E$5:$E$146,'3 D P'!N:N) -> 0 | Q48: =IFERROR(VLOOKUP($D48,'Aptiv Dispatch'!$A:$B,2,FALSE),0) -> 0 | R48: =SUMIF('Consumption MTD'!B:B,Cockpit!$E$5:$E$146,'Consumption MTD'!C:C) -> 0 | S48: =SUMIF('BIW Lifting A Shift'!$B:$B,Cockpit!$E$5:$E$146,'BIW Lifting A Shift'!C:C) -> 0 | T48: =SUMIF('BIW Lifting A Shift'!$B:$B,Cockpit!$E$5:$E$146,'BIW Lifting A Shift'!#REF!) -> #REF! | X48: =SUMIF(FLOAT!$D:$D,Cockpit!$E$5:$E$146,FLOAT!F:F) -> 0 | Y48: =IFERROR(VLOOKUP(E48,[4]Sheet1!$D$4:$G$83,4,0),0) -> 0 | Z48: =IFERROR(VLOOKUP(E48,'[5]Cockpit Main'!$D$4:$G$83,4,0),0) -> 0 | AA48: 0 | AF48: =SUMIF(FLOAT!$D:$D,Cockpit!$E48:$E185,FLOAT!G:G) -> 0 | AG48: =SUMIF(FLOAT!$D:$D,Cockpit!$E48:$E185,FLOAT!H:H) -> 0 | AH48: =SUMIF(FLOAT!$D:$D,Cockpit!$E48:$E185,FLOAT!I:I) -> 0 | AI48: =SUMIF(FLOAT!$D:$D,Cockpit!$E48:$E185,FLOAT!J:J) -> 0 | AJ48: =SUMIF(FLOAT!$D:$D,Cockpit!$E48:$E185,FLOAT!K:K) -> 0 | AK48: =SUMIF(FLOAT!$D:$D,Cockpit!$E48:$E185,FLOAT!L:L) -> 0 | AL48: =SUMIF(FLOAT!$D:$D,Cockpit!$E48:$E185,FLOAT!M:M) -> 0 | AM48: =SUMIF(FLOAT!$D:$D,Cockpit!$E48:$E185,FLOAT!N:N) -> 0 | AN48: =SUMIF(FLOAT!$D:$D,Cockpit!$E48:$E185,FLOAT!O:O) -> 0 | AO48: =SUMIF(FLOAT!$D:$D,Cockpit!$E48:$E185,FLOAT!P:P) -> 0 | AP48: =AF48+AG48+AH48+AI48+AJ48+AK48+AM48+AN48+AO48 -> 0
C49: 544254630262 | D49: 544254630262 | E49: 54428925A | F49: ALTROZ DCA XZ+(O) (S)1.2P BS6PH2 | G49: 0 | H49: =G49 -> 0 | I49: 7 | J49: =Q49 -> 0 | K49: =R49 -> 0 | L49: =H49-K49 -> 0 | M49: =I49+J49-K49 -> 7 | N49: =SUMIF('3 D P'!$D:$D,Cockpit!$E$5:$E$146,'3 D P'!L:L) -> 0 | O49: =SUMIF('3 D P'!$D:$D,Cockpit!$E$5:$E$146,'3 D P'!M:M) -> 0 | P49: =SUMIF('3 D P'!$D:$D,Cockpit!$E$5:$E$146,'3 D P'!N:N) -> 0 | Q49: =IFERROR(VLOOKUP($D49,'Aptiv Dispatch'!$A:$B,2,FALSE),0) -> 0 | R49: =SUMIF('Consumption MTD'!B:B,Cockpit!$E$5:$E$146,'Consumption MTD'!C:C) -> 0 | S49: =SUMIF('BIW Lifting A Shift'!$B:$B,Cockpit!$E$5:$E$146,'BIW Lifting A Shift'!C:C) -> 0 | T49: =SUMIF('BIW Lifting A Shift'!$B:$B,Cockpit!$E$5:$E$146,'BIW Lifting A Shift'!#REF!) -> #REF! | U49: =M49-X49 -> 7 | V49: =M49-S49-X49 -> 7 | W49: =V49-T49 -> #REF! | X49: =SUMIF(FLOAT!$D:$D,Cockpit!$E$5:$E$146,FLOAT!F:F) -> 0 | Y49: =IFERROR(VLOOKUP(E49,[4]Sheet1!$D$4:$G$83,4,0),0) -> 0 | Z49: =IFERROR(VLOOKUP(E49,'[5]Cockpit Main'!$D$4:$G$83,4,0),0) -> 0 | AA49: 3 | AC49: 16 | AF49: =SUMIF(FLOAT!$D:$D,Cockpit!$E49:$E186,FLOAT!G:G) -> 0 | AG49: =SUMIF(FLOAT!$D:$D,Cockpit!$E49:$E186,FLOAT!H:H) -> 0 | AH49: =SUMIF(FLOAT!$D:$D,Cockpit!$E49:$E186,FLOAT!I:I) -> 0 | AI49: =SUMIF(FLOAT!$D:$D,Cockpit!$E49:$E186,FLOAT!J:J) -> 0 | AJ49: =SUMIF(FLOAT!$D:$D,Cockpit!$E49:$E186,FLOAT!K:K) -> 0 | AK49: =SUMIF(FLOAT!$D:$D,Cockpit!$E49:$E186,FLOAT!L:L) -> 0 | AL49: =SUMIF(FLOAT!$D:$D,Cockpit!$E49:$E186,FLOAT!M:M) -> 0 | AM49: =SUMIF(FLOAT!$D:$D,Cockpit!$E49:$E186,FLOAT!N:N) -> 0 | AN49: =SUMIF(FLOAT!$D:$D,Cockpit!$E49:$E186,FLOAT!O:O) -> 0 | AO49: =SUMIF(FLOAT!$D:$D,Cockpit!$E49:$E186,FLOAT!P:P) -> 0 | AP49: =AF49+AG49+AH49+AI49+AJ49+AK49+AM49+AN49+AO49 -> 0
C50: 544254630347 | D50: 544254630347 | E50: 54426126A | F50: ALTROZ XZ+S1.2 CNG | G50: 0 | H50: =G50 -> 0 | I50: 0 | J50: =Q50 -> 0 | K50: =R50 -> 0 | L50: =H50-K50 -> 0 | M50: =I50+J50-K50 -> 0 | N50: =SUMIF('3 D P'!$D:$D,Cockpit!$E$5:$E$146,'3 D P'!L:L) -> 0 | O50: =SUMIF('3 D P'!$D:$D,Cockpit!$E$5:$E$146,'3 D P'!M:M) -> 0 | P50: =SUMIF('3 D P'!$D:$D,Cockpit!$E$5:$E$146,'3 D P'!N:N) -> 0 | Q50: =IFERROR(VLOOKUP($D50,'Aptiv Dispatch'!$A:$B,2,FALSE),0) -> 0 | R50: =SUMIF('Consumption MTD'!B:B,Cockpit!$E$5:$E$146,'Consumption MTD'!C:C) -> 0 | S50: =SUMIF('BIW Lifting A Shift'!$B:$B,Cockpit!$E$5:$E$146,'BIW Lifting A Shift'!C:C) -> 0 | T50: =SUMIF('BIW Lifting A Shift'!$B:$B,Cockpit!$E$5:$E$146,'BIW Lifting A Shift'!#REF!) -> #REF! | U50: =M50-X50 -> 0 | V50: =M50-S50-X50 -> 0 | W50: =V50-T50 -> #REF! | X50: =SUMIF(FLOAT!$D:$D,Cockpit!$E$5:$E$146,FLOAT!F:F) -> 0 | Y50: =IFERROR(VLOOKUP(E50,[4]Sheet1!$D$4:$G$83,4,0),0) -> 0 | Z50: =IFERROR(VLOOKUP(E50,'[5]Cockpit Main'!$D$4:$G$83,4,0),0) -> 0 | AA50: 5 | AC50: 6 | AF50: =SUMIF(FLOAT!$D:$D,Cockpit!$E50:$E187,FLOAT!G:G) -> 0 | AG50: =SUMIF(FLOAT!$D:$D,Cockpit!$E50:$E187,FLOAT!H:H) -> 0 | AH50: =SUMIF(FLOAT!$D:$D,Cockpit!$E50:$E187,FLOAT!I:I) -> 0 | AI50: =SUMIF(FLOAT!$D:$D,Cockpit!$E50:$E187,FLOAT!J:J) -> 0 | AJ50: =SUMIF(FLOAT!$D:$D,Cockpit!$E50:$E187,FLOAT!K:K) -> 0 | AK50: =SUMIF(FLOAT!$D:$D,Cockpit!$E50:$E187,FLOAT!L:L) -> 0 | AL50: =SUMIF(FLOAT!$D:$D,Cockpit!$E50:$E187,FLOAT!M:M) -> 0 | AM50: =SUMIF(FLOAT!$D:$D,Cockpit!$E50:$E187,FLOAT!N:N) -> 0 | AN50: =SUMIF(FLOAT!$D:$D,Cockpit!$E50:$E187,FLOAT!O:O) -> 0 | AO50: =SUMIF(FLOAT!$D:$D,Cockpit!$E50:$E187,FLOAT!P:P) -> 0 | AP50: =AF50+AG50+AH50+AI50+AJ50+AK50+AM50+AN50+AO50 -> 0
C51: 544254630353 | D51: 544254630353 | E51: 54426226A | F51: ALTROZ XZ+OS 1.2 CNG BS6PH2 | G51: 0 | H51: =G51 -> 0 | I51: 0 | J51: =Q51 -> 0 | K51: =R51 -> 0 | L51: =H51-K51 -> 0 | M51: =I51+J51-K51 -> 0 | N51: =SUMIF('3 D P'!$D:$D,Cockpit!$E$5:$E$146,'3 D P'!L:L) -> 0 | O51: =SUMIF('3 D P'!$D:$D,Cockpit!$E$5:$E$146,'3 D P'!M:M) -> 0 | P51: =SUMIF('3 D P'!$D:$D,Cockpit!$E$5:$E$146,'3 D P'!N:N) -> 0 | Q51: =IFERROR(VLOOKUP($D51,'Aptiv Dispatch'!$A:$B,2,FALSE),0) -> 0 | R51: =SUMIF('Consumption MTD'!B:B,Cockpit!$E$5:$E$146,'Consumption MTD'!C:C) -> 0 | S51: =SUMIF('BIW Lifting A Shift'!$B:$B,Cockpit!$E$5:$E$146,'BIW Lifting A Shift'!C:C) -> 0 | T51: =SUMIF('BIW Lifting A Shift'!$B:$B,Cockpit!$E$5:$E$146,'BIW Lifting A Shift'!#REF!) -> #REF! | U51: =M51-X51 -> 0 | V51: =M51-S51-X51 -> 0 | W51: =V51-T51 -> #REF! | X51: =SUMIF(FLOAT!$D:$D,Cockpit!$E$5:$E$146,FLOAT!F:F) -> 0 | Y51: =IFERROR(VLOOKUP(E51,[4]Sheet1!$D$4:$G$83,4,0),0) -> 0 | Z51: =IFERROR(VLOOKUP(E51,'[5]Cockpit Main'!$D$4:$G$83,4,0),0) -> 0 | AA51: 0 | AC51: 4 | AF51: =SUMIF(FLOAT!$D:$D,Cockpit!$E51:$E188,FLOAT!G:G) -> 0 | AG51: =SUMIF(FLOAT!$D:$D,Cockpit!$E51:$E188,FLOAT!H:H) -> 0 | AH51: =SUMIF(FLOAT!$D:$D,Cockpit!$E51:$E188,FLOAT!I:I) -> 0 | AI51: =SUMIF(FLOAT!$D:$D,Cockpit!$E51:$E188,FLOAT!J:J) -> 0 | AJ51: =SUMIF(FLOAT!$D:$D,Cockpit!$E51:$E188,FLOAT!K:K) -> 0 | AK51: =SUMIF(FLOAT!$D:$D,Cockpit!$E51:$E188,FLOAT!L:L) -> 0 | AL51: =SUMIF(FLOAT!$D:$D,Cockpit!$E51:$E188,FLOAT!M:M) -> 0 | AM51: =SUMIF(FLOAT!$D:$D,Cockpit!$E51:$E188,FLOAT!N:N) -> 0 | AN51: =SUMIF(FLOAT!$D:$D,Cockpit!$E51:$E188,FLOAT!O:O) -> 0 | AO51: =SUMIF(FLOAT!$D:$D,Cockpit!$E51:$E188,FLOAT!P:P) -> 0 | AP51: =AF51+AG51+AH51+AI51+AJ51+AK51+AM51+AN51+AO51 -> 0
C52: 544254630399 | D52: 544254630399 | E52: 54427425A | F52: ALTROZ XM+ 1.2 CNG BS6PH2 | G52: 0 | H52: =G52 -> 0 | I52: 1 | J52: =Q52 -> 0 | K52: =R52 -> 0 | L52: =H52-K52 -> 0 | M52: =I52+J52-K52 -> 1 | N52: =SUMIF('3 D P'!$D:$D,Cockpit!$E$5:$E$146,'3 D P'!L:L) -> 0 | O52: =SUMIF('3 D P'!$D:$D,Cockpit!$E$5:$E$146,'3 D P'!M:M) -> 0 | P52: =SUMIF('3 D P'!$D:$D,Cockpit!$E$5:$E$146,'3 D P'!N:N) -> 0 | Q52: =IFERROR(VLOOKUP($D52,'Aptiv Dispatch'!$A:$B,2,FALSE),0) -> 0 | R52: =SUMIF('Consumption MTD'!B:B,Cockpit!$E$5:$E$146,'Consumption MTD'!C:C) -> 0 | S52: =SUMIF('BIW Lifting A Shift'!$B:$B,Cockpit!$E$5:$E$146,'BIW Lifting A Shift'!C:C) -> 0 | T52: =SUMIF('BIW Lifting A Shift'!$B:$B,Cockpit!$E$5:$E$146,'BIW Lifting A Shift'!#REF!) -> #REF! | U52: =M52-X52 -> 1 | V52: =M52-S52-X52 -> 1 | W52: =V52-T52 -> #REF! | X52: =SUMIF(FLOAT!$D:$D,Cockpit!$E$5:$E$146,FLOAT!F:F) -> 0 | Y52: =IFERROR(VLOOKUP(E52,[4]Sheet1!$D$4:$G$83,4,0),0) -> 0 | Z52: =IFERROR(VLOOKUP(E52,'[5]Cockpit Main'!$D$4:$G$83,4,0),0) -> 0 | AA52: 5 | AC52: 53 | AF52: =SUMIF(FLOAT!$D:$D,Cockpit!$E52:$E189,FLOAT!G:G) -> 0 | AG52: =SUMIF(FLOAT!$D:$D,Cockpit!$E52:$E189,FLOAT!H:H) -> 0 | AH52: =SUMIF(FLOAT!$D:$D,Cockpit!$E52:$E189,FLOAT!I:I) -> 0 | AI52: =SUMIF(FLOAT!$D:$D,Cockpit!$E52:$E189,FLOAT!J:J) -> 0 | AJ52: =SUMIF(FLOAT!$D:$D,Cockpit!$E52:$E189,FLOAT!K:K) -> 0 | AK52: =SUMIF(FLOAT!$D:$D,Cockpit!$E52:$E189,FLOAT!L:L) -> 0 | AL52: =SUMIF(FLOAT!$D:$D,Cockpit!$E52:$E189,FLOAT!M:M) -> 0 | AM52: =SUMIF(FLOAT!$D:$D,Cockpit!$E52:$E189,FLOAT!N:N) -> 0 | AN52: =SUMIF(FLOAT!$D:$D,Cockpit!$E52:$E189,FLOAT!O:O) -> 0 | AO52: =SUMIF(FLOAT!$D:$D,Cockpit!$E52:$E189,FLOAT!P:P) -> 0 | AP52: =AF52+AG52+AH52+AI52+AJ52+AK52+AM52+AN52+AO52 -> 0
C53: 544254630346 | D53: 544254630346 | E53: 54426026A | F53: ALTROZ XM+S1.2 CNG | G53: 0 | H53: =G53 -> 0 | I53: 0 | J53: =Q53 -> 0 | K53: =R53 -> 0 | L53: =H53-K53 -> 0 | M53: =I53+J53-K53 -> 0 | N53: =SUMIF('3 D P'!$D:$D,Cockpit!$E$5:$E$146,'3 D P'!L:L) -> 0 | O53: =SUMIF('3 D P'!$D:$D,Cockpit!$E$5:$E$146,'3 D P'!M:M) -> 0 | P53: =SUMIF('3 D P'!$D:$D,Cockpit!$E$5:$E$146,'3 D P'!N:N) -> 0 | Q53: =IFERROR(VLOOKUP($D53,'Aptiv Dispatch'!$A:$B,2,FALSE),0) -> 0 | R53: =SUMIF('Consumption MTD'!B:B,Cockpit!$E$5:$E$146,'Consumption MTD'!C:C) -> 0 | S53: =SUMIF('BIW Lifting A Shift'!$B:$B,Cockpit!$E$5:$E$146,'BIW Lifting A Shift'!C:C) -> 0 | T53: =SUMIF('BIW Lifting A Shift'!$B:$B,Cockpit!$E$5:$E$146,'BIW Lifting A Shift'!#REF!) -> #REF! | U53: =M53-X53 -> 0 | V53: =M53-S53-X53 -> 0 | W53: =V53-T53 -> #REF! | X53: =SUMIF(FLOAT!$D:$D,Cockpit!$E$5:$E$146,FLOAT!F:F) -> 0 | Y53: =IFERROR(VLOOKUP(E53,[4]Sheet1!$D$4:$G$83,4,0),0) -> 0 | Z53: =IFERROR(VLOOKUP(E53,'[5]Cockpit Main'!$D$4:$G$83,4,0),0) -> 0 | AA53: 5 | AC53: 35 | AF53: =SUMIF(FLOAT!$D:$D,Cockpit!$E53:$E190,FLOAT!G:G) -> 0 | AG53: =SUMIF(FLOAT!$D:$D,Cockpit!$E53:$E190,FLOAT!H:H) -> 0 | AH53: =SUMIF(FLOAT!$D:$D,Cockpit!$E53:$E190,FLOAT!I:I) -> 0 | AI53: =SUMIF(FLOAT!$D:$D,Cockpit!$E53:$E190,FLOAT!J:J) -> 0 | AJ53: =SUMIF(FLOAT!$D:$D,Cockpit!$E53:$E190,FLOAT!K:K) -> 0 | AK53: =SUMIF(FLOAT!$D:$D,Cockpit!$E53:$E190,FLOAT!L:L) -> 0 | AL53: =SUMIF(FLOAT!$D:$D,Cockpit!$E53:$E190,FLOAT!M:M) -> 0 | AM53: =SUMIF(FLOAT!$D:$D,Cockpit!$E53:$E190,FLOAT!N:N) -> 0 | AN53: =SUMIF(FLOAT!$D:$D,Cockpit!$E53:$E190,FLOAT!O:O) -> 0 | AO53: =SUMIF(FLOAT!$D:$D,Cockpit!$E53:$E190,FLOAT!P:P) -> 0 | AP53: =AF53+AG53+AH53+AI53+AJ53+AK53+AM53+AN53+AO53 -> 0
C54: 544254630397 | D54: 544254630397 | E54: 54427825A | F54: ALTROZ XZ 1.2 CNG BS6PH2 | G54: 0 | H54: =G54 -> 0 | I54: 5 | J54: =Q54 -> 0 | K54: =R54 -> 0 | L54: =H54-K54 -> 0 | M54: =I54+J54-K54 -> 5 | N54: =SUMIF('3 D P'!$D:$D,Cockpit!$E$5:$E$146,'3 D P'!L:L) -> 0 | O54: =SUMIF('3 D P'!$D:$D,Cockpit!$E$5:$E$146,'3 D P'!M:M) -> 0 | P54: =SUMIF('3 D P'!$D:$D,Cockpit!$E$5:$E$146,'3 D P'!N:N) -> 0 | Q54: =IFERROR(VLOOKUP($D54,'Aptiv Dispatch'!$A:$B,2,FALSE),0) -> 0 | R54: =SUMIF('Consumption MTD'!B:B,Cockpit!$E$5:$E$146,'Consumption MTD'!C:C) -> 0 | S54: =SUMIF('BIW Lifting A Shift'!$B:$B,Cockpit!$E$5:$E$146,'BIW Lifting A Shift'!C:C) -> 0 | T54: =SUMIF('BIW Lifting A Shift'!$B:$B,Cockpit!$E$5:$E$146,'BIW Lifting A Shift'!#REF!) -> #REF! | U54: =M54-X54 -> 5 | V54: =M54-S54-X54 -> 5 | W54: =V54-T54 -> #REF! | X54: =SUMIF(FLOAT!$D:$D,Cockpit!$E$5:$E$146,FLOAT!F:F) -> 0 | Y54: =IFERROR(VLOOKUP(E54,[4]Sheet1!$D$4:$G$83,4,0),0) -> 0 | Z54: =IFERROR(VLOOKUP(E54,'[5]Cockpit Main'!$D$4:$G$83,4,0),0) -> 0 | AA54: 5 | AC54: 48 | AF54: =SUMIF(FLOAT!$D:$D,Cockpit!$E54:$E191,FLOAT!G:G) -> 0 | AG54: =SUMIF(FLOAT!$D:$D,Cockpit!$E54:$E191,FLOAT!H:H) -> 0 | AH54: =SUMIF(FLOAT!$D:$D,Cockpit!$E54:$E191,FLOAT!I:I) -> 0 | AI54: =SUMIF(FLOAT!$D:$D,Cockpit!$E54:$E191,FLOAT!J:J) -> 0 | AJ54: =SUMIF(FLOAT!$D:$D,Cockpit!$E54:$E191,FLOAT!K:K) -> 0 | AK54: =SUMIF(FLOAT!$D:$D,Cockpit!$E54:$E191,FLOAT!L:L) -> 0 | AL54: =SUMIF(FLOAT!$D:$D,Cockpit!$E54:$E191,FLOAT!M:M) -> 0 | AM54: =SUMIF(FLOAT!$D:$D,Cockpit!$E54:$E191,FLOAT!N:N) -> 0 | AN54: =SUMIF(FLOAT!$D:$D,Cockpit!$E54:$E191,FLOAT!O:O) -> 0 | AO54: =SUMIF(FLOAT!$D:$D,Cockpit!$E54:$E191,FLOAT!P:P) -> 0 | AP54: =AF54+AG54+AH54+AI54+AJ54+AK54+AM54+AN54+AO54 -> 0
C55: 544254630344 | D55: 544254630344 | E55: 54425926A | F55: ALTROZ XE 1.2 CNG BS6PH2 | G55: 0 | H55: =G55 -> 0 | I55: 2 | J55: =Q55 -> 0 | K55: =R55 -> 0 | L55: =H55-K55 -> 0 | M55: =I55+J55-K55 -> 2 | N55: =SUMIF('3 D P'!$D:$D,Cockpit!$E$5:$E$146,'3 D P'!L:L) -> 0 | O55: =SUMIF('3 D P'!$D:$D,Cockpit!$E$5:$E$146,'3 D P'!M:M) -> 0 | P55: =SUMIF('3 D P'!$D:$D,Cockpit!$E$5:$E$146,'3 D P'!N:N) -> 0 | Q55: =IFERROR(VLOOKUP($D55,'Aptiv Dispatch'!$A:$B,2,FALSE),0) -> 0 | R55: =SUMIF('Consumption MTD'!B:B,Cockpit!$E$5:$E$146,'Consumption MTD'!C:C) -> 0 | S55: =SUMIF('BIW Lifting A Shift'!$B:$B,Cockpit!$E$5:$E$146,'BIW Lifting A Shift'!C:C) -> 0 | T55: =SUMIF('BIW Lifting A Shift'!$B:$B,Cockpit!$E$5:$E$146,'BIW Lifting A Shift'!#REF!) -> #REF! | U55: =M55-X55 -> 2 | V55: =M55-S55-X55 -> 2 | W55: =V55-T55 -> #REF! | X55: =SUMIF(FLOAT!$D:$D,Cockpit!$E$5:$E$146,FLOAT!F:F) -> 0 | Y55: =IFERROR(VLOOKUP(E55,[4]Sheet1!$D$4:$G$83,4,0),0) -> 0 | Z55: =IFERROR(VLOOKUP(E55,'[5]Cockpit Main'!$D$4:$G$83,4,0),0) -> 0 | AA55: 3 | AC55: 3 | AF55: =SUMIF(FLOAT!$D:$D,Cockpit!$E55:$E192,FLOAT!G:G) -> 0 | AG55: =SUMIF(FLOAT!$D:$D,Cockpit!$E55:$E192,FLOAT!H:H) -> 0 | AH55: =SUMIF(FLOAT!$D:$D,Cockpit!$E55:$E192,FLOAT!I:I) -> 0 | AI55: =SUMIF(FLOAT!$D:$D,Cockpit!$E55:$E192,FLOAT!J:J) -> 0 | AJ55: =SUMIF(FLOAT!$D:$D,Cockpit!$E55:$E192,FLOAT!K:K) -> 0 | AK55: =SUMIF(FLOAT!$D:$D,Cockpit!$E55:$E192,FLOAT!L:L) -> 0 | AL55: =SUMIF(FLOAT!$D:$D,Cockpit!$E55:$E192,FLOAT!M:M) -> 0 | AM55: =SUMIF(FLOAT!$D:$D,Cockpit!$E55:$E192,FLOAT!N:N) -> 0 | AN55: =SUMIF(FLOAT!$D:$D,Cockpit!$E55:$E192,FLOAT!O:O) -> 0 | AO55: =SUMIF(FLOAT!$D:$D,Cockpit!$E55:$E192,FLOAT!P:P) -> 0 | AP55: =AF55+AG55+AH55+AI55+AJ55+AK55+AM55+AN55+AO55 -> 0
D56: 544254630611 | E56: 54429126A | F56: XZ+OS-Petrol | G56: 0 | H56: =G56 -> 0 | I56: 0 | J56: =Q56 -> 0 | K56: =R56 -> 0 | L56: =H56-K56 -> 0 | M56: =I56+J56-K56 -> 0 | N56: =SUMIF('3 D P'!$D:$D,Cockpit!$E$5:$E$146,'3 D P'!L:L) -> 0 | O56: =SUMIF('3 D P'!$D:$D,Cockpit!$E$5:$E$146,'3 D P'!M:M) -> 0 | P56: =SUMIF('3 D P'!$D:$D,Cockpit!$E$5:$E$146,'3 D P'!N:N) -> 0 | Q56: =IFERROR(VLOOKUP($D56,'Aptiv Dispatch'!$A:$B,2,FALSE),0) -> 0 | R56: =SUMIF('Consumption MTD'!B:B,Cockpit!$E$5:$E$146,'Consumption MTD'!C:C) -> 0 | S56: =SUMIF('BIW Lifting A Shift'!$B:$B,Cockpit!$E$5:$E$146,'BIW Lifting A Shift'!C:C) -> 0 | T56: =SUMIF('BIW Lifting A Shift'!$B:$B,Cockpit!$E$5:$E$146,'BIW Lifting A Shift'!#REF!) -> #REF! | U56: =M56-X56 -> 0 | V56: =M56-S56-X56 -> 0 | W56: =V56-T56 -> #REF! | X56: =SUMIF(FLOAT!$D:$D,Cockpit!$E$5:$E$146,FLOAT!F:F) -> 0 | AF56: =SUMIF(FLOAT!$D:$D,Cockpit!$E56:$E193,FLOAT!G:G) -> 0 | AG56: =SUMIF(FLOAT!$D:$D,Cockpit!$E56:$E193,FLOAT!H:H) -> 0 | AH56: =SUMIF(FLOAT!$D:$D,Cockpit!$E56:$E193,FLOAT!I:I) -> 0 | AI56: =SUMIF(FLOAT!$D:$D,Cockpit!$E56:$E193,FLOAT!J:J) -> 0 | AJ56: =SUMIF(FLOAT!$D:$D,Cockpit!$E56:$E193,FLOAT!K:K) -> 0 | AK56: =SUMIF(FLOAT!$D:$D,Cockpit!$E56:$E193,FLOAT!L:L) -> 0 | AL56: =SUMIF(FLOAT!$D:$D,Cockpit!$E56:$E193,FLOAT!M:M) -> 0 | AM56: =SUMIF(FLOAT!$D:$D,Cockpit!$E56:$E193,FLOAT!N:N) -> 0 | AN56: =SUMIF(FLOAT!$D:$D,Cockpit!$E56:$E193,FLOAT!O:O) -> 0 | AO56: =SUMIF(FLOAT!$D:$D,Cockpit!$E56:$E193,FLOAT!P:P) -> 0 | AP56: =AF56+AG56+AH56+AI56+AJ56+AK56+AM56+AN56+AO56 -> 0
D57: 544254630601 | E57: 54429226A | F57: XZ+OS-DCA | G57: 0 | H57: =G57 -> 0 | I57: 0 | J57: =Q57 -> 0 | K57: =R57 -> 0 | L57: =H57-K57 -> 0 | M57: =I57+J57-K57 -> 0 | N57: =SUMIF('3 D P'!$D:$D,Cockpit!$E$5:$E$146,'3 D P'!L:L) -> 0 | O57: =SUMIF('3 D P'!$D:$D,Cockpit!$E$5:$E$146,'3 D P'!M:M) -> 0 | P57: =SUMIF('3 D P'!$D:$D,Cockpit!$E$5:$E$146,'3 D P'!N:N) -> 0 | Q57: =IFERROR(VLOOKUP($D57,'Aptiv Dispatch'!$A:$B,2,FALSE),0) -> 0 | R57: =SUMIF('Consumption MTD'!B:B,Cockpit!$E$5:$E$146,'Consumption MTD'!C:C) -> 0 | S57: =SUMIF('BIW Lifting A Shift'!$B:$B,Cockpit!$E$5:$E$146,'BIW Lifting A Shift'!C:C) -> 0 | T57: =SUMIF('BIW Lifting A Shift'!$B:$B,Cockpit!$E$5:$E$146,'BIW Lifting A Shift'!#REF!) -> #REF! | U57: =M57-X57 -> 0 | V57: =M57-S57-X57 -> 0 | W57: =V57-T57 -> #REF! | X57: =SUMIF(FLOAT!$D:$D,Cockpit!$E$5:$E$146,FLOAT!F:F) -> 0 | AF57: =SUMIF(FLOAT!$D:$D,Cockpit!$E57:$E194,FLOAT!G:G) -> 0 | AG57: =SUMIF(FLOAT!$D:$D,Cockpit!$E57:$E194,FLOAT!H:H) -> 0 | AH57: =SUMIF(FLOAT!$D:$D,Cockpit!$E57:$E194,FLOAT!I:I) -> 0 | AI57: =SUMIF(FLOAT!$D:$D,Cockpit!$E57:$E194,FLOAT!J:J) -> 0 | AJ57: =SUMIF(FLOAT!$D:$D,Cockpit!$E57:$E194,FLOAT!K:K) -> 0 | AK57: =SUMIF(FLOAT!$D:$D,Cockpit!$E57:$E194,FLOAT!L:L) -> 0 | AL57: =SUMIF(FLOAT!$D:$D,Cockpit!$E57:$E194,FLOAT!M:M) -> 0 | AM57: =SUMIF(FLOAT!$D:$D,Cockpit!$E57:$E194,FLOAT!N:N) -> 0 | AN57: =SUMIF(FLOAT!$D:$D,Cockpit!$E57:$E194,FLOAT!O:O) -> 0 | AO57: =SUMIF(FLOAT!$D:$D,Cockpit!$E57:$E194,FLOAT!P:P) -> 0 | AP57: =AF57+AG57+AH57+AI57+AJ57+AK57+AM57+AN57+AO57 -> 0
D58: 544254630705 | E58: 54422426A | F58: ZX+OS+CNG | G58: 0 | H58: =G58 -> 0 | I58: 0 | J58: =Q58 -> 0 | K58: =R58 -> 0 | L58: =H58-K58 -> 0 | M58: =I58+J58-K58 -> 0 | N58: =SUMIF('3 D P'!$D:$D,Cockpit!$E$5:$E$146,'3 D P'!L:L) -> 0 | O58: =SUMIF('3 D P'!$D:$D,Cockpit!$E$5:$E$146,'3 D P'!M:M) -> 0 | P58: =SUMIF('3 D P'!$D:$D,Cockpit!$E$5:$E$146,'3 D P'!N:N) -> 0 | Q58: =IFERROR(VLOOKUP($D58,'Aptiv Dispatch'!$A:$B,2,FALSE),0) -> 0 | R58: =SUMIF('Consumption MTD'!B:B,Cockpit!$E$5:$E$146,'Consumption MTD'!C:C) -> 0 | S58: =SUMIF('BIW Lifting A Shift'!$B:$B,Cockpit!$E$5:$E$146,'BIW Lifting A Shift'!C:C) -> 0 | T58: =SUMIF('BIW Lifting A Shift'!$B:$B,Cockpit!$E$5:$E$146,'BIW Lifting A Shift'!#REF!) -> #REF! | U58: =M58-X58 -> 0 | V58: =M58-S58-X58 -> 0 | W58: =V58-T58 -> #REF! | X58: =SUMIF(FLOAT!$D:$D,Cockpit!$E$5:$E$146,FLOAT!F:F) -> 0 | AF58: =SUMIF(FLOAT!$D:$D,Cockpit!$E58:$E195,FLOAT!G:G) -> 0 | AG58: =SUMIF(FLOAT!$D:$D,Cockpit!$E58:$E195,FLOAT!H:H) -> 0 | AH58: =SUMIF(FLOAT!$D:$D,Cockpit!$E58:$E195,FLOAT!I:I) -> 0 | AI58: =SUMIF(FLOAT!$D:$D,Cockpit!$E58:$E195,FLOAT!J:J) -> 0 | AJ58: =SUMIF(FLOAT!$D:$D,Cockpit!$E58:$E195,FLOAT!K:K) -> 0 | AK58: =SUMIF(FLOAT!$D:$D,Cockpit!$E58:$E195,FLOAT!L:L) -> 0 | AL58: =SUMIF(FLOAT!$D:$D,Cockpit!$E58:$E195,FLOAT!M:M) -> 0 | AM58: =SUMIF(FLOAT!$D:$D,Cockpit!$E58:$E195,FLOAT!N:N) -> 0 | AN58: =SUMIF(FLOAT!$D:$D,Cockpit!$E58:$E195,FLOAT!O:O) -> 0 | AO58: =SUMIF(FLOAT!$D:$D,Cockpit!$E58:$E195,FLOAT!P:P) -> 0 | AP58: =AF58+AG58+AH58+AI58+AJ58+AK58+AM58+AN58+AO58 -> 0
D59: 544254630600 | E59: 54428726A | F59: XZ+S LUX DARK+Petrol | G59: 0 | H59: =SUM(G59:G60) -> 0 | I59: 0 | J59: =Q59 -> 0 | K59: =SUM(R59:R60) -> 0 | L59: =H59-K59 -> 0 | M59: =SUM(I59:I60)+J59-K59 -> 0 | N59: =SUMIF('3 D P'!$D:$D,Cockpit!$E$5:$E$146,'3 D P'!L:L) -> 0 | O59: =SUMIF('3 D P'!$D:$D,Cockpit!$E$5:$E$146,'3 D P'!M:M) -> 0 | P59: =SUMIF('3 D P'!$D:$D,Cockpit!$E$5:$E$146,'3 D P'!N:N) -> 0 | Q59: =IFERROR(VLOOKUP($D59,'Aptiv Dispatch'!$A:$B,2,FALSE),0) -> 0 | R59: =SUMIF('Consumption MTD'!B:B,Cockpit!$E$5:$E$146,'Consumption MTD'!C:C) -> 0 | S59: =SUMIF('BIW Lifting A Shift'!$B:$B,Cockpit!$E$5:$E$146,'BIW Lifting A Shift'!C:C) -> 0 | T59: =SUMIF('BIW Lifting A Shift'!$B:$B,Cockpit!$E$5:$E$146,'BIW Lifting A Shift'!#REF!) -> #REF! | U59: =M59-X59-X60 -> 0 | V59: =M59-SUM(X59:X60)-SUM(S59:S60) -> 0 | W59: =V59-SUM(T59:T60) -> #REF! | X59: =SUMIF(FLOAT!$D:$D,Cockpit!$E$5:$E$146,FLOAT!F:F) -> 0 | AF59: =SUMIF(FLOAT!$D:$D,Cockpit!$E59:$E196,FLOAT!G:G) -> 0 | AG59: =SUMIF(FLOAT!$D:$D,Cockpit!$E59:$E196,FLOAT!H:H) -> 0 | AH59: =SUMIF(FLOAT!$D:$D,Cockpit!$E59:$E196,FLOAT!I:I) -> 0 | AI59: =SUMIF(FLOAT!$D:$D,Cockpit!$E59:$E196,FLOAT!J:J) -> 0 | AJ59: =SUMIF(FLOAT!$D:$D,Cockpit!$E59:$E196,FLOAT!K:K) -> 0 | AK59: =SUMIF(FLOAT!$D:$D,Cockpit!$E59:$E196,FLOAT!L:L) -> 0 | AL59: =SUMIF(FLOAT!$D:$D,Cockpit!$E59:$E196,FLOAT!M:M) -> 0 | AM59: =SUMIF(FLOAT!$D:$D,Cockpit!$E59:$E196,FLOAT!N:N) -> 0 | AN59: =SUMIF(FLOAT!$D:$D,Cockpit!$E59:$E196,FLOAT!O:O) -> 0 | AO59: =SUMIF(FLOAT!$D:$D,Cockpit!$E59:$E196,FLOAT!P:P) -> 0 | AP59: =AF59+AG59+AH59+AI59+AJ59+AK59+AM59+AN59+AO59 -> 0
E60: 54429026A | F60: XZ+S LUX-DCA | G60: 0 | N60: =SUMIF('3 D P'!$D:$D,Cockpit!$E$5:$E$146,'3 D P'!L:L) -> 0 | O60: =SUMIF('3 D P'!$D:$D,Cockpit!$E$5:$E$146,'3 D P'!M:M) -> 0 | P60: =SUMIF('3 D P'!$D:$D,Cockpit!$E$5:$E$146,'3 D P'!N:N) -> 0 | Q60: =IFERROR(VLOOKUP($D60,'Aptiv Dispatch'!$A:$B,2,FALSE),0) -> 0 | R60: =SUMIF('Consumption MTD'!B:B,Cockpit!$E$5:$E$146,'Consumption MTD'!C:C) -> 0 | S60: =SUMIF('BIW Lifting A Shift'!$B:$B,Cockpit!$E$5:$E$146,'BIW Lifting A Shift'!C:C) -> 0 | T60: =SUMIF('BIW Lifting A Shift'!$B:$B,Cockpit!$E$5:$E$146,'BIW Lifting A Shift'!#REF!) -> #REF! | X60: =SUMIF(FLOAT!$D:$D,Cockpit!$E$5:$E$146,FLOAT!F:F) -> 0 | AF60: =SUMIF(FLOAT!$D:$D,Cockpit!$E60:$E197,FLOAT!G:G) -> 0 | AG60: =SUMIF(FLOAT!$D:$D,Cockpit!$E60:$E197,FLOAT!H:H) -> 0 | AH60: =SUMIF(FLOAT!$D:$D,Cockpit!$E60:$E197,FLOAT!I:I) -> 0 | AI60: =SUMIF(FLOAT!$D:$D,Cockpit!$E60:$E197,FLOAT!J:J) -> 0 | AJ60: =SUMIF(FLOAT!$D:$D,Cockpit!$E60:$E197,FLOAT!K:K) -> 0 | AK60: =SUMIF(FLOAT!$D:$D,Cockpit!$E60:$E197,FLOAT!L:L) -> 0 | AL60: =SUMIF(FLOAT!$D:$D,Cockpit!$E60:$E197,FLOAT!M:M) -> 0 | AM60: =SUMIF(FLOAT!$D:$D,Cockpit!$E60:$E197,FLOAT!N:N) -> 0 | AN60: =SUMIF(FLOAT!$D:$D,Cockpit!$E60:$E197,FLOAT!O:O) -> 0 | AO60: =SUMIF(FLOAT!$D:$D,Cockpit!$E60:$E197,FLOAT!P:P) -> 0 | AP60: =AF60+AG60+AH60+AI60+AJ60+AK60+AM60+AN60+AO60 -> 0
D61: 544254630610 | E61: 54428626A | F61: XZ+S LUX DARK+Diesel | G61: 0 | H61: =SUM(G61:G64) -> 0 | I61: 0 | J61: =Q61 -> 0 | K61: =SUM(R61:R64) -> 0 | L61: =H61-K61 -> 0 | M61: =SUM(I61:I64)+J61-K61 -> 0 | N61: =SUMIF('3 D P'!$D:$D,Cockpit!$E$5:$E$146,'3 D P'!L:L) -> 0 | O61: =SUMIF('3 D P'!$D:$D,Cockpit!$E$5:$E$146,'3 D P'!M:M) -> 0 | P61: =SUMIF('3 D P'!$D:$D,Cockpit!$E$5:$E$146,'3 D P'!N:N) -> 0 | Q61: =IFERROR(VLOOKUP($D61,'Aptiv Dispatch'!$A:$B,2,FALSE),0) -> 0 | R61: =SUMIF('Consumption MTD'!B:B,Cockpit!$E$5:$E$146,'Consumption MTD'!C:C) -> 0 | S61: =SUMIF('BIW Lifting A Shift'!$B:$B,Cockpit!$E$5:$E$146,'BIW Lifting A Shift'!C:C) -> 0 | T61: =SUMIF('BIW Lifting A Shift'!$B:$B,Cockpit!$E$5:$E$146,'BIW Lifting A Shift'!#REF!) -> #REF! | U61: =M61-SUM(X61:X64) -> 0 | V61: =M61-SUM(X61:X64)-SUM(S61:S64) -> 0 | W61: =V61-SUM(T61:T64) -> #REF! | X61: =SUMIF(FLOAT!$D:$D,Cockpit!$E$5:$E$146,FLOAT!F:F) -> 0 | AF61: =SUMIF(FLOAT!$D:$D,Cockpit!$E61:$E198,FLOAT!G:G) -> 0 | AG61: =SUMIF(FLOAT!$D:$D,Cockpit!$E61:$E198,FLOAT!H:H) -> 0 | AH61: =SUMIF(FLOAT!$D:$D,Cockpit!$E61:$E198,FLOAT!I:I) -> 0 | AI61: =SUMIF(FLOAT!$D:$D,Cockpit!$E61:$E198,FLOAT!J:J) -> 0 | AJ61: =SUMIF(FLOAT!$D:$D,Cockpit!$E61:$E198,FLOAT!K:K) -> 0 | AK61: =SUMIF(FLOAT!$D:$D,Cockpit!$E61:$E198,FLOAT!L:L) -> 0 | AL61: =SUMIF(FLOAT!$D:$D,Cockpit!$E61:$E198,FLOAT!M:M) -> 0 | AM61: =SUMIF(FLOAT!$D:$D,Cockpit!$E61:$E198,FLOAT!N:N) -> 0 | AN61: =SUMIF(FLOAT!$D:$D,Cockpit!$E61:$E198,FLOAT!O:O) -> 0 | AO61: =SUMIF(FLOAT!$D:$D,Cockpit!$E61:$E198,FLOAT!P:P) -> 0 | AP61: =AF61+AG61+AH61+AI61+AJ61+AK61+AM61+AN61+AO61 -> 0
E62: 54428826A | F62: XZ+S LUX-Petrol | G62: 0 | N62: =SUMIF('3 D P'!$D:$D,Cockpit!$E$5:$E$146,'3 D P'!L:L) -> 0 | O62: =SUMIF('3 D P'!$D:$D,Cockpit!$E$5:$E$146,'3 D P'!M:M) -> 0 | P62: =SUMIF('3 D P'!$D:$D,Cockpit!$E$5:$E$146,'3 D P'!N:N) -> 0 | Q62: =IFERROR(VLOOKUP($D62,'Aptiv Dispatch'!$A:$B,2,FALSE),0) -> 0 | R62: =SUMIF('Consumption MTD'!B:B,Cockpit!$E$5:$E$146,'Consumption MTD'!C:C) -> 0 | S62: =SUMIF('BIW Lifting A Shift'!$B:$B,Cockpit!$E$5:$E$146,'BIW Lifting A Shift'!C:C) -> 0 | T62: =SUMIF('BIW Lifting A Shift'!$B:$B,Cockpit!$E$5:$E$146,'BIW Lifting A Shift'!#REF!) -> #REF! | X62: =SUMIF(FLOAT!$D:$D,Cockpit!$E$5:$E$146,FLOAT!F:F) -> 0 | AF62: =SUMIF(FLOAT!$D:$D,Cockpit!$E62:$E199,FLOAT!G:G) -> 0 | AG62: =SUMIF(FLOAT!$D:$D,Cockpit!$E62:$E199,FLOAT!H:H) -> 0 | AH62: =SUMIF(FLOAT!$D:$D,Cockpit!$E62:$E199,FLOAT!I:I) -> 0 | AI62: =SUMIF(FLOAT!$D:$D,Cockpit!$E62:$E199,FLOAT!J:J) -> 0 | AJ62: =SUMIF(FLOAT!$D:$D,Cockpit!$E62:$E199,FLOAT!K:K) -> 0 | AK62: =SUMIF(FLOAT!$D:$D,Cockpit!$E62:$E199,FLOAT!L:L) -> 0 | AL62: =SUMIF(FLOAT!$D:$D,Cockpit!$E62:$E199,FLOAT!M:M) -> 0 | AM62: =SUMIF(FLOAT!$D:$D,Cockpit!$E62:$E199,FLOAT!N:N) -> 0 | AN62: =SUMIF(FLOAT!$D:$D,Cockpit!$E62:$E199,FLOAT!O:O) -> 0 | AO62: =SUMIF(FLOAT!$D:$D,Cockpit!$E62:$E199,FLOAT!P:P) -> 0 | AP62: =AF62+AG62+AH62+AI62+AJ62+AK62+AM62+AN62+AO62 -> 0
E63: 54428926A | F63: XZ+S LUX-Diesel | G63: 0 | N63: =SUMIF('3 D P'!$D:$D,Cockpit!$E$5:$E$146,'3 D P'!L:L) -> 0 | O63: =SUMIF('3 D P'!$D:$D,Cockpit!$E$5:$E$146,'3 D P'!M:M) -> 0 | P63: =SUMIF('3 D P'!$D:$D,Cockpit!$E$5:$E$146,'3 D P'!N:N) -> 0 | Q63: =IFERROR(VLOOKUP($D63,'Aptiv Dispatch'!$A:$B,2,FALSE),0) -> 0 | R63: =SUMIF('Consumption MTD'!B:B,Cockpit!$E$5:$E$146,'Consumption MTD'!C:C) -> 0 | S63: =SUMIF('BIW Lifting A Shift'!$B:$B,Cockpit!$E$5:$E$146,'BIW Lifting A Shift'!C:C) -> 0 | T63: =SUMIF('BIW Lifting A Shift'!$B:$B,Cockpit!$E$5:$E$146,'BIW Lifting A Shift'!#REF!) -> #REF! | X63: =SUMIF(FLOAT!$D:$D,Cockpit!$E$5:$E$146,FLOAT!F:F) -> 0 | AF63: =SUMIF(FLOAT!$D:$D,Cockpit!$E63:$E200,FLOAT!G:G) -> 0 | AG63: =SUMIF(FLOAT!$D:$D,Cockpit!$E63:$E200,FLOAT!H:H) -> 0 | AH63: =SUMIF(FLOAT!$D:$D,Cockpit!$E63:$E200,FLOAT!I:I) -> 0 | AI63: =SUMIF(FLOAT!$D:$D,Cockpit!$E63:$E200,FLOAT!J:J) -> 0 | AJ63: =SUMIF(FLOAT!$D:$D,Cockpit!$E63:$E200,FLOAT!K:K) -> 0 | AK63: =SUMIF(FLOAT!$D:$D,Cockpit!$E63:$E200,FLOAT!L:L) -> 0 | AL63: =SUMIF(FLOAT!$D:$D,Cockpit!$E63:$E200,FLOAT!M:M) -> 0 | AM63: =SUMIF(FLOAT!$D:$D,Cockpit!$E63:$E200,FLOAT!N:N) -> 0 | AN63: =SUMIF(FLOAT!$D:$D,Cockpit!$E63:$E200,FLOAT!O:O) -> 0 | AO63: =SUMIF(FLOAT!$D:$D,Cockpit!$E63:$E200,FLOAT!P:P) -> 0 | AP63: =AF63+AG63+AH63+AI63+AJ63+AK63+AM63+AN63+AO63 -> 0
E64: 54428526A | F64: COSMO_DARK-ALTROZ XZ+S LUX D 1.2P 6AB | G64: 0 | N64: =SUMIF('3 D P'!$D:$D,Cockpit!$E$5:$E$146,'3 D P'!L:L) -> 0 | O64: =SUMIF('3 D P'!$D:$D,Cockpit!$E$5:$E$146,'3 D P'!M:M) -> 0 | P64: =SUMIF('3 D P'!$D:$D,Cockpit!$E$5:$E$146,'3 D P'!N:N) -> 0 | Q64: =IFERROR(VLOOKUP($D64,'Aptiv Dispatch'!$A:$B,2,FALSE),0) -> 0 | R64: =SUMIF('Consumption MTD'!B:B,Cockpit!$E$5:$E$146,'Consumption MTD'!C:C) -> 0 | S64: =SUMIF('BIW Lifting A Shift'!$B:$B,Cockpit!$E$5:$E$146,'BIW Lifting A Shift'!C:C) -> 0 | T64: =SUMIF('BIW Lifting A Shift'!$B:$B,Cockpit!$E$5:$E$146,'BIW Lifting A Shift'!#REF!) -> #REF! | X64: =SUMIF(FLOAT!$D:$D,Cockpit!$E$5:$E$146,FLOAT!F:F) -> 0 | AF64: =SUMIF(FLOAT!$D:$D,Cockpit!$E64:$E201,FLOAT!G:G) -> 0 | AG64: =SUMIF(FLOAT!$D:$D,Cockpit!$E64:$E201,FLOAT!H:H) -> 0 | AH64: =SUMIF(FLOAT!$D:$D,Cockpit!$E64:$E201,FLOAT!I:I) -> 0 | AI64: =SUMIF(FLOAT!$D:$D,Cockpit!$E64:$E201,FLOAT!J:J) -> 0 | AJ64: =SUMIF(FLOAT!$D:$D,Cockpit!$E64:$E201,FLOAT!K:K) -> 0 | AK64: =SUMIF(FLOAT!$D:$D,Cockpit!$E64:$E201,FLOAT!L:L) -> 0 | AL64: =SUMIF(FLOAT!$D:$D,Cockpit!$E64:$E201,FLOAT!M:M) -> 0 | AM64: =SUMIF(FLOAT!$D:$D,Cockpit!$E64:$E201,FLOAT!N:N) -> 0 | AN64: =SUMIF(FLOAT!$D:$D,Cockpit!$E64:$E201,FLOAT!O:O) -> 0 | AO64: =SUMIF(FLOAT!$D:$D,Cockpit!$E64:$E201,FLOAT!P:P) -> 0 | AP64: =AF64+AG64+AH64+AI64+AJ64+AK64+AM64+AN64+AO64 -> 0
D65: 544254630812 | E65: 54421426A | F65: Racer2-TC | G65: 0 | H65: =G65 -> 0 | I65: 1 | J65: =Q65 -> 0 | K65: =R65 -> 0 | L65: =H65-K65 -> 0 | M65: =I65+J65-K65 -> 1 | N65: =SUMIF('3 D P'!$D:$D,Cockpit!$E$5:$E$146,'3 D P'!L:L) -> 0 | O65: =SUMIF('3 D P'!$D:$D,Cockpit!$E$5:$E$146,'3 D P'!M:M) -> 0 | P65: =SUMIF('3 D P'!$D:$D,Cockpit!$E$5:$E$146,'3 D P'!N:N) -> 0 | Q65: =IFERROR(VLOOKUP($D65,'Aptiv Dispatch'!$A:$B,2,FALSE),0) -> 0 | R65: =SUMIF('Consumption MTD'!B:B,Cockpit!$E$5:$E$146,'Consumption MTD'!C:C) -> 0 | S65: =SUMIF('BIW Lifting A Shift'!$B:$B,Cockpit!$E$5:$E$146,'BIW Lifting A Shift'!C:C) -> 0 | T65: =SUMIF('BIW Lifting A Shift'!$B:$B,Cockpit!$E$5:$E$146,'BIW Lifting A Shift'!#REF!) -> #REF! | U65: =M65-X65 -> 1 | V65: =M65-S65-X65 -> 1 | W65: =V65-T65 -> #REF! | X65: =SUMIF(FLOAT!$D:$D,Cockpit!$E$5:$E$146,FLOAT!F:F) -> 0 | AF65: =SUMIF(FLOAT!$D:$D,Cockpit!$E65:$E202,FLOAT!G:G) -> 0 | AG65: =SUMIF(FLOAT!$D:$D,Cockpit!$E65:$E202,FLOAT!H:H) -> 0 | AH65: =SUMIF(FLOAT!$D:$D,Cockpit!$E65:$E202,FLOAT!I:I) -> 0 | AI65: =SUMIF(FLOAT!$D:$D,Cockpit!$E65:$E202,FLOAT!J:J) -> 0 | AJ65: =SUMIF(FLOAT!$D:$D,Cockpit!$E65:$E202,FLOAT!K:K) -> 0 | AK65: =SUMIF(FLOAT!$D:$D,Cockpit!$E65:$E202,FLOAT!L:L) -> 0 | AL65: =SUMIF(FLOAT!$D:$D,Cockpit!$E65:$E202,FLOAT!M:M) -> 0 | AM65: =SUMIF(FLOAT!$D:$D,Cockpit!$E65:$E202,FLOAT!N:N) -> 0 | AN65: =SUMIF(FLOAT!$D:$D,Cockpit!$E65:$E202,FLOAT!O:O) -> 0 | AO65: =SUMIF(FLOAT!$D:$D,Cockpit!$E65:$E202,FLOAT!P:P) -> 0 | AP65: =AF65+AG65+AH65+AI65+AJ65+AK65+AM65+AN65+AO65 -> 0
D66: 544254630703 | E66: 54422526A | F66: XZ+S LUX-CNG | G66: 0 | H66: =G66 -> 0 | I66: 0 | J66: =Q66 -> 0 | K66: =R66 -> 0 | L66: =H66-K66 -> 0 | M66: =I66+J66-K66 -> 0 | N66: =SUMIF('3 D P'!$D:$D,Cockpit!$E$5:$E$146,'3 D P'!L:L) -> 0 | O66: =SUMIF('3 D P'!$D:$D,Cockpit!$E$5:$E$146,'3 D P'!M:M) -> 0 | P66: =SUMIF('3 D P'!$D:$D,Cockpit!$E$5:$E$146,'3 D P'!N:N) -> 0 | Q66: =IFERROR(VLOOKUP($D66,'Aptiv Dispatch'!$A:$B,2,FALSE),0) -> 0 | R66: =SUMIF('Consumption MTD'!B:B,Cockpit!$E$5:$E$146,'Consumption MTD'!C:C) -> 0 | S66: =SUMIF('BIW Lifting A Shift'!$B:$B,Cockpit!$E$5:$E$146,'BIW Lifting A Shift'!C:C) -> 0 | T66: =SUMIF('BIW Lifting A Shift'!$B:$B,Cockpit!$E$5:$E$146,'BIW Lifting A Shift'!#REF!) -> #REF! | U66: =M66-X66 -> 0 | V66: =M66-S66-X66 -> 0 | W66: =V66-T66 -> #REF! | X66: =SUMIF(FLOAT!$D:$D,Cockpit!$E$5:$E$146,FLOAT!F:F) -> 0 | AF66: =SUMIF(FLOAT!$D:$D,Cockpit!$E66:$E203,FLOAT!G:G) -> 0 | AG66: =SUMIF(FLOAT!$D:$D,Cockpit!$E66:$E203,FLOAT!H:H) -> 0 | AH66: =SUMIF(FLOAT!$D:$D,Cockpit!$E66:$E203,FLOAT!I:I) -> 0 | AI66: =SUMIF(FLOAT!$D:$D,Cockpit!$E66:$E203,FLOAT!J:J) -> 0 | AJ66: =SUMIF(FLOAT!$D:$D,Cockpit!$E66:$E203,FLOAT!K:K) -> 0 | AK66: =SUMIF(FLOAT!$D:$D,Cockpit!$E66:$E203,FLOAT!L:L) -> 0 | AL66: =SUMIF(FLOAT!$D:$D,Cockpit!$E66:$E203,FLOAT!M:M) -> 0 | AM66: =SUMIF(FLOAT!$D:$D,Cockpit!$E66:$E203,FLOAT!N:N) -> 0 | AN66: =SUMIF(FLOAT!$D:$D,Cockpit!$E66:$E203,FLOAT!O:O) -> 0 | AO66: =SUMIF(FLOAT!$D:$D,Cockpit!$E66:$E203,FLOAT!P:P) -> 0 | AP66: =AF66+AG66+AH66+AI66+AJ66+AK66+AM66+AN66+AO66 -> 0
D67: 544254630811 | E67: 54421526A | F67: Racer1-TC | G67: 0 | H67: =G67 -> 0 | I67: 5 | J67: =Q67 -> 0 | K67: =R67 -> 0 | L67: =H67-K67 -> 0 | M67: =I67+J67-K67 -> 5 | N67: =SUMIF('3 D P'!$D:$D,Cockpit!$E$5:$E$146,'3 D P'!L:L) -> 0 | O67: =SUMIF('3 D P'!$D:$D,Cockpit!$E$5:$E$146,'3 D P'!M:M) -> 0 | P67: =SUMIF('3 D P'!$D:$D,Cockpit!$E$5:$E$146,'3 D P'!N:N) -> 0 | Q67: =IFERROR(VLOOKUP($D67,'Aptiv Dispatch'!$A:$B,2,FALSE),0) -> 0 | R67: =SUMIF('Consumption MTD'!B:B,Cockpit!$E$5:$E$146,'Consumption MTD'!C:C) -> 0 | S67: =SUMIF('BIW Lifting A Shift'!$B:$B,Cockpit!$E$5:$E$146,'BIW Lifting A Shift'!C:C) -> 0 | T67: =SUMIF('BIW Lifting A Shift'!$B:$B,Cockpit!$E$5:$E$146,'BIW Lifting A Shift'!#REF!) -> #REF! | U67: =M67-X67 -> 5 | V67: =M67-S67-X67 -> 5 | W67: =V67-T67 -> #REF! | X67: =SUMIF(FLOAT!$D:$D,Cockpit!$E$5:$E$146,FLOAT!F:F) -> 0 | AF67: =SUMIF(FLOAT!$D:$D,Cockpit!$E67:$E204,FLOAT!G:G) -> 0 | AG67: =SUMIF(FLOAT!$D:$D,Cockpit!$E67:$E204,FLOAT!H:H) -> 0 | AH67: =SUMIF(FLOAT!$D:$D,Cockpit!$E67:$E204,FLOAT!I:I) -> 0 | AI67: =SUMIF(FLOAT!$D:$D,Cockpit!$E67:$E204,FLOAT!J:J) -> 0 | AJ67: =SUMIF(FLOAT!$D:$D,Cockpit!$E67:$E204,FLOAT!K:K) -> 0 | AK67: =SUMIF(FLOAT!$D:$D,Cockpit!$E67:$E204,FLOAT!L:L) -> 0 | AL67: =SUMIF(FLOAT!$D:$D,Cockpit!$E67:$E204,FLOAT!M:M) -> 0 | AM67: =SUMIF(FLOAT!$D:$D,Cockpit!$E67:$E204,FLOAT!N:N) -> 0 | AN67: =SUMIF(FLOAT!$D:$D,Cockpit!$E67:$E204,FLOAT!O:O) -> 0 | AO67: =SUMIF(FLOAT!$D:$D,Cockpit!$E67:$E204,FLOAT!P:P) -> 0 | AP67: =AF67+AG67+AH67+AI67+AJ67+AK67+AM67+AN67+AO67 -> 0
D68: 544254630455 | E68: 54427026A | F68: Racer3-TC | G68: 0 | H68: =G68 -> 0 | I68: 1 | J68: =Q68 -> 0 | K68: =R68 -> 0 | L68: =H68-K68 -> 0 | M68: =I68+J68-K68 -> 1 | N68: =SUMIF('3 D P'!$D:$D,Cockpit!$E$5:$E$146,'3 D P'!L:L) -> 0 | O68: =SUMIF('3 D P'!$D:$D,Cockpit!$E$5:$E$146,'3 D P'!M:M) -> 0 | P68: =SUMIF('3 D P'!$D:$D,Cockpit!$E$5:$E$146,'3 D P'!N:N) -> 0 | Q68: =IFERROR(VLOOKUP($D68,'Aptiv Dispatch'!$A:$B,2,FALSE),0) -> 0 | R68: =SUMIF('Consumption MTD'!B:B,Cockpit!$E$5:$E$146,'Consumption MTD'!C:C) -> 0 | S68: =SUMIF('BIW Lifting A Shift'!$B:$B,Cockpit!$E$5:$E$146,'BIW Lifting A Shift'!C:C) -> 0 | T68: =SUMIF('BIW Lifting A Shift'!$B:$B,Cockpit!$E$5:$E$146,'BIW Lifting A Shift'!#REF!) -> #REF! | U68: =M68-X68 -> 1 | V68: =M68-S68-X68 -> 1 | W68: =V68-T68 -> #REF! | X68: =SUMIF(FLOAT!$D:$D,Cockpit!$E$5:$E$146,FLOAT!F:F) -> 0 | AF68: =SUMIF(FLOAT!$D:$D,Cockpit!$E68:$E205,FLOAT!G:G) -> 0 | AG68: =SUMIF(FLOAT!$D:$D,Cockpit!$E68:$E205,FLOAT!H:H) -> 0 | AH68: =SUMIF(FLOAT!$D:$D,Cockpit!$E68:$E205,FLOAT!I:I) -> 0 | AI68: =SUMIF(FLOAT!$D:$D,Cockpit!$E68:$E205,FLOAT!J:J) -> 0 | AJ68: =SUMIF(FLOAT!$D:$D,Cockpit!$E68:$E205,FLOAT!K:K) -> 0 | AK68: =SUMIF(FLOAT!$D:$D,Cockpit!$E68:$E205,FLOAT!L:L) -> 0 | AL68: =SUMIF(FLOAT!$D:$D,Cockpit!$E68:$E205,FLOAT!M:M) -> 0 | AM68: =SUMIF(FLOAT!$D:$D,Cockpit!$E68:$E205,FLOAT!N:N) -> 0 | AN68: =SUMIF(FLOAT!$D:$D,Cockpit!$E68:$E205,FLOAT!O:O) -> 0 | AO68: =SUMIF(FLOAT!$D:$D,Cockpit!$E68:$E205,FLOAT!P:P) -> 0 | AP68: =AF68+AG68+AH68+AI68+AJ68+AK68+AM68+AN68+AO68 -> 0
D69: 544254630808 | E69: 54421927A | F69: ALTROZ XZ LUX 1.2P | G69: 0 | H69: =SUM(G69:G70) -> 0 | I69: 0 | J69: =Q69 -> 0 | K69: =SUM(R69:R70) -> 0 | L69: =H69-K69 -> 0 | M69: =SUM(I69:I70)+J69-K69 -> 0 | N69: =SUMIF('3 D P'!$D:$D,Cockpit!$E$5:$E$146,'3 D P'!L:L) -> 0 | O69: =SUMIF('3 D P'!$D:$D,Cockpit!$E$5:$E$146,'3 D P'!M:M) -> 0 | P69: =SUMIF('3 D P'!$D:$D,Cockpit!$E$5:$E$146,'3 D P'!N:N) -> 0 | Q69: =IFERROR(VLOOKUP($D69,'Aptiv Dispatch'!$A:$B,2,FALSE),0) -> 0 | R69: =SUMIF('Consumption MTD'!B:B,Cockpit!$E$5:$E$146,'Consumption MTD'!C:C) -> 0 | S69: =SUMIF('BIW Lifting A Shift'!$B:$B,Cockpit!$E$5:$E$146,'BIW Lifting A Shift'!C:C) -> 0 | T69: =SUMIF('BIW Lifting A Shift'!$B:$B,Cockpit!$E$5:$E$146,'BIW Lifting A Shift'!#REF!) -> #REF! | U69: =M69-X69-X70 -> 0 | V69: =M69-SUM(X69:X70)-SUM(S69:S70) -> 0 | W69: =V69-SUM(T69:T70) -> #REF! | X69: =SUMIF(FLOAT!$D:$D,Cockpit!$E$5:$E$146,FLOAT!F:F) -> 0 | AF69: =SUMIF(FLOAT!$D:$D,Cockpit!$E69:$E206,FLOAT!G:G) -> 0 | AG69: =SUMIF(FLOAT!$D:$D,Cockpit!$E69:$E206,FLOAT!H:H) -> 0 | AH69: =SUMIF(FLOAT!$D:$D,Cockpit!$E69:$E206,FLOAT!I:I) -> 0 | AI69: =SUMIF(FLOAT!$D:$D,Cockpit!$E69:$E206,FLOAT!J:J) -> 0 | AJ69: =SUMIF(FLOAT!$D:$D,Cockpit!$E69:$E206,FLOAT!K:K) -> 0 | AK69: =SUMIF(FLOAT!$D:$D,Cockpit!$E69:$E206,FLOAT!L:L) -> 0 | AL69: =SUMIF(FLOAT!$D:$D,Cockpit!$E69:$E206,FLOAT!M:M) -> 0 | AM69: =SUMIF(FLOAT!$D:$D,Cockpit!$E69:$E206,FLOAT!N:N) -> 0 | AN69: =SUMIF(FLOAT!$D:$D,Cockpit!$E69:$E206,FLOAT!O:O) -> 0 | AO69: =SUMIF(FLOAT!$D:$D,Cockpit!$E69:$E206,FLOAT!P:P) -> 0 | AP69: =AF69+AG69+AH69+AI69+AJ69+AK69+AM69+AN69+AO69 -> 0
E70: 54422027A | F70: ALTROZ XZ LUX 1.5 RTQ | G70: 0 | I70: 0 | N70: =SUMIF('3 D P'!$D:$D,Cockpit!$E$5:$E$146,'3 D P'!L:L) -> 0 | O70: =SUMIF('3 D P'!$D:$D,Cockpit!$E$5:$E$146,'3 D P'!M:M) -> 0 | P70: =SUMIF('3 D P'!$D:$D,Cockpit!$E$5:$E$146,'3 D P'!N:N) -> 0 | Q70: =IFERROR(VLOOKUP($D70,'Aptiv Dispatch'!$A:$B,2,FALSE),0) -> 0 | R70: =SUMIF('Consumption MTD'!B:B,Cockpit!$E$5:$E$146,'Consumption MTD'!C:C) -> 0 | S70: =SUMIF('BIW Lifting A Shift'!$B:$B,Cockpit!$E$5:$E$146,'BIW Lifting A Shift'!C:C) -> 0 | T70: =SUMIF('BIW Lifting A Shift'!$B:$B,Cockpit!$E$5:$E$146,'BIW Lifting A Shift'!#REF!) -> #REF! | X70: =SUMIF(FLOAT!$D:$D,Cockpit!$E$5:$E$146,FLOAT!F:F) -> 0 | AF70: =SUMIF(FLOAT!$D:$D,Cockpit!$E70:$E207,FLOAT!G:G) -> 0 | AG70: =SUMIF(FLOAT!$D:$D,Cockpit!$E70:$E207,FLOAT!H:H) -> 0 | AH70: =SUMIF(FLOAT!$D:$D,Cockpit!$E70:$E207,FLOAT!I:I) -> 0 | AI70: =SUMIF(FLOAT!$D:$D,Cockpit!$E70:$E207,FLOAT!J:J) -> 0 | AJ70: =SUMIF(FLOAT!$D:$D,Cockpit!$E70:$E207,FLOAT!K:K) -> 0 | AK70: =SUMIF(FLOAT!$D:$D,Cockpit!$E70:$E207,FLOAT!L:L) -> 0 | AL70: =SUMIF(FLOAT!$D:$D,Cockpit!$E70:$E207,FLOAT!M:M) -> 0 | AM70: =SUMIF(FLOAT!$D:$D,Cockpit!$E70:$E207,FLOAT!N:N) -> 0 | AN70: =SUMIF(FLOAT!$D:$D,Cockpit!$E70:$E207,FLOAT!O:O) -> 0 | AO70: =SUMIF(FLOAT!$D:$D,Cockpit!$E70:$E207,FLOAT!P:P) -> 0 | AP70: =AF70+AG70+AH70+AI70+AJ70+AK70+AM70+AN70+AO70 -> 0
D71: 544254630810 | E71: 54422127A | F71: ALTROZ XZ LUX DCA 1.2P | G71: 0 | H71: =G71 -> 0 | I71: 0 | J71: =Q71 -> 0 | K71: =R71 -> 0 | L71: =H71-K71 -> 0 | M71: =I71+J71-K71 -> 0 | N71: =SUMIF('3 D P'!$D:$D,Cockpit!$E$5:$E$146,'3 D P'!L:L) -> 0 | O71: =SUMIF('3 D P'!$D:$D,Cockpit!$E$5:$E$146,'3 D P'!M:M) -> 0 | P71: =SUMIF('3 D P'!$D:$D,Cockpit!$E$5:$E$146,'3 D P'!N:N) -> 0 | Q71: =IFERROR(VLOOKUP($D71,'Aptiv Dispatch'!$A:$B,2,FALSE),0) -> 0 | R71: =SUMIF('Consumption MTD'!B:B,Cockpit!$E$5:$E$146,'Consumption MTD'!C:C) -> 0 | S71: =SUMIF('BIW Lifting A Shift'!$B:$B,Cockpit!$E$5:$E$146,'BIW Lifting A Shift'!C:C) -> 0 | T71: =SUMIF('BIW Lifting A Shift'!$B:$B,Cockpit!$E$5:$E$146,'BIW Lifting A Shift'!#REF!) -> #REF! | U71: =M71-X71 -> 0 | V71: =M71-S71-X71 -> 0 | W71: =V71-T71 -> #REF! | X71: =SUMIF(FLOAT!$D:$D,Cockpit!$E$5:$E$146,FLOAT!F:F) -> 0 | AF71: =SUMIF(FLOAT!$D:$D,Cockpit!$E71:$E208,FLOAT!G:G) -> 0 | AG71: =SUMIF(FLOAT!$D:$D,Cockpit!$E71:$E208,FLOAT!H:H) -> 0 | AH71: =SUMIF(FLOAT!$D:$D,Cockpit!$E71:$E208,FLOAT!I:I) -> 0 | AI71: =SUMIF(FLOAT!$D:$D,Cockpit!$E71:$E208,FLOAT!J:J) -> 0 | AJ71: =SUMIF(FLOAT!$D:$D,Cockpit!$E71:$E208,FLOAT!K:K) -> 0 | AK71: =SUMIF(FLOAT!$D:$D,Cockpit!$E71:$E208,FLOAT!L:L) -> 0 | AL71: =SUMIF(FLOAT!$D:$D,Cockpit!$E71:$E208,FLOAT!M:M) -> 0 | AM71: =SUMIF(FLOAT!$D:$D,Cockpit!$E71:$E208,FLOAT!N:N) -> 0 | AN71: =SUMIF(FLOAT!$D:$D,Cockpit!$E71:$E208,FLOAT!O:O) -> 0 | AO71: =SUMIF(FLOAT!$D:$D,Cockpit!$E71:$E208,FLOAT!P:P) -> 0 | AP71: =AF71+AG71+AH71+AI71+AJ71+AK71+AM71+AN71+AO71 -> 0
D72: 544254630809 | E72: 54422227A | F72: ALTROZ XZ LUX 1.2 CNG | G72: 0 | H72: =G72 -> 0 | I72: 0 | J72: =Q72 -> 0 | K72: =R72 -> 0 | L72: =H72-K72 -> 0 | M72: =I72+J72-K72 -> 0 | N72: =SUMIF('3 D P'!$D:$D,Cockpit!$E$5:$E$146,'3 D P'!L:L) -> 0 | O72: =SUMIF('3 D P'!$D:$D,Cockpit!$E$5:$E$146,'3 D P'!M:M) -> 0 | P72: =SUMIF('3 D P'!$D:$D,Cockpit!$E$5:$E$146,'3 D P'!N:N) -> 0 | Q72: =IFERROR(VLOOKUP($D72,'Aptiv Dispatch'!$A:$B,2,FALSE),0) -> 0 | R72: =SUMIF('Consumption MTD'!B:B,Cockpit!$E$5:$E$146,'Consumption MTD'!C:C) -> 0 | S72: =SUMIF('BIW Lifting A Shift'!$B:$B,Cockpit!$E$5:$E$146,'BIW Lifting A Shift'!C:C) -> 0 | T72: =SUMIF('BIW Lifting A Shift'!$B:$B,Cockpit!$E$5:$E$146,'BIW Lifting A Shift'!#REF!) -> #REF! | U72: =M72-X72 -> 0 | V72: =M72-S72-X72 -> 0 | W72: =V72-T72 -> #REF! | X72: =SUMIF(FLOAT!$D:$D,Cockpit!$E$5:$E$146,FLOAT!F:F) -> 0 | AF72: =SUMIF(FLOAT!$D:$D,Cockpit!$E72:$E209,FLOAT!G:G) -> 0 | AG72: =SUMIF(FLOAT!$D:$D,Cockpit!$E72:$E209,FLOAT!H:H) -> 0 | AH72: =SUMIF(FLOAT!$D:$D,Cockpit!$E72:$E209,FLOAT!I:I) -> 0 | AI72: =SUMIF(FLOAT!$D:$D,Cockpit!$E72:$E209,FLOAT!J:J) -> 0 | AJ72: =SUMIF(FLOAT!$D:$D,Cockpit!$E72:$E209,FLOAT!K:K) -> 0 | AK72: =SUMIF(FLOAT!$D:$D,Cockpit!$E72:$E209,FLOAT!L:L) -> 0 | AL72: =SUMIF(FLOAT!$D:$D,Cockpit!$E72:$E209,FLOAT!M:M) -> 0 | AM72: =SUMIF(FLOAT!$D:$D,Cockpit!$E72:$E209,FLOAT!N:N) -> 0 | AN72: =SUMIF(FLOAT!$D:$D,Cockpit!$E72:$E209,FLOAT!O:O) -> 0 | AO72: =SUMIF(FLOAT!$D:$D,Cockpit!$E72:$E209,FLOAT!P:P) -> 0 | AP72: =AF72+AG72+AH72+AI72+AJ72+AK72+AM72+AN72+AO72 -> 0
D73: 544254630512 | E73: 54428126A | F73: ALTROZ ACCOMP+ 1.2L DCT | G73: 0 | H73: =G73 -> 0 | I73: 4 | J73: =Q73 -> 0 | K73: =R73 -> 0 | L73: =H73-K73 -> 0 | M73: =I73+J73-K73 -> 4 | N73: =SUMIF('3 D P'!$D:$D,Cockpit!$E$5:$E$146,'3 D P'!L:L) -> 0 | O73: =SUMIF('3 D P'!$D:$D,Cockpit!$E$5:$E$146,'3 D P'!M:M) -> 0 | P73: =SUMIF('3 D P'!$D:$D,Cockpit!$E$5:$E$146,'3 D P'!N:N) -> 0 | Q73: =IFERROR(VLOOKUP($D73,'Aptiv Dispatch'!$A:$B,2,FALSE),0) -> 0 | R73: =SUMIF('Consumption MTD'!B:B,Cockpit!$E$5:$E$146,'Consumption MTD'!C:C) -> 0 | S73: =SUMIF('BIW Lifting A Shift'!$B:$B,Cockpit!$E$5:$E$146,'BIW Lifting A Shift'!C:C) -> 0 | T73: =SUMIF('BIW Lifting A Shift'!$B:$B,Cockpit!$E$5:$E$146,'BIW Lifting A Shift'!#REF!) -> #REF! | U73: =M73-X73 -> 4 | V73: =M73-S73-X73 -> 4 | W73: =V73-T73 -> #REF! | X73: =SUMIF(FLOAT!$D:$D,Cockpit!$E$5:$E$146,FLOAT!F:F) -> 0 | AF73: =SUMIF(FLOAT!$D:$D,Cockpit!$E73:$E210,FLOAT!G:G) -> 0 | AG73: =SUMIF(FLOAT!$D:$D,Cockpit!$E73:$E210,FLOAT!H:H) -> 0 | AH73: =SUMIF(FLOAT!$D:$D,Cockpit!$E73:$E210,FLOAT!I:I) -> 0 | AI73: =SUMIF(FLOAT!$D:$D,Cockpit!$E73:$E210,FLOAT!J:J) -> 0 | AJ73: =SUMIF(FLOAT!$D:$D,Cockpit!$E73:$E210,FLOAT!K:K) -> 0 | AK73: =SUMIF(FLOAT!$D:$D,Cockpit!$E73:$E210,FLOAT!L:L) -> 0 | AL73: =SUMIF(FLOAT!$D:$D,Cockpit!$E73:$E210,FLOAT!M:M) -> 0 | AM73: =SUMIF(FLOAT!$D:$D,Cockpit!$E73:$E210,FLOAT!N:N) -> 0 | AN73: =SUMIF(FLOAT!$D:$D,Cockpit!$E73:$E210,FLOAT!O:O) -> 0 | AO73: =SUMIF(FLOAT!$D:$D,Cockpit!$E73:$E210,FLOAT!P:P) -> 0 | AP73: =AF73+AG73+AH73+AI73+AJ73+AK73+AM73+AN73+AO73 -> 0
D74: 544254630510 | E74: 54429826A | F74: ALTROZ ACCOMP+ 1.2L NA MT | G74: 0 | H74: =SUM(G74:G75) -> 0 | I74: 34 | J74: =Q74 -> 0 | K74: =SUM(R74:R75) -> 0 | L74: =H74-K74 -> 0 | M74: =SUM(I74:I75)+J74-K74 -> 34 | N74: =SUMIF('3 D P'!$D:$D,Cockpit!$E$5:$E$146,'3 D P'!L:L) -> 0 | O74: =SUMIF('3 D P'!$D:$D,Cockpit!$E$5:$E$146,'3 D P'!M:M) -> 0 | P74: =SUMIF('3 D P'!$D:$D,Cockpit!$E$5:$E$146,'3 D P'!N:N) -> 0 | Q74: =IFERROR(VLOOKUP($D74,'Aptiv Dispatch'!$A:$B,2,FALSE),0) -> 0 | R74: =SUMIF('Consumption MTD'!B:B,Cockpit!$E$5:$E$146,'Consumption MTD'!C:C) -> 0 | S74: =SUMIF('BIW Lifting A Shift'!$B:$B,Cockpit!$E$5:$E$146,'BIW Lifting A Shift'!C:C) -> 0 | T74: =SUMIF('BIW Lifting A Shift'!$B:$B,Cockpit!$E$5:$E$146,'BIW Lifting A Shift'!#REF!) -> #REF! | U74: =M74-X74-X75 -> 34 | V74: =M74-X74-X75-S74-S75 -> 34 | W74: =V74-T74-T75 -> #REF! | X74: =SUMIF(FLOAT!$D:$D,Cockpit!$E$5:$E$146,FLOAT!F:F) -> 0 | AF74: =SUMIF(FLOAT!$D:$D,Cockpit!$E74:$E210,FLOAT!G:G) -> 0 | AG74: =SUMIF(FLOAT!$D:$D,Cockpit!$E74:$E210,FLOAT!H:H) -> 0 | AH74: =SUMIF(FLOAT!$D:$D,Cockpit!$E74:$E210,FLOAT!I:I) -> 0 | AI74: =SUMIF(FLOAT!$D:$D,Cockpit!$E74:$E210,FLOAT!J:J) -> 0 | AJ74: =SUMIF(FLOAT!$D:$D,Cockpit!$E74:$E210,FLOAT!K:K) -> 0 | AK74: =SUMIF(FLOAT!$D:$D,Cockpit!$E74:$E210,FLOAT!L:L) -> 0 | AL74: =SUMIF(FLOAT!$D:$D,Cockpit!$E74:$E210,FLOAT!M:M) -> 0 | AM74: =SUMIF(FLOAT!$D:$D,Cockpit!$E74:$E210,FLOAT!N:N) -> 0 | AN74: =SUMIF(FLOAT!$D:$D,Cockpit!$E74:$E210,FLOAT!O:O) -> 0 | AO74: =SUMIF(FLOAT!$D:$D,Cockpit!$E74:$E210,FLOAT!P:P) -> 0 | AP74: =AF74+AG74+AH74+AI74+AJ74+AK74+AM74+AN74+AO74 -> 0
E75: 54420528A | F75: ALTROZ ACCOMP S DMT | G75: 0 | N75: =SUMIF('3 D P'!$D:$D,Cockpit!$E$5:$E$146,'3 D P'!L:L) -> 0 | O75: =SUMIF('3 D P'!$D:$D,Cockpit!$E$5:$E$146,'3 D P'!M:M) -> 0 | P75: =SUMIF('3 D P'!$D:$D,Cockpit!$E$5:$E$146,'3 D P'!N:N) -> 0 | Q75: =IFERROR(VLOOKUP($D75,'Aptiv Dispatch'!$A:$B,2,FALSE),0) -> 0 | R75: =SUMIF('Consumption MTD'!B:B,Cockpit!$E$5:$E$146,'Consumption MTD'!C:C) -> 0 | S75: =SUMIF('BIW Lifting A Shift'!$B:$B,Cockpit!$E$5:$E$146,'BIW Lifting A Shift'!C:C) -> 0 | T75: =SUMIF('BIW Lifting A Shift'!$B:$B,Cockpit!$E$5:$E$146,'BIW Lifting A Shift'!#REF!) -> #REF! | X75: =SUMIF(FLOAT!$D:$D,Cockpit!$E$5:$E$146,FLOAT!F:F) -> 0 | AF75: =SUMIF(FLOAT!$D:$D,Cockpit!$E75:$E211,FLOAT!G:G) -> 0 | AG75: =SUMIF(FLOAT!$D:$D,Cockpit!$E75:$E211,FLOAT!H:H) -> 0 | AH75: =SUMIF(FLOAT!$D:$D,Cockpit!$E75:$E211,FLOAT!I:I) -> 0 | AI75: =SUMIF(FLOAT!$D:$D,Cockpit!$E75:$E211,FLOAT!J:J) -> 0 | AJ75: =SUMIF(FLOAT!$D:$D,Cockpit!$E75:$E211,FLOAT!K:K) -> 0 | AK75: =SUMIF(FLOAT!$D:$D,Cockpit!$E75:$E211,FLOAT!L:L) -> 0 | AL75: =SUMIF(FLOAT!$D:$D,Cockpit!$E75:$E211,FLOAT!M:M) -> 0 | AM75: =SUMIF(FLOAT!$D:$D,Cockpit!$E75:$E211,FLOAT!N:N) -> 0 | AN75: =SUMIF(FLOAT!$D:$D,Cockpit!$E75:$E211,FLOAT!O:O) -> 0 | AO75: =SUMIF(FLOAT!$D:$D,Cockpit!$E75:$E211,FLOAT!P:P) -> 0 | AP75: =AF75+AG75+AH75+AI75+AJ75+AK75+AM75+AN75+AO75 -> 0
D76: 544254640219 | E76: 54424827A | F76: ALTROZ ACC+LUX(O)1.2LDCA6AB | G76: 0 | H76: =G76 -> 0 | I76: 1 | J76: =Q76 -> 0 | K76: =R76 -> 0 | L76: =H76-K76 -> 0 | M76: =I76+J76-K76 -> 1 | N76: =SUMIF('3 D P'!$D:$D,Cockpit!$E$5:$E$146,'3 D P'!L:L) -> 0 | O76: =SUMIF('3 D P'!$D:$D,Cockpit!$E$5:$E$146,'3 D P'!M:M) -> 0 | P76: =SUMIF('3 D P'!$D:$D,Cockpit!$E$5:$E$146,'3 D P'!N:N) -> 0 | Q76: =IFERROR(VLOOKUP($D76,'Aptiv Dispatch'!$A:$B,2,FALSE),0) -> 0 | R76: =SUMIF('Consumption MTD'!B:B,Cockpit!$E$5:$E$146,'Consumption MTD'!C:C) -> 0 | S76: =SUMIF('BIW Lifting A Shift'!$B:$B,Cockpit!$E$5:$E$146,'BIW Lifting A Shift'!C:C) -> 0 | T76: =SUMIF('BIW Lifting A Shift'!$B:$B,Cockpit!$E$5:$E$146,'BIW Lifting A Shift'!#REF!) -> #REF! | U76: =M76-X76 -> 1 | V76: =M76-S76-X76 -> 1 | W76: =V76-T76 -> #REF! | X76: =SUMIF(FLOAT!$D:$D,Cockpit!$E$5:$E$146,FLOAT!F:F) -> 0 | AF76: =SUMIF(FLOAT!$D:$D,Cockpit!$E76:$E212,FLOAT!G:G) -> 0 | AG76: =SUMIF(FLOAT!$D:$D,Cockpit!$E76:$E212,FLOAT!H:H) -> 0 | AH76: =SUMIF(FLOAT!$D:$D,Cockpit!$E76:$E212,FLOAT!I:I) -> 0 | AI76: =SUMIF(FLOAT!$D:$D,Cockpit!$E76:$E212,FLOAT!J:J) -> 0 | AJ76: =SUMIF(FLOAT!$D:$D,Cockpit!$E76:$E212,FLOAT!K:K) -> 0 | AK76: =SUMIF(FLOAT!$D:$D,Cockpit!$E76:$E212,FLOAT!L:L) -> 0 | AL76: =SUMIF(FLOAT!$D:$D,Cockpit!$E76:$E212,FLOAT!M:M) -> 0 | AM76: =SUMIF(FLOAT!$D:$D,Cockpit!$E76:$E212,FLOAT!N:N) -> 0 | AN76: =SUMIF(FLOAT!$D:$D,Cockpit!$E76:$E212,FLOAT!O:O) -> 0 | AO76: =SUMIF(FLOAT!$D:$D,Cockpit!$E76:$E212,FLOAT!P:P) -> 0 | AP76: =AF76+AG76+AH76+AI76+AJ76+AK76+AM76+AN76+AO76 -> 0
D77: 544254630499 | E77: 54422327A | F77: ALTROZ ACC S 1.5L RTQ | G77: 0 | H77: =SUM(G77:G78) -> 0 | I77: 0 | J77: =Q77 -> 0 | K77: =SUM(R77:R78) -> 0 | L77: =H77-K77 -> 0 | M77: =SUM(I77:I78)+J77-K77 -> 0 | N77: =SUMIF('3 D P'!$D:$D,Cockpit!$E$5:$E$146,'3 D P'!L:L) -> 0 | O77: =SUMIF('3 D P'!$D:$D,Cockpit!$E$5:$E$146,'3 D P'!M:M) -> 0 | P77: =SUMIF('3 D P'!$D:$D,Cockpit!$E$5:$E$146,'3 D P'!N:N) -> 0 | Q77: =IFERROR(VLOOKUP($D77,'Aptiv Dispatch'!$A:$B,2,FALSE),0) -> 0 | R77: =SUMIF('Consumption MTD'!B:B,Cockpit!$E$5:$E$146,'Consumption MTD'!C:C) -> 0 | S77: =SUMIF('BIW Lifting A Shift'!$B:$B,Cockpit!$E$5:$E$146,'BIW Lifting A Shift'!C:C) -> 0 | T77: =SUMIF('BIW Lifting A Shift'!$B:$B,Cockpit!$E$5:$E$146,'BIW Lifting A Shift'!#REF!) -> #REF! | U77: =M77-X77-X78 -> 0 | V77: =M77-X77-X78-S77-S78 -> 0 | W77: =V77-T77-T78 -> #REF! | X77: =SUMIF(FLOAT!$D:$D,Cockpit!$E$5:$E$146,FLOAT!F:F) -> 0 | AF77: =SUMIF(FLOAT!$D:$D,Cockpit!$E77:$E213,FLOAT!G:G) -> 0 | AG77: =SUMIF(FLOAT!$D:$D,Cockpit!$E77:$E213,FLOAT!H:H) -> 0 | AH77: =SUMIF(FLOAT!$D:$D,Cockpit!$E77:$E213,FLOAT!I:I) -> 0 | AI77: =SUMIF(FLOAT!$D:$D,Cockpit!$E77:$E213,FLOAT!J:J) -> 0 | AJ77: =SUMIF(FLOAT!$D:$D,Cockpit!$E77:$E213,FLOAT!K:K) -> 0 | AK77: =SUMIF(FLOAT!$D:$D,Cockpit!$E77:$E213,FLOAT!L:L) -> 0 | AL77: =SUMIF(FLOAT!$D:$D,Cockpit!$E77:$E213,FLOAT!M:M) -> 0 | AM77: =SUMIF(FLOAT!$D:$D,Cockpit!$E77:$E213,FLOAT!N:N) -> 0 | AN77: =SUMIF(FLOAT!$D:$D,Cockpit!$E77:$E213,FLOAT!O:O) -> 0 | AO77: =SUMIF(FLOAT!$D:$D,Cockpit!$E77:$E213,FLOAT!P:P) -> 0 | AP77: =AF77+AG77+AH77+AI77+AJ77+AK77+AM77+AN77+AO77 -> 0
E78: 54424926A | F78: ALTROZ ACC S 1.2L MT | G78: 0 | N78: =SUMIF('3 D P'!$D:$D,Cockpit!$E$5:$E$146,'3 D P'!L:L) -> 0 | O78: =SUMIF('3 D P'!$D:$D,Cockpit!$E$5:$E$146,'3 D P'!M:M) -> 0 | P78: =SUMIF('3 D P'!$D:$D,Cockpit!$E$5:$E$146,'3 D P'!N:N) -> 0 | Q78: =IFERROR(VLOOKUP($D78,'Aptiv Dispatch'!$A:$B,2,FALSE),0) -> 0 | R78: =SUMIF('Consumption MTD'!B:B,Cockpit!$E$5:$E$146,'Consumption MTD'!C:C) -> 0 | S78: =SUMIF('BIW Lifting A Shift'!$B:$B,Cockpit!$E$5:$E$146,'BIW Lifting A Shift'!C:C) -> 0 | T78: =SUMIF('BIW Lifting A Shift'!$B:$B,Cockpit!$E$5:$E$146,'BIW Lifting A Shift'!#REF!) -> #REF! | X78: =SUMIF(FLOAT!$D:$D,Cockpit!$E$5:$E$146,FLOAT!F:F) -> 0 | AF78: =SUMIF(FLOAT!$D:$D,Cockpit!$E78:$E214,FLOAT!G:G) -> 0 | AG78: =SUMIF(FLOAT!$D:$D,Cockpit!$E78:$E214,FLOAT!H:H) -> 0 | AH78: =SUMIF(FLOAT!$D:$D,Cockpit!$E78:$E214,FLOAT!I:I) -> 0 | AI78: =SUMIF(FLOAT!$D:$D,Cockpit!$E78:$E214,FLOAT!J:J) -> 0 | AJ78: =SUMIF(FLOAT!$D:$D,Cockpit!$E78:$E214,FLOAT!K:K) -> 0 | AK78: =SUMIF(FLOAT!$D:$D,Cockpit!$E78:$E214,FLOAT!L:L) -> 0 | AL78: =SUMIF(FLOAT!$D:$D,Cockpit!$E78:$E214,FLOAT!M:M) -> 0 | AM78: =SUMIF(FLOAT!$D:$D,Cockpit!$E78:$E214,FLOAT!N:N) -> 0 | AN78: =SUMIF(FLOAT!$D:$D,Cockpit!$E78:$E214,FLOAT!O:O) -> 0 | AO78: =SUMIF(FLOAT!$D:$D,Cockpit!$E78:$E214,FLOAT!P:P) -> 0 | AP78: =AF78+AG78+AH78+AI78+AJ78+AK78+AM78+AN78+AO78 -> 0
D79: 544254640202 | E79: 54425027A | F79: ALTROZ FRL(O)1.5L RTQ 6AB | G79: 0 | H79: =SUM(G79:G80) -> 0 | I79: 8 | J79: =Q79 -> 0 | K79: =SUM(R79:R80) -> 0 | L79: =H79-K79 -> 0 | M79: =SUM(I79:I80)+J79-K79 -> 8 | N79: =SUMIF('3 D P'!$D:$D,Cockpit!$E$5:$E$146,'3 D P'!L:L) -> 0 | O79: =SUMIF('3 D P'!$D:$D,Cockpit!$E$5:$E$146,'3 D P'!M:M) -> 0 | P79: =SUMIF('3 D P'!$D:$D,Cockpit!$E$5:$E$146,'3 D P'!N:N) -> 0 | Q79: =IFERROR(VLOOKUP($D79,'Aptiv Dispatch'!$A:$B,2,FALSE),0) -> 0 | R79: =SUMIF('Consumption MTD'!B:B,Cockpit!$E$5:$E$146,'Consumption MTD'!C:C) -> 0 | S79: =SUMIF('BIW Lifting A Shift'!$B:$B,Cockpit!$E$5:$E$146,'BIW Lifting A Shift'!C:C) -> 0 | T79: =SUMIF('BIW Lifting A Shift'!$B:$B,Cockpit!$E$5:$E$146,'BIW Lifting A Shift'!#REF!) -> #REF! | U79: =M79-X79-X80 -> 8 | V79: =M79-X79-X80-S79-S80 -> 8 | W79: =V79-T79-T80 -> #REF! | X79: =SUMIF(FLOAT!$D:$D,Cockpit!$E$5:$E$146,FLOAT!F:F) -> 0 | AF79: =SUMIF(FLOAT!$D:$D,Cockpit!$E79:$E215,FLOAT!G:G) -> 0 | AG79: =SUMIF(FLOAT!$D:$D,Cockpit!$E79:$E215,FLOAT!H:H) -> 0 | AH79: =SUMIF(FLOAT!$D:$D,Cockpit!$E79:$E215,FLOAT!I:I) -> 0 | AI79: =SUMIF(FLOAT!$D:$D,Cockpit!$E79:$E215,FLOAT!J:J) -> 0 | AJ79: =SUMIF(FLOAT!$D:$D,Cockpit!$E79:$E215,FLOAT!K:K) -> 0 | AK79: =SUMIF(FLOAT!$D:$D,Cockpit!$E79:$E215,FLOAT!L:L) -> 0 | AL79: =SUMIF(FLOAT!$D:$D,Cockpit!$E79:$E215,FLOAT!M:M) -> 0 | AM79: =SUMIF(FLOAT!$D:$D,Cockpit!$E79:$E215,FLOAT!N:N) -> 0 | AN79: =SUMIF(FLOAT!$D:$D,Cockpit!$E79:$E215,FLOAT!O:O) -> 0 | AO79: =SUMIF(FLOAT!$D:$D,Cockpit!$E79:$E215,FLOAT!P:P) -> 0 | AP79: =AF79+AG79+AH79+AI79+AJ79+AK79+AM79+AN79+AO79 -> 0
E80: 54425127A | F80: ALTROZ PURE PMT | G80: 0 | N80: =SUMIF('3 D P'!$D:$D,Cockpit!$E$5:$E$146,'3 D P'!L:L) -> 0 | O80: =SUMIF('3 D P'!$D:$D,Cockpit!$E$5:$E$146,'3 D P'!M:M) -> 0 | P80: =SUMIF('3 D P'!$D:$D,Cockpit!$E$5:$E$146,'3 D P'!N:N) -> 0 | Q80: =IFERROR(VLOOKUP($D80,'Aptiv Dispatch'!$A:$B,2,FALSE),0) -> 0 | R80: =SUMIF('Consumption MTD'!B:B,Cockpit!$E$5:$E$146,'Consumption MTD'!C:C) -> 0 | S80: =SUMIF('BIW Lifting A Shift'!$B:$B,Cockpit!$E$5:$E$146,'BIW Lifting A Shift'!C:C) -> 0 | T80: =SUMIF('BIW Lifting A Shift'!$B:$B,Cockpit!$E$5:$E$146,'BIW Lifting A Shift'!#REF!) -> #REF! | X80: =SUMIF(FLOAT!$D:$D,Cockpit!$E$5:$E$146,FLOAT!F:F) -> 0 | AF80: =SUMIF(FLOAT!$D:$D,Cockpit!$E80:$E216,FLOAT!G:G) -> 0 | AG80: =SUMIF(FLOAT!$D:$D,Cockpit!$E80:$E216,FLOAT!H:H) -> 0 | AH80: =SUMIF(FLOAT!$D:$D,Cockpit!$E80:$E216,FLOAT!I:I) -> 0 | AI80: =SUMIF(FLOAT!$D:$D,Cockpit!$E80:$E216,FLOAT!J:J) -> 0 | AJ80: =SUMIF(FLOAT!$D:$D,Cockpit!$E80:$E216,FLOAT!K:K) -> 0 | AK80: =SUMIF(FLOAT!$D:$D,Cockpit!$E80:$E216,FLOAT!L:L) -> 0 | AL80: =SUMIF(FLOAT!$D:$D,Cockpit!$E80:$E216,FLOAT!M:M) -> 0 | AM80: =SUMIF(FLOAT!$D:$D,Cockpit!$E80:$E216,FLOAT!N:N) -> 0 | AN80: =SUMIF(FLOAT!$D:$D,Cockpit!$E80:$E216,FLOAT!O:O) -> 0 | AO80: =SUMIF(FLOAT!$D:$D,Cockpit!$E80:$E216,FLOAT!P:P) -> 0 | AP80: =AF80+AG80+AH80+AI80+AJ80+AK80+AM80+AN80+AO80 -> 0
D81: 544254640207 | E81: 54425827A | F81: ALTROZ FRL+(O)1.5L RTQ 6AB | G81: 0 | H81: =SUM(G81:G82) -> 0 | I81: 0 | J81: =Q81 -> 0 | K81: =SUM(R81:R82) -> 0 | L81: =H81-K81 -> 0 | M81: =SUM(I81:I82)+J81-K81 -> 0 | N81: =SUMIF('3 D P'!$D:$D,Cockpit!$E$5:$E$146,'3 D P'!L:L) -> 0 | O81: =SUMIF('3 D P'!$D:$D,Cockpit!$E$5:$E$146,'3 D P'!M:M) -> 0 | P81: =SUMIF('3 D P'!$D:$D,Cockpit!$E$5:$E$146,'3 D P'!N:N) -> 0 | Q81: =IFERROR(VLOOKUP($D81,'Aptiv Dispatch'!$A:$B,2,FALSE),0) -> 0 | R81: =SUMIF('Consumption MTD'!B:B,Cockpit!$E$5:$E$146,'Consumption MTD'!C:C) -> 0 | S81: =SUMIF('BIW Lifting A Shift'!$B:$B,Cockpit!$E$5:$E$146,'BIW Lifting A Shift'!C:C) -> 0 | T81: =SUMIF('BIW Lifting A Shift'!$B:$B,Cockpit!$E$5:$E$146,'BIW Lifting A Shift'!#REF!) -> #REF! | U81: =M81-X81-X82 -> 0 | V81: =M81-X81-X82-S81-S82 -> 0 | W81: =V81-T81-T82 -> #REF! | X81: =SUMIF(FLOAT!$D:$D,Cockpit!$E$5:$E$146,FLOAT!F:F) -> 0 | AF81: =SUMIF(FLOAT!$D:$D,Cockpit!$E81:$E217,FLOAT!G:G) -> 0 | AG81: =SUMIF(FLOAT!$D:$D,Cockpit!$E81:$E217,FLOAT!H:H) -> 0 | AH81: =SUMIF(FLOAT!$D:$D,Cockpit!$E81:$E217,FLOAT!I:I) -> 0 | AI81: =SUMIF(FLOAT!$D:$D,Cockpit!$E81:$E217,FLOAT!J:J) -> 0 | AJ81: =SUMIF(FLOAT!$D:$D,Cockpit!$E81:$E217,FLOAT!K:K) -> 0 | AK81: =SUMIF(FLOAT!$D:$D,Cockpit!$E81:$E217,FLOAT!L:L) -> 0 | AL81: =SUMIF(FLOAT!$D:$D,Cockpit!$E81:$E217,FLOAT!M:M) -> 0 | AM81: =SUMIF(FLOAT!$D:$D,Cockpit!$E81:$E217,FLOAT!N:N) -> 0 | AN81: =SUMIF(FLOAT!$D:$D,Cockpit!$E81:$E217,FLOAT!O:O) -> 0 | AO81: =SUMIF(FLOAT!$D:$D,Cockpit!$E81:$E217,FLOAT!P:P) -> 0 | AP81: =AF81+AG81+AH81+AI81+AJ81+AK81+AM81+AN81+AO81 -> 0
E82: 54425927A | F82: ALTROZ FRL+(O)1.2L MT 6AB | G82: 0 | N82: =SUMIF('3 D P'!$D:$D,Cockpit!$E$5:$E$146,'3 D P'!L:L) -> 0 | O82: =SUMIF('3 D P'!$D:$D,Cockpit!$E$5:$E$146,'3 D P'!M:M) -> 0 | P82: =SUMIF('3 D P'!$D:$D,Cockpit!$E$5:$E$146,'3 D P'!N:N) -> 0 | Q82: =IFERROR(VLOOKUP($D82,'Aptiv Dispatch'!$A:$B,2,FALSE),0) -> 0 | R82: =SUMIF('Consumption MTD'!B:B,Cockpit!$E$5:$E$146,'Consumption MTD'!C:C) -> 0 | S82: =SUMIF('BIW Lifting A Shift'!$B:$B,Cockpit!$E$5:$E$146,'BIW Lifting A Shift'!C:C) -> 0 | T82: =SUMIF('BIW Lifting A Shift'!$B:$B,Cockpit!$E$5:$E$146,'BIW Lifting A Shift'!#REF!) -> #REF! | X82: =SUMIF(FLOAT!$D:$D,Cockpit!$E$5:$E$146,FLOAT!F:F) -> 0 | AF82: =SUMIF(FLOAT!$D:$D,Cockpit!$E82:$E218,FLOAT!G:G) -> 0 | AG82: =SUMIF(FLOAT!$D:$D,Cockpit!$E82:$E218,FLOAT!H:H) -> 0 | AH82: =SUMIF(FLOAT!$D:$D,Cockpit!$E82:$E218,FLOAT!I:I) -> 0 | AI82: =SUMIF(FLOAT!$D:$D,Cockpit!$E82:$E218,FLOAT!J:J) -> 0 | AJ82: =SUMIF(FLOAT!$D:$D,Cockpit!$E82:$E218,FLOAT!K:K) -> 0 | AK82: =SUMIF(FLOAT!$D:$D,Cockpit!$E82:$E218,FLOAT!L:L) -> 0 | AL82: =SUMIF(FLOAT!$D:$D,Cockpit!$E82:$E218,FLOAT!M:M) -> 0 | AM82: =SUMIF(FLOAT!$D:$D,Cockpit!$E82:$E218,FLOAT!N:N) -> 0 | AN82: =SUMIF(FLOAT!$D:$D,Cockpit!$E82:$E218,FLOAT!O:O) -> 0 | AO82: =SUMIF(FLOAT!$D:$D,Cockpit!$E82:$E218,FLOAT!P:P) -> 0 | AP82: =AF82+AG82+AH82+AI82+AJ82+AK82+AM82+AN82+AO82 -> 0
D83: 544254610240 | E83: 54424726A | F83: ALTROZ ACC 1.2L CNG MT | G83: 0 | H83: =G83 -> 0 | I83: 0 | J83: =Q83 -> 0 | K83: =R83 -> 0 | L83: =H83-K83 -> 0 | M83: =I83+J83-K83 -> 0 | N83: =SUMIF('3 D P'!$D:$D,Cockpit!$E$5:$E$146,'3 D P'!L:L) -> 0 | O83: =SUMIF('3 D P'!$D:$D,Cockpit!$E$5:$E$146,'3 D P'!M:M) -> 0 | P83: =SUMIF('3 D P'!$D:$D,Cockpit!$E$5:$E$146,'3 D P'!N:N) -> 0 | Q83: =IFERROR(VLOOKUP($D83,'Aptiv Dispatch'!$A:$B,2,FALSE),0) -> 0 | R83: =SUMIF('Consumption MTD'!B:B,Cockpit!$E$5:$E$146,'Consumption MTD'!C:C) -> 0 | S83: =SUMIF('BIW Lifting A Shift'!$B:$B,Cockpit!$E$5:$E$146,'BIW Lifting A Shift'!C:C) -> 0 | T83: =SUMIF('BIW Lifting A Shift'!$B:$B,Cockpit!$E$5:$E$146,'BIW Lifting A Shift'!#REF!) -> #REF! | U83: =M83-X83 -> 0 | V83: =M83-S83-X83 -> 0 | W83: =V83-T83 -> #REF! | X83: =SUMIF(FLOAT!$D:$D,Cockpit!$E$5:$E$146,FLOAT!F:F) -> 0 | AF83: =SUMIF(FLOAT!$D:$D,Cockpit!$E83:$E219,FLOAT!G:G) -> 0 | AG83: =SUMIF(FLOAT!$D:$D,Cockpit!$E83:$E219,FLOAT!H:H) -> 0 | AH83: =SUMIF(FLOAT!$D:$D,Cockpit!$E83:$E219,FLOAT!I:I) -> 0 | AI83: =SUMIF(FLOAT!$D:$D,Cockpit!$E83:$E219,FLOAT!J:J) -> 0 | AJ83: =SUMIF(FLOAT!$D:$D,Cockpit!$E83:$E219,FLOAT!K:K) -> 0 | AK83: =SUMIF(FLOAT!$D:$D,Cockpit!$E83:$E219,FLOAT!L:L) -> 0 | AL83: =SUMIF(FLOAT!$D:$D,Cockpit!$E83:$E219,FLOAT!M:M) -> 0 | AM83: =SUMIF(FLOAT!$D:$D,Cockpit!$E83:$E219,FLOAT!N:N) -> 0 | AN83: =SUMIF(FLOAT!$D:$D,Cockpit!$E83:$E219,FLOAT!O:O) -> 0 | AO83: =SUMIF(FLOAT!$D:$D,Cockpit!$E83:$E219,FLOAT!P:P) -> 0 | AP83: =AF83+AG83+AH83+AI83+AJ83+AK83+AM83+AN83+AO83 -> 0
D84: 544254630486 | E84: 54423127A | F84: ALTROZ FRLS+ S 1.5L RTQ | G84: 0 | H84: =G84 -> 0 | I84: 0 | J84: =Q84 -> 0 | K84: =R84 -> 0 | L84: =H84-K84 -> 0 | M84: =I84+J84-K84 -> 0 | N84: =SUMIF('3 D P'!$D:$D,Cockpit!$E$5:$E$146,'3 D P'!L:L) -> 0 | O84: =SUMIF('3 D P'!$D:$D,Cockpit!$E$5:$E$146,'3 D P'!M:M) -> 0 | P84: =SUMIF('3 D P'!$D:$D,Cockpit!$E$5:$E$146,'3 D P'!N:N) -> 0 | Q84: =IFERROR(VLOOKUP($D84,'Aptiv Dispatch'!$A:$B,2,FALSE),0) -> 0 | R84: =SUMIF('Consumption MTD'!B:B,Cockpit!$E$5:$E$146,'Consumption MTD'!C:C) -> 0 | S84: =SUMIF('BIW Lifting A Shift'!$B:$B,Cockpit!$E$5:$E$146,'BIW Lifting A Shift'!C:C) -> 0 | T84: =SUMIF('BIW Lifting A Shift'!$B:$B,Cockpit!$E$5:$E$146,'BIW Lifting A Shift'!#REF!) -> #REF! | U84: =M84-X84 -> 0 | V84: =M84-S84-X84 -> 0 | W84: =V84-T84 -> #REF! | X84: =SUMIF(FLOAT!$D:$D,Cockpit!$E$5:$E$146,FLOAT!F:F) -> 0 | AF84: =SUMIF(FLOAT!$D:$D,Cockpit!$E84:$E220,FLOAT!G:G) -> 0 | AG84: =SUMIF(FLOAT!$D:$D,Cockpit!$E84:$E220,FLOAT!H:H) -> 0 | AH84: =SUMIF(FLOAT!$D:$D,Cockpit!$E84:$E220,FLOAT!I:I) -> 0 | AI84: =SUMIF(FLOAT!$D:$D,Cockpit!$E84:$E220,FLOAT!J:J) -> 0 | AJ84: =SUMIF(FLOAT!$D:$D,Cockpit!$E84:$E220,FLOAT!K:K) -> 0 | AK84: =SUMIF(FLOAT!$D:$D,Cockpit!$E84:$E220,FLOAT!L:L) -> 0 | AL84: =SUMIF(FLOAT!$D:$D,Cockpit!$E84:$E220,FLOAT!M:M) -> 0 | AM84: =SUMIF(FLOAT!$D:$D,Cockpit!$E84:$E220,FLOAT!N:N) -> 0 | AN84: =SUMIF(FLOAT!$D:$D,Cockpit!$E84:$E220,FLOAT!O:O) -> 0 | AO84: =SUMIF(FLOAT!$D:$D,Cockpit!$E84:$E220,FLOAT!P:P) -> 0 | AP84: =AF84+AG84+AH84+AI84+AJ84+AK84+AM84+AN84+AO84 -> 0
D85: 544254610239 | E85: 54424826A | F85: ALTROZ FRL+ 1.2L CNG MT | G85: 0 | H85: =G85 -> 0 | I85: 0 | J85: =Q85 -> 0 | K85: =R85 -> 0 | L85: =H85-K85 -> 0 | M85: =I85+J85-K85 -> 0 | N85: =SUMIF('3 D P'!$D:$D,Cockpit!$E$5:$E$146,'3 D P'!L:L) -> 0 | O85: =SUMIF('3 D P'!$D:$D,Cockpit!$E$5:$E$146,'3 D P'!M:M) -> 0 | P85: =SUMIF('3 D P'!$D:$D,Cockpit!$E$5:$E$146,'3 D P'!N:N) -> 0 | Q85: =IFERROR(VLOOKUP($D85,'Aptiv Dispatch'!$A:$B,2,FALSE),0) -> 0 | R85: =SUMIF('Consumption MTD'!B:B,Cockpit!$E$5:$E$146,'Consumption MTD'!C:C) -> 0 | S85: =SUMIF('BIW Lifting A Shift'!$B:$B,Cockpit!$E$5:$E$146,'BIW Lifting A Shift'!C:C) -> 0 | T85: =SUMIF('BIW Lifting A Shift'!$B:$B,Cockpit!$E$5:$E$146,'BIW Lifting A Shift'!#REF!) -> #REF! | U85: =M85-X85 -> 0 | V85: =M85-S85-X85 -> 0 | W85: =V85-T85 -> #REF! | X85: =SUMIF(FLOAT!$D:$D,Cockpit!$E$5:$E$146,FLOAT!F:F) -> 0 | AF85: =SUMIF(FLOAT!$D:$D,Cockpit!$E85:$E221,FLOAT!G:G) -> 0 | AG85: =SUMIF(FLOAT!$D:$D,Cockpit!$E85:$E221,FLOAT!H:H) -> 0 | AH85: =SUMIF(FLOAT!$D:$D,Cockpit!$E85:$E221,FLOAT!I:I) -> 0 | AI85: =SUMIF(FLOAT!$D:$D,Cockpit!$E85:$E221,FLOAT!J:J) -> 0 | AJ85: =SUMIF(FLOAT!$D:$D,Cockpit!$E85:$E221,FLOAT!K:K) -> 0 | AK85: =SUMIF(FLOAT!$D:$D,Cockpit!$E85:$E221,FLOAT!L:L) -> 0 | AL85: =SUMIF(FLOAT!$D:$D,Cockpit!$E85:$E221,FLOAT!M:M) -> 0 | AM85: =SUMIF(FLOAT!$D:$D,Cockpit!$E85:$E221,FLOAT!N:N) -> 0 | AN85: =SUMIF(FLOAT!$D:$D,Cockpit!$E85:$E221,FLOAT!O:O) -> 0 | AO85: =SUMIF(FLOAT!$D:$D,Cockpit!$E85:$E221,FLOAT!P:P) -> 0 | AP85: =AF85+AG85+AH85+AI85+AJ85+AK85+AM85+AN85+AO85 -> 0
D86: 544254630490 | E86: 54422927A | F86: ALTROZ FRL+ 1.5L RTQ | G86: 0 | H86: =G86 -> 0 | I86: 0 | J86: =Q86 -> 0 | K86: =R86 -> 0 | L86: =H86-K86 -> 0 | M86: =I86+J86-K86 -> 0 | N86: =SUMIF('3 D P'!$D:$D,Cockpit!$E$5:$E$146,'3 D P'!L:L) -> 0 | O86: =SUMIF('3 D P'!$D:$D,Cockpit!$E$5:$E$146,'3 D P'!M:M) -> 0 | P86: =SUMIF('3 D P'!$D:$D,Cockpit!$E$5:$E$146,'3 D P'!N:N) -> 0 | Q86: =IFERROR(VLOOKUP($D86,'Aptiv Dispatch'!$A:$B,2,FALSE),0) -> 0 | R86: =SUMIF('Consumption MTD'!B:B,Cockpit!$E$5:$E$146,'Consumption MTD'!C:C) -> 0 | S86: =SUMIF('BIW Lifting A Shift'!$B:$B,Cockpit!$E$5:$E$146,'BIW Lifting A Shift'!C:C) -> 0 | T86: =SUMIF('BIW Lifting A Shift'!$B:$B,Cockpit!$E$5:$E$146,'BIW Lifting A Shift'!#REF!) -> #REF! | U86: =M86-X86 -> 0 | V86: =M86-S86-X86 -> 0 | W86: =V86-T86 -> #REF! | X86: =SUMIF(FLOAT!$D:$D,Cockpit!$E$5:$E$146,FLOAT!F:F) -> 0 | AF86: =SUMIF(FLOAT!$D:$D,Cockpit!$E86:$E222,FLOAT!G:G) -> 0 | AG86: =SUMIF(FLOAT!$D:$D,Cockpit!$E86:$E222,FLOAT!H:H) -> 0 | AH86: =SUMIF(FLOAT!$D:$D,Cockpit!$E86:$E222,FLOAT!I:I) -> 0 | AI86: =SUMIF(FLOAT!$D:$D,Cockpit!$E86:$E222,FLOAT!J:J) -> 0 | AJ86: =SUMIF(FLOAT!$D:$D,Cockpit!$E86:$E222,FLOAT!K:K) -> 0 | AK86: =SUMIF(FLOAT!$D:$D,Cockpit!$E86:$E222,FLOAT!L:L) -> 0 | AL86: =SUMIF(FLOAT!$D:$D,Cockpit!$E86:$E222,FLOAT!M:M) -> 0 | AM86: =SUMIF(FLOAT!$D:$D,Cockpit!$E86:$E222,FLOAT!N:N) -> 0 | AN86: =SUMIF(FLOAT!$D:$D,Cockpit!$E86:$E222,FLOAT!O:O) -> 0 | AO86: =SUMIF(FLOAT!$D:$D,Cockpit!$E86:$E222,FLOAT!P:P) -> 0 | AP86: =AF86+AG86+AH86+AI86+AJ86+AK86+AM86+AN86+AO86 -> 0
D87: 544254630503 | E87: 54425826A | F87: ALTROZ ACC 1.2L MT | G87: 0 | H87: =SUM(G87:G88) -> 0 | I87: 0 | J87: =Q87 -> 0 | K87: =SUM(R87:R88) -> 0 | L87: =H87-K87 -> 0 | M87: =SUM(I87:I88)+J87-K87 -> 0 | N87: =SUMIF('3 D P'!$D:$D,Cockpit!$E$5:$E$146,'3 D P'!L:L) -> 0 | O87: =SUMIF('3 D P'!$D:$D,Cockpit!$E$5:$E$146,'3 D P'!M:M) -> 0 | P87: =SUMIF('3 D P'!$D:$D,Cockpit!$E$5:$E$146,'3 D P'!N:N) -> 0 | Q87: =IFERROR(VLOOKUP($D87,'Aptiv Dispatch'!$A:$B,2,FALSE),0) -> 0 | R87: =SUMIF('Consumption MTD'!B:B,Cockpit!$E$5:$E$146,'Consumption MTD'!C:C) -> 0 | S87: =SUMIF('BIW Lifting A Shift'!$B:$B,Cockpit!$E$5:$E$146,'BIW Lifting A Shift'!C:C) -> 0 | T87: =SUMIF('BIW Lifting A Shift'!$B:$B,Cockpit!$E$5:$E$146,'BIW Lifting A Shift'!#REF!) -> #REF! | U87: =M87-X87-X88 -> 0 | V87: =M87-X87-X88-S87-S88 -> 0 | W87: =V87-T87-T88 -> #REF! | X87: =SUMIF(FLOAT!$D:$D,Cockpit!$E$5:$E$146,FLOAT!F:F) -> 0 | AF87: =SUMIF(FLOAT!$D:$D,Cockpit!$E87:$E223,FLOAT!G:G) -> 0 | AG87: =SUMIF(FLOAT!$D:$D,Cockpit!$E87:$E223,FLOAT!H:H) -> 0 | AH87: =SUMIF(FLOAT!$D:$D,Cockpit!$E87:$E223,FLOAT!I:I) -> 0 | AI87: =SUMIF(FLOAT!$D:$D,Cockpit!$E87:$E223,FLOAT!J:J) -> 0 | AJ87: =SUMIF(FLOAT!$D:$D,Cockpit!$E87:$E223,FLOAT!K:K) -> 0 | AK87: =SUMIF(FLOAT!$D:$D,Cockpit!$E87:$E223,FLOAT!L:L) -> 0 | AL87: =SUMIF(FLOAT!$D:$D,Cockpit!$E87:$E223,FLOAT!M:M) -> 0 | AM87: =SUMIF(FLOAT!$D:$D,Cockpit!$E87:$E223,FLOAT!N:N) -> 0 | AN87: =SUMIF(FLOAT!$D:$D,Cockpit!$E87:$E223,FLOAT!O:O) -> 0 | AO87: =SUMIF(FLOAT!$D:$D,Cockpit!$E87:$E223,FLOAT!P:P) -> 0 | AP87: =AF87+AG87+AH87+AI87+AJ87+AK87+AM87+AN87+AO87 -> 0
E88: 54423227A | F88: ALTROZ ACC 1.5L RTQ | G88: 0 | N88: =SUMIF('3 D P'!$D:$D,Cockpit!$E$5:$E$146,'3 D P'!L:L) -> 0 | O88: =SUMIF('3 D P'!$D:$D,Cockpit!$E$5:$E$146,'3 D P'!M:M) -> 0 | P88: =SUMIF('3 D P'!$D:$D,Cockpit!$E$5:$E$146,'3 D P'!N:N) -> 0 | Q88: =IFERROR(VLOOKUP($D88,'Aptiv Dispatch'!$A:$B,2,FALSE),0) -> 0 | R88: =SUMIF('Consumption MTD'!B:B,Cockpit!$E$5:$E$146,'Consumption MTD'!C:C) -> 0 | S88: =SUMIF('BIW Lifting A Shift'!$B:$B,Cockpit!$E$5:$E$146,'BIW Lifting A Shift'!C:C) -> 0 | T88: =SUMIF('BIW Lifting A Shift'!$B:$B,Cockpit!$E$5:$E$146,'BIW Lifting A Shift'!#REF!) -> #REF! | X88: =SUMIF(FLOAT!$D:$D,Cockpit!$E$5:$E$146,FLOAT!F:F) -> 0 | AF88: =SUMIF(FLOAT!$D:$D,Cockpit!$E88:$E224,FLOAT!G:G) -> 0 | AG88: =SUMIF(FLOAT!$D:$D,Cockpit!$E88:$E224,FLOAT!H:H) -> 0 | AH88: =SUMIF(FLOAT!$D:$D,Cockpit!$E88:$E224,FLOAT!I:I) -> 0 | AI88: =SUMIF(FLOAT!$D:$D,Cockpit!$E88:$E224,FLOAT!J:J) -> 0 | AJ88: =SUMIF(FLOAT!$D:$D,Cockpit!$E88:$E224,FLOAT!K:K) -> 0 | AK88: =SUMIF(FLOAT!$D:$D,Cockpit!$E88:$E224,FLOAT!L:L) -> 0 | AL88: =SUMIF(FLOAT!$D:$D,Cockpit!$E88:$E224,FLOAT!M:M) -> 0 | AM88: =SUMIF(FLOAT!$D:$D,Cockpit!$E88:$E224,FLOAT!N:N) -> 0 | AN88: =SUMIF(FLOAT!$D:$D,Cockpit!$E88:$E224,FLOAT!O:O) -> 0 | AO88: =SUMIF(FLOAT!$D:$D,Cockpit!$E88:$E224,FLOAT!P:P) -> 0 | AP88: =AF88+AG88+AH88+AI88+AJ88+AK88+AM88+AN88+AO88 -> 0
D89: 544254630476 | E89: 54421427A | F89: ALTROZ FRL 1.2L MT | G89: 0 | H89: =SUM(G89:G90) -> 0 | I89: 0 | J89: =Q89 -> 0 | K89: =SUM(R89:R90) -> 0 | L89: =H89-K89 -> 0 | M89: =SUM(I89:I90)+J89-K89 -> 0 | N89: =SUMIF('3 D P'!$D:$D,Cockpit!$E$5:$E$146,'3 D P'!L:L) -> 0 | O89: =SUMIF('3 D P'!$D:$D,Cockpit!$E$5:$E$146,'3 D P'!M:M) -> 0 | P89: =SUMIF('3 D P'!$D:$D,Cockpit!$E$5:$E$146,'3 D P'!N:N) -> 0 | Q89: =IFERROR(VLOOKUP($D89,'Aptiv Dispatch'!$A:$B,2,FALSE),0) -> 0 | R89: =SUMIF('Consumption MTD'!B:B,Cockpit!$E$5:$E$146,'Consumption MTD'!C:C) -> 0 | S89: =SUMIF('BIW Lifting A Shift'!$B:$B,Cockpit!$E$5:$E$146,'BIW Lifting A Shift'!C:C) -> 0 | T89: =SUMIF('BIW Lifting A Shift'!$B:$B,Cockpit!$E$5:$E$146,'BIW Lifting A Shift'!#REF!) -> #REF! | U89: =M89-X89-X90 -> 0 | V89: =M89-X89-X90-S89-S90 -> 0 | W89: =V89-T89-T90 -> #REF! | X89: =SUMIF(FLOAT!$D:$D,Cockpit!$E$5:$E$146,FLOAT!F:F) -> 0 | AF89: =SUMIF(FLOAT!$D:$D,Cockpit!$E89:$E225,FLOAT!G:G) -> 0 | AG89: =SUMIF(FLOAT!$D:$D,Cockpit!$E89:$E225,FLOAT!H:H) -> 0 | AH89: =SUMIF(FLOAT!$D:$D,Cockpit!$E89:$E225,FLOAT!I:I) -> 0 | AI89: =SUMIF(FLOAT!$D:$D,Cockpit!$E89:$E225,FLOAT!J:J) -> 0 | AJ89: =SUMIF(FLOAT!$D:$D,Cockpit!$E89:$E225,FLOAT!K:K) -> 0 | AK89: =SUMIF(FLOAT!$D:$D,Cockpit!$E89:$E225,FLOAT!L:L) -> 0 | AL89: =SUMIF(FLOAT!$D:$D,Cockpit!$E89:$E225,FLOAT!M:M) -> 0 | AM89: =SUMIF(FLOAT!$D:$D,Cockpit!$E89:$E225,FLOAT!N:N) -> 0 | AN89: =SUMIF(FLOAT!$D:$D,Cockpit!$E89:$E225,FLOAT!O:O) -> 0 | AO89: =SUMIF(FLOAT!$D:$D,Cockpit!$E89:$E225,FLOAT!P:P) -> 0 | AP89: =AF89+AG89+AH89+AI89+AJ89+AK89+AM89+AN89+AO89 -> 0
E90: 54422627A | F90: ALTROZ FRL 1.5L RTQ | G90: 0 | N90: =SUMIF('3 D P'!$D:$D,Cockpit!$E$5:$E$146,'3 D P'!L:L) -> 0 | O90: =SUMIF('3 D P'!$D:$D,Cockpit!$E$5:$E$146,'3 D P'!M:M) -> 0 | P90: =SUMIF('3 D P'!$D:$D,Cockpit!$E$5:$E$146,'3 D P'!N:N) -> 0 | Q90: =IFERROR(VLOOKUP($D90,'Aptiv Dispatch'!$A:$B,2,FALSE),0) -> 0 | R90: =SUMIF('Consumption MTD'!B:B,Cockpit!$E$5:$E$146,'Consumption MTD'!C:C) -> 0 | S90: =SUMIF('BIW Lifting A Shift'!$B:$B,Cockpit!$E$5:$E$146,'BIW Lifting A Shift'!C:C) -> 0 | T90: =SUMIF('BIW Lifting A Shift'!$B:$B,Cockpit!$E$5:$E$146,'BIW Lifting A Shift'!#REF!) -> #REF! | X90: =SUMIF(FLOAT!$D:$D,Cockpit!$E$5:$E$146,FLOAT!F:F) -> 0 | AF90: =SUMIF(FLOAT!$D:$D,Cockpit!$E90:$E226,FLOAT!G:G) -> 0 | AG90: =SUMIF(FLOAT!$D:$D,Cockpit!$E90:$E226,FLOAT!H:H) -> 0 | AH90: =SUMIF(FLOAT!$D:$D,Cockpit!$E90:$E226,FLOAT!I:I) -> 0 | AI90: =SUMIF(FLOAT!$D:$D,Cockpit!$E90:$E226,FLOAT!J:J) -> 0 | AJ90: =SUMIF(FLOAT!$D:$D,Cockpit!$E90:$E226,FLOAT!K:K) -> 0 | AK90: =SUMIF(FLOAT!$D:$D,Cockpit!$E90:$E226,FLOAT!L:L) -> 0 | AL90: =SUMIF(FLOAT!$D:$D,Cockpit!$E90:$E226,FLOAT!M:M) -> 0 | AM90: =SUMIF(FLOAT!$D:$D,Cockpit!$E90:$E226,FLOAT!N:N) -> 0 | AN90: =SUMIF(FLOAT!$D:$D,Cockpit!$E90:$E226,FLOAT!O:O) -> 0 | AO90: =SUMIF(FLOAT!$D:$D,Cockpit!$E90:$E226,FLOAT!P:P) -> 0 | AP90: =AF90+AG90+AH90+AI90+AJ90+AK90+AM90+AN90+AO90 -> 0
D91: 544254630481 | E91: 54422827A | F91: ALTROZ FRL S 1.5L RTQ | G91: 0 | H91: =SUM(G91:G92) -> 0 | I91: 0 | J91: =Q91 -> 0 | K91: =SUM(R91:R92) -> 0 | L91: =H91-K91 -> 0 | M91: =SUM(I91:I92)+J91-K91 -> 0 | N91: =SUMIF('3 D P'!$D:$D,Cockpit!$E$5:$E$146,'3 D P'!L:L) -> 0 | O91: =SUMIF('3 D P'!$D:$D,Cockpit!$E$5:$E$146,'3 D P'!M:M) -> 0 | P91: =SUMIF('3 D P'!$D:$D,Cockpit!$E$5:$E$146,'3 D P'!N:N) -> 0 | Q91: =IFERROR(VLOOKUP($D91,'Aptiv Dispatch'!$A:$B,2,FALSE),0) -> 0 | R91: =SUMIF('Consumption MTD'!B:B,Cockpit!$E$5:$E$146,'Consumption MTD'!C:C) -> 0 | S91: =SUMIF('BIW Lifting A Shift'!$B:$B,Cockpit!$E$5:$E$146,'BIW Lifting A Shift'!C:C) -> 0 | T91: =SUMIF('BIW Lifting A Shift'!$B:$B,Cockpit!$E$5:$E$146,'BIW Lifting A Shift'!#REF!) -> #REF! | U91: =M91-X91-X92 -> 0 | V91: =M91-X91-X92-S91-S92 -> 0 | W91: =V91-T91-T92 -> #REF! | X91: =SUMIF(FLOAT!$D:$D,Cockpit!$E$5:$E$146,FLOAT!F:F) -> 0 | AF91: =SUMIF(FLOAT!$D:$D,Cockpit!$E91:$E227,FLOAT!G:G) -> 0 | AG91: =SUMIF(FLOAT!$D:$D,Cockpit!$E91:$E227,FLOAT!H:H) -> 0 | AH91: =SUMIF(FLOAT!$D:$D,Cockpit!$E91:$E227,FLOAT!I:I) -> 0 | AI91: =SUMIF(FLOAT!$D:$D,Cockpit!$E91:$E227,FLOAT!J:J) -> 0 | AJ91: =SUMIF(FLOAT!$D:$D,Cockpit!$E91:$E227,FLOAT!K:K) -> 0 | AK91: =SUMIF(FLOAT!$D:$D,Cockpit!$E91:$E227,FLOAT!L:L) -> 0 | AL91: =SUMIF(FLOAT!$D:$D,Cockpit!$E91:$E227,FLOAT!M:M) -> 0 | AM91: =SUMIF(FLOAT!$D:$D,Cockpit!$E91:$E227,FLOAT!N:N) -> 0 | AN91: =SUMIF(FLOAT!$D:$D,Cockpit!$E91:$E227,FLOAT!O:O) -> 0 | AO91: =SUMIF(FLOAT!$D:$D,Cockpit!$E91:$E227,FLOAT!P:P) -> 0 | AP91: =AF91+AG91+AH91+AI91+AJ91+AK91+AM91+AN91+AO91 -> 0
E92: 54420627A | F92: ALTROZ FRLS S 1.2L NA MT | G92: 0 | N92: =SUMIF('3 D P'!$D:$D,Cockpit!$E$5:$E$146,'3 D P'!L:L) -> 0 | O92: =SUMIF('3 D P'!$D:$D,Cockpit!$E$5:$E$146,'3 D P'!M:M) -> 0 | P92: =SUMIF('3 D P'!$D:$D,Cockpit!$E$5:$E$146,'3 D P'!N:N) -> 0 | Q92: =IFERROR(VLOOKUP($D92,'Aptiv Dispatch'!$A:$B,2,FALSE),0) -> 0 | R92: =SUMIF('Consumption MTD'!B:B,Cockpit!$E$5:$E$146,'Consumption MTD'!C:C) -> 0 | S92: =SUMIF('BIW Lifting A Shift'!$B:$B,Cockpit!$E$5:$E$146,'BIW Lifting A Shift'!C:C) -> 0 | T92: =SUMIF('BIW Lifting A Shift'!$B:$B,Cockpit!$E$5:$E$146,'BIW Lifting A Shift'!#REF!) -> #REF! | X92: =SUMIF(FLOAT!$D:$D,Cockpit!$E$5:$E$146,FLOAT!F:F) -> 0 | AF92: =SUMIF(FLOAT!$D:$D,Cockpit!$E92:$E228,FLOAT!G:G) -> 0 | AG92: =SUMIF(FLOAT!$D:$D,Cockpit!$E92:$E228,FLOAT!H:H) -> 0 | AH92: =SUMIF(FLOAT!$D:$D,Cockpit!$E92:$E228,FLOAT!I:I) -> 0 | AI92: =SUMIF(FLOAT!$D:$D,Cockpit!$E92:$E228,FLOAT!J:J) -> 0 | AJ92: =SUMIF(FLOAT!$D:$D,Cockpit!$E92:$E228,FLOAT!K:K) -> 0 | AK92: =SUMIF(FLOAT!$D:$D,Cockpit!$E92:$E228,FLOAT!L:L) -> 0 | AL92: =SUMIF(FLOAT!$D:$D,Cockpit!$E92:$E228,FLOAT!M:M) -> 0 | AM92: =SUMIF(FLOAT!$D:$D,Cockpit!$E92:$E228,FLOAT!N:N) -> 0 | AN92: =SUMIF(FLOAT!$D:$D,Cockpit!$E92:$E228,FLOAT!O:O) -> 0 | AO92: =SUMIF(FLOAT!$D:$D,Cockpit!$E92:$E228,FLOAT!P:P) -> 0 | AP92: =AF92+AG92+AH92+AI92+AJ92+AK92+AM92+AN92+AO92 -> 0
D93: 544254630477 | E93: 54428326A | F93: ALTROZ PURE 1.2L MT | G93: 0 | H93: =G93 -> 0 | I93: 0 | J93: =Q93 -> 0 | K93: =R93 -> 0 | L93: =H93-K93 -> 0 | M93: =I93+J93-K93 -> 0 | N93: =SUMIF('3 D P'!$D:$D,Cockpit!$E$5:$E$146,'3 D P'!L:L) -> 0 | O93: =SUMIF('3 D P'!$D:$D,Cockpit!$E$5:$E$146,'3 D P'!M:M) -> 0 | P93: =SUMIF('3 D P'!$D:$D,Cockpit!$E$5:$E$146,'3 D P'!N:N) -> 0 | Q93: =IFERROR(VLOOKUP($D93,'Aptiv Dispatch'!$A:$B,2,FALSE),0) -> 0 | R93: =SUMIF('Consumption MTD'!B:B,Cockpit!$E$5:$E$146,'Consumption MTD'!C:C) -> 0 | S93: =SUMIF('BIW Lifting A Shift'!$B:$B,Cockpit!$E$5:$E$146,'BIW Lifting A Shift'!C:C) -> 0 | T93: =SUMIF('BIW Lifting A Shift'!$B:$B,Cockpit!$E$5:$E$146,'BIW Lifting A Shift'!#REF!) -> #REF! | U93: =M93-X93 -> 0 | V93: =M93-S93-X93 -> 0 | W93: =V93-T93 -> #REF! | X93: =SUMIF(FLOAT!$D:$D,Cockpit!$E$5:$E$146,FLOAT!F:F) -> 0 | AF93: =SUMIF(FLOAT!$D:$D,Cockpit!$E93:$E228,FLOAT!G:G) -> 0 | AG93: =SUMIF(FLOAT!$D:$D,Cockpit!$E93:$E228,FLOAT!H:H) -> 0 | AH93: =SUMIF(FLOAT!$D:$D,Cockpit!$E93:$E228,FLOAT!I:I) -> 0 | AI93: =SUMIF(FLOAT!$D:$D,Cockpit!$E93:$E228,FLOAT!J:J) -> 0 | AJ93: =SUMIF(FLOAT!$D:$D,Cockpit!$E93:$E228,FLOAT!K:K) -> 0 | AK93: =SUMIF(FLOAT!$D:$D,Cockpit!$E93:$E228,FLOAT!L:L) -> 0 | AL93: =SUMIF(FLOAT!$D:$D,Cockpit!$E93:$E228,FLOAT!M:M) -> 0 | AM93: =SUMIF(FLOAT!$D:$D,Cockpit!$E93:$E228,FLOAT!N:N) -> 0 | AN93: =SUMIF(FLOAT!$D:$D,Cockpit!$E93:$E228,FLOAT!O:O) -> 0 | AO93: =SUMIF(FLOAT!$D:$D,Cockpit!$E93:$E228,FLOAT!P:P) -> 0 | AP93: =AF93+AG93+AH93+AI93+AJ93+AK93+AM93+AN93+AO93 -> 0
D94: 544254630473 | E94: 54421827A | F94: ALTROZ SMART 1.2L MT | G94: 0 | H94: =G94 -> 0 | I94: 0 | J94: =Q94 -> 0 | K94: =R94 -> 0 | L94: =H94-K94 -> 0 | M94: =I94+J94-K94 -> 0 | N94: =SUMIF('3 D P'!$D:$D,Cockpit!$E$5:$E$146,'3 D P'!L:L) -> 0 | O94: =SUMIF('3 D P'!$D:$D,Cockpit!$E$5:$E$146,'3 D P'!M:M) -> 0 | P94: =SUMIF('3 D P'!$D:$D,Cockpit!$E$5:$E$146,'3 D P'!N:N) -> 0 | Q94: =IFERROR(VLOOKUP($D94,'Aptiv Dispatch'!$A:$B,2,FALSE),0) -> 0 | R94: =SUMIF('Consumption MTD'!B:B,Cockpit!$E$5:$E$146,'Consumption MTD'!C:C) -> 0 | S94: =SUMIF('BIW Lifting A Shift'!$B:$B,Cockpit!$E$5:$E$146,'BIW Lifting A Shift'!C:C) -> 0 | T94: =SUMIF('BIW Lifting A Shift'!$B:$B,Cockpit!$E$5:$E$146,'BIW Lifting A Shift'!#REF!) -> #REF! | U94: =M94-X94 -> 0 | V94: =M94-S94-X94 -> 0 | W94: =V94-T94 -> #REF! | X94: =SUMIF(FLOAT!$D:$D,Cockpit!$E$5:$E$146,FLOAT!F:F) -> 0 | AF94: =SUMIF(FLOAT!$D:$D,Cockpit!$E94:$E229,FLOAT!G:G) -> 0 | AG94: =SUMIF(FLOAT!$D:$D,Cockpit!$E94:$E229,FLOAT!H:H) -> 0 | AH94: =SUMIF(FLOAT!$D:$D,Cockpit!$E94:$E229,FLOAT!I:I) -> 0 | AI94: =SUMIF(FLOAT!$D:$D,Cockpit!$E94:$E229,FLOAT!J:J) -> 0 | AJ94: =SUMIF(FLOAT!$D:$D,Cockpit!$E94:$E229,FLOAT!K:K) -> 0 | AK94: =SUMIF(FLOAT!$D:$D,Cockpit!$E94:$E229,FLOAT!L:L) -> 0 | AL94: =SUMIF(FLOAT!$D:$D,Cockpit!$E94:$E229,FLOAT!M:M) -> 0 | AM94: =SUMIF(FLOAT!$D:$D,Cockpit!$E94:$E229,FLOAT!N:N) -> 0 | AN94: =SUMIF(FLOAT!$D:$D,Cockpit!$E94:$E229,FLOAT!O:O) -> 0 | AO94: =SUMIF(FLOAT!$D:$D,Cockpit!$E94:$E229,FLOAT!P:P) -> 0 | AP94: =AF94+AG94+AH94+AI94+AJ94+AK94+AM94+AN94+AO94 -> 0
D95: 544254630474 | E95: 54422527A | F95: ALTROZ PURE 1.2L CNG | G95: 0 | H95: =G95 -> 0 | I95: 0 | J95: =Q95 -> 0 | K95: =R95 -> 0 | L95: =H95-K95 -> 0 | M95: =I95+J95-K95 -> 0 | N95: =SUMIF('3 D P'!$D:$D,Cockpit!$E$5:$E$146,'3 D P'!L:L) -> 0 | O95: =SUMIF('3 D P'!$D:$D,Cockpit!$E$5:$E$146,'3 D P'!M:M) -> 0 | P95: =SUMIF('3 D P'!$D:$D,Cockpit!$E$5:$E$146,'3 D P'!N:N) -> 0 | Q95: =IFERROR(VLOOKUP($D95,'Aptiv Dispatch'!$A:$B,2,FALSE),0) -> 0 | R95: =SUMIF('Consumption MTD'!B:B,Cockpit!$E$5:$E$146,'Consumption MTD'!C:C) -> 0 | S95: =SUMIF('BIW Lifting A Shift'!$B:$B,Cockpit!$E$5:$E$146,'BIW Lifting A Shift'!C:C) -> 0 | T95: =SUMIF('BIW Lifting A Shift'!$B:$B,Cockpit!$E$5:$E$146,'BIW Lifting A Shift'!#REF!) -> #REF! | U95: =M95-X95 -> 0 | V95: =M95-S95-X95 -> 0 | W95: =V95-T95 -> #REF! | X95: =SUMIF(FLOAT!$D:$D,Cockpit!$E$5:$E$146,FLOAT!F:F) -> 0 | AF95: =SUMIF(FLOAT!$D:$D,Cockpit!$E95:$E230,FLOAT!G:G) -> 0 | AG95: =SUMIF(FLOAT!$D:$D,Cockpit!$E95:$E230,FLOAT!H:H) -> 0 | AH95: =SUMIF(FLOAT!$D:$D,Cockpit!$E95:$E230,FLOAT!I:I) -> 0 | AI95: =SUMIF(FLOAT!$D:$D,Cockpit!$E95:$E230,FLOAT!J:J) -> 0 | AJ95: =SUMIF(FLOAT!$D:$D,Cockpit!$E95:$E230,FLOAT!K:K) -> 0 | AK95: =SUMIF(FLOAT!$D:$D,Cockpit!$E95:$E230,FLOAT!L:L) -> 0 | AL95: =SUMIF(FLOAT!$D:$D,Cockpit!$E95:$E230,FLOAT!M:M) -> 0 | AM95: =SUMIF(FLOAT!$D:$D,Cockpit!$E95:$E230,FLOAT!N:N) -> 0 | AN95: =SUMIF(FLOAT!$D:$D,Cockpit!$E95:$E230,FLOAT!O:O) -> 0 | AO95: =SUMIF(FLOAT!$D:$D,Cockpit!$E95:$E230,FLOAT!P:P) -> 0 | AP95: =AF95+AG95+AH95+AI95+AJ95+AK95+AM95+AN95+AO95 -> 0
D96: 544254640216 | E96: 54424727A | F96: ALTROZ ACC S (O)1.2L MT 6AB | G96: 20 | H96: =SUM(G96:G97) -> 20 | I96: 15 | J96: =Q96 -> 0 | K96: =SUM(R96:R97) -> 0 | L96: =H96-K96 -> 20 | M96: =SUM(I96:I97)+J96-K96 -> 15 | N96: =SUMIF('3 D P'!$D:$D,Cockpit!$E$5:$E$146,'3 D P'!L:L) -> 0 | O96: =SUMIF('3 D P'!$D:$D,Cockpit!$E$5:$E$146,'3 D P'!M:M) -> 0 | P96: =SUMIF('3 D P'!$D:$D,Cockpit!$E$5:$E$146,'3 D P'!N:N) -> 0 | Q96: =IFERROR(VLOOKUP($D96,'Aptiv Dispatch'!$A:$B,2,FALSE),0) -> 0 | R96: =SUMIF('Consumption MTD'!B:B,Cockpit!$E$5:$E$146,'Consumption MTD'!C:C) -> 0 | S96: =SUMIF('BIW Lifting A Shift'!$B:$B,Cockpit!$E$5:$E$146,'BIW Lifting A Shift'!C:C) -> 0 | T96: =SUMIF('BIW Lifting A Shift'!$B:$B,Cockpit!$E$5:$E$146,'BIW Lifting A Shift'!#REF!) -> #REF! | U96: =M96-X96-X97 -> 15 | V96: =M96-X96-X97-S96-S97 -> 15 | W96: =V96-T96-T97 -> #REF! | X96: =SUMIF(FLOAT!$D:$D,Cockpit!$E$5:$E$146,FLOAT!F:F) -> 0 | AF96: =SUMIF(FLOAT!$D:$D,Cockpit!$E96:$E231,FLOAT!G:G) -> 0 | AG96: =SUMIF(FLOAT!$D:$D,Cockpit!$E96:$E231,FLOAT!H:H) -> 0 | AH96: =SUMIF(FLOAT!$D:$D,Cockpit!$E96:$E231,FLOAT!I:I) -> 0 | AI96: =SUMIF(FLOAT!$D:$D,Cockpit!$E96:$E231,FLOAT!J:J) -> 0 | AJ96: =SUMIF(FLOAT!$D:$D,Cockpit!$E96:$E231,FLOAT!K:K) -> 0 | AK96: =SUMIF(FLOAT!$D:$D,Cockpit!$E96:$E231,FLOAT!L:L) -> 0 | AL96: =SUMIF(FLOAT!$D:$D,Cockpit!$E96:$E231,FLOAT!M:M) -> 0 | AM96: =SUMIF(FLOAT!$D:$D,Cockpit!$E96:$E231,FLOAT!N:N) -> 0 | AN96: =SUMIF(FLOAT!$D:$D,Cockpit!$E96:$E231,FLOAT!O:O) -> 0 | AO96: =SUMIF(FLOAT!$D:$D,Cockpit!$E96:$E231,FLOAT!P:P) -> 0 | AP96: =AF96+AG96+AH96+AI96+AJ96+AK96+AM96+AN96+AO96 -> 0
E97: 54424627A | F97: ALTROZ ACC S(O)1.5LRTQ 6AB | G97: 0 | N97: =SUMIF('3 D P'!$D:$D,Cockpit!$E$5:$E$146,'3 D P'!L:L) -> 0 | O97: =SUMIF('3 D P'!$D:$D,Cockpit!$E$5:$E$146,'3 D P'!M:M) -> 0 | P97: =SUMIF('3 D P'!$D:$D,Cockpit!$E$5:$E$146,'3 D P'!N:N) -> 0 | Q97: =IFERROR(VLOOKUP($D97,'Aptiv Dispatch'!$A:$B,2,FALSE),0) -> 0 | R97: =SUMIF('Consumption MTD'!B:B,Cockpit!$E$5:$E$146,'Consumption MTD'!C:C) -> 0 | S97: =SUMIF('BIW Lifting A Shift'!$B:$B,Cockpit!$E$5:$E$146,'BIW Lifting A Shift'!C:C) -> 0 | T97: =SUMIF('BIW Lifting A Shift'!$B:$B,Cockpit!$E$5:$E$146,'BIW Lifting A Shift'!#REF!) -> #REF! | X97: =SUMIF(FLOAT!$D:$D,Cockpit!$E$5:$E$146,FLOAT!F:F) -> 0 | AF97: =SUMIF(FLOAT!$D:$D,Cockpit!$E97:$E232,FLOAT!G:G) -> 0 | AG97: =SUMIF(FLOAT!$D:$D,Cockpit!$E97:$E232,FLOAT!H:H) -> 0 | AH97: =SUMIF(FLOAT!$D:$D,Cockpit!$E97:$E232,FLOAT!I:I) -> 0 | AI97: =SUMIF(FLOAT!$D:$D,Cockpit!$E97:$E232,FLOAT!J:J) -> 0 | AJ97: =SUMIF(FLOAT!$D:$D,Cockpit!$E97:$E232,FLOAT!K:K) -> 0 | AK97: =SUMIF(FLOAT!$D:$D,Cockpit!$E97:$E232,FLOAT!L:L) -> 0 | AL97: =SUMIF(FLOAT!$D:$D,Cockpit!$E97:$E232,FLOAT!M:M) -> 0 | AM97: =SUMIF(FLOAT!$D:$D,Cockpit!$E97:$E232,FLOAT!N:N) -> 0 | AN97: =SUMIF(FLOAT!$D:$D,Cockpit!$E97:$E232,FLOAT!O:O) -> 0 | AO97: =SUMIF(FLOAT!$D:$D,Cockpit!$E97:$E232,FLOAT!P:P) -> 0 | AP97: =AF97+AG97+AH97+AI97+AJ97+AK97+AM97+AN97+AO97 -> 0
D98: 544254640218 | E98: 54424427A | F98: ALTROZ ACC S(O)1.2CNG MT6AB | G98: 38 | H98: =G98 -> 38 | I98: 0 | J98: =Q98 -> 0 | K98: =R98 -> 0 | L98: =H98-K98 -> 38 | M98: =I98+J98-K98 -> 0 | N98: =SUMIF('3 D P'!$D:$D,Cockpit!$E$5:$E$146,'3 D P'!L:L) -> 0 | O98: =SUMIF('3 D P'!$D:$D,Cockpit!$E$5:$E$146,'3 D P'!M:M) -> 0 | P98: =SUMIF('3 D P'!$D:$D,Cockpit!$E$5:$E$146,'3 D P'!N:N) -> 0 | Q98: =IFERROR(VLOOKUP($D98,'Aptiv Dispatch'!$A:$B,2,FALSE),0) -> 0 | R98: =SUMIF('Consumption MTD'!B:B,Cockpit!$E$5:$E$146,'Consumption MTD'!C:C) -> 0 | S98: =SUMIF('BIW Lifting A Shift'!$B:$B,Cockpit!$E$5:$E$146,'BIW Lifting A Shift'!C:C) -> 0 | T98: =SUMIF('BIW Lifting A Shift'!$B:$B,Cockpit!$E$5:$E$146,'BIW Lifting A Shift'!#REF!) -> #REF! | U98: =M98-X98 -> 0 | V98: =M98-S98-X98 -> 0 | W98: =V98-T98 -> #REF! | X98: =SUMIF(FLOAT!$D:$D,Cockpit!$E$5:$E$146,FLOAT!F:F) -> 0 | AF98: =SUMIF(FLOAT!$D:$D,Cockpit!$E98:$E233,FLOAT!G:G) -> 0 | AG98: =SUMIF(FLOAT!$D:$D,Cockpit!$E98:$E233,FLOAT!H:H) -> 0 | AH98: =SUMIF(FLOAT!$D:$D,Cockpit!$E98:$E233,FLOAT!I:I) -> 0 | AI98: =SUMIF(FLOAT!$D:$D,Cockpit!$E98:$E233,FLOAT!J:J) -> 0 | AJ98: =SUMIF(FLOAT!$D:$D,Cockpit!$E98:$E233,FLOAT!K:K) -> 0 | AK98: =SUMIF(FLOAT!$D:$D,Cockpit!$E98:$E233,FLOAT!L:L) -> 0 | AL98: =SUMIF(FLOAT!$D:$D,Cockpit!$E98:$E233,FLOAT!M:M) -> 0 | AM98: =SUMIF(FLOAT!$D:$D,Cockpit!$E98:$E233,FLOAT!N:N) -> 0 | AN98: =SUMIF(FLOAT!$D:$D,Cockpit!$E98:$E233,FLOAT!O:O) -> 0 | AO98: =SUMIF(FLOAT!$D:$D,Cockpit!$E98:$E233,FLOAT!P:P) -> 0 | AP98: =AF98+AG98+AH98+AI98+AJ98+AK98+AM98+AN98+AO98 -> 0
D99: 544254640214 | E99: 54424127A | F99: ALTROZ ACC(O)1.2L DCA 6AB | G99: 0 | H99: =G99 -> 0 | I99: 0 | J99: =Q99 -> 0 | K99: =R99 -> 0 | L99: =H99-K99 -> 0 | M99: =I99+J99-K99 -> 0 | N99: =SUMIF('3 D P'!$D:$D,Cockpit!$E$5:$E$146,'3 D P'!L:L) -> 0 | O99: =SUMIF('3 D P'!$D:$D,Cockpit!$E$5:$E$146,'3 D P'!M:M) -> 0 | P99: =SUMIF('3 D P'!$D:$D,Cockpit!$E$5:$E$146,'3 D P'!N:N) -> 0 | Q99: =IFERROR(VLOOKUP($D99,'Aptiv Dispatch'!$A:$B,2,FALSE),0) -> 0 | R99: =SUMIF('Consumption MTD'!B:B,Cockpit!$E$5:$E$146,'Consumption MTD'!C:C) -> 0 | S99: =SUMIF('BIW Lifting A Shift'!$B:$B,Cockpit!$E$5:$E$146,'BIW Lifting A Shift'!C:C) -> 0 | T99: =SUMIF('BIW Lifting A Shift'!$B:$B,Cockpit!$E$5:$E$146,'BIW Lifting A Shift'!#REF!) -> #REF! | U99: =M99-X99 -> 0 | V99: =M99-S99-X99 -> 0 | W99: =V99-T99 -> #REF! | X99: =SUMIF(FLOAT!$D:$D,Cockpit!$E$5:$E$146,FLOAT!F:F) -> 0 | AF99: =SUMIF(FLOAT!$D:$D,Cockpit!$E99:$E234,FLOAT!G:G) -> 0 | AG99: =SUMIF(FLOAT!$D:$D,Cockpit!$E99:$E234,FLOAT!H:H) -> 0 | AH99: =SUMIF(FLOAT!$D:$D,Cockpit!$E99:$E234,FLOAT!I:I) -> 0 | AI99: =SUMIF(FLOAT!$D:$D,Cockpit!$E99:$E234,FLOAT!J:J) -> 0 | AJ99: =SUMIF(FLOAT!$D:$D,Cockpit!$E99:$E234,FLOAT!K:K) -> 0 | AK99: =SUMIF(FLOAT!$D:$D,Cockpit!$E99:$E234,FLOAT!L:L) -> 0 | AL99: =SUMIF(FLOAT!$D:$D,Cockpit!$E99:$E234,FLOAT!M:M) -> 0 | AM99: =SUMIF(FLOAT!$D:$D,Cockpit!$E99:$E234,FLOAT!N:N) -> 0 | AN99: =SUMIF(FLOAT!$D:$D,Cockpit!$E99:$E234,FLOAT!O:O) -> 0 | AO99: =SUMIF(FLOAT!$D:$D,Cockpit!$E99:$E234,FLOAT!P:P) -> 0 | AP99: =AF99+AG99+AH99+AI99+AJ99+AK99+AM99+AN99+AO99 -> 0
D100: 544254640213 | E100: 54424327A | F100: ALTROZ ACC(O)1.2L MT 6AB | G100: 82 | H100: =SUM(G100:G101) -> 82 | I100: 1 | J100: =Q100 -> 0 | K100: =SUM(R100:R101) -> 0 | L100: =H100-K100 -> 82 | M100: =SUM(I100:I101)+J100-K100 -> 1 | N100: =SUMIF('3 D P'!$D:$D,Cockpit!$E$5:$E$146,'3 D P'!L:L) -> 0 | O100: =SUMIF('3 D P'!$D:$D,Cockpit!$E$5:$E$146,'3 D P'!M:M) -> 0 | P100: =SUMIF('3 D P'!$D:$D,Cockpit!$E$5:$E$146,'3 D P'!N:N) -> 0 | Q100: =IFERROR(VLOOKUP($D100,'Aptiv Dispatch'!$A:$B,2,FALSE),0) -> 0 | R100: =SUMIF('Consumption MTD'!B:B,Cockpit!$E$5:$E$146,'Consumption MTD'!C:C) -> 0 | S100: =SUMIF('BIW Lifting A Shift'!$B:$B,Cockpit!$E$5:$E$146,'BIW Lifting A Shift'!C:C) -> 0 | T100: =SUMIF('BIW Lifting A Shift'!$B:$B,Cockpit!$E$5:$E$146,'BIW Lifting A Shift'!#REF!) -> #REF! | U100: =M100-X100-X101 -> 1 | V100: =M100-X100-X101-S100-S101 -> 1 | W100: =V100-T100-T101 -> #REF! | X100: =SUMIF(FLOAT!$D:$D,Cockpit!$E$5:$E$146,FLOAT!F:F) -> 0 | AF100: =SUMIF(FLOAT!$D:$D,Cockpit!$E100:$E235,FLOAT!G:G) -> 0 | AG100: =SUMIF(FLOAT!$D:$D,Cockpit!$E100:$E235,FLOAT!H:H) -> 0 | AH100: =SUMIF(FLOAT!$D:$D,Cockpit!$E100:$E235,FLOAT!I:I) -> 0 | AI100: =SUMIF(FLOAT!$D:$D,Cockpit!$E100:$E235,FLOAT!J:J) -> 0 | AJ100: =SUMIF(FLOAT!$D:$D,Cockpit!$E100:$E235,FLOAT!K:K) -> 0 | AK100: =SUMIF(FLOAT!$D:$D,Cockpit!$E100:$E235,FLOAT!L:L) -> 0 | AL100: =SUMIF(FLOAT!$D:$D,Cockpit!$E100:$E235,FLOAT!M:M) -> 0 | AM100: =SUMIF(FLOAT!$D:$D,Cockpit!$E100:$E235,FLOAT!N:N) -> 0 | AN100: =SUMIF(FLOAT!$D:$D,Cockpit!$E100:$E235,FLOAT!O:O) -> 0 | AO100: =SUMIF(FLOAT!$D:$D,Cockpit!$E100:$E235,FLOAT!P:P) -> 0 | AP100: =AF100+AG100+AH100+AI100+AJ100+AK100+AM100+AN100+AO100 -> 0
...

Sheet Sheet3
A1: 544554640104 | B1: WH MAIN ADV_1.2P_MT | C1: APTIV COMPONENTS | D1: 16 | E1: =IFERROR(VLOOKUP(A1,Cockpit!$D$143:$D$144,1,0),0) -> 544554640104 | G1: - MAT634132SPPG9760
A2: 544554630371 | B2: WH MAIN X445 PURE CNG | C2: APTIV COMPONENTS | D2: 51 | E2: =IFERROR(VLOOKUP(A2,Cockpit!$D$143:$D$144,1,0),0) -> 0 | G2: - MAT634132SPPG9760
A3: 544554640108 | B3: WH MAIN ADV 1.2 CNG RT | C3: APTIV COMPONENTS | D3: 110 | E3: =IFERROR(VLOOKUP(A3,Cockpit!$D$143:$D$144,1,0),0) -> 0 | G3: - MAT634132SPPG9760
A4: 544554640107 | B4: WH MAIN ADV+S_1.2P_MT RT | C4: APTIV COMPONENTS | D4: 66 | E4: =IFERROR(VLOOKUP(A4,Cockpit!$D$143:$D$144,1,0),0) -> 0 | G4: - MAT634132SPPG9760
A5: 544554640105 | B5: WH MAIN ADV_1.2_CNG | C5: APTIV COMPONENTS | D5: 3 | E5: =IFERROR(VLOOKUP(A5,Cockpit!$D$143:$D$144,1,0),0) -> 0 | G5: - MAT634132SPPG9760
A6: 544554630370 | B6: WH MAIN BASE X445 PUR_1.2P_MT | C6: APTIV COMPONENTS | D6: 68 | E6: =IFERROR(VLOOKUP(A6,Cockpit!$D$143:$D$144,1,0),0) -> 0 | G6: - MAT634132SPPG9760
A7: 544554640109 | B7: WH MAIN ADV_1.2P_AMT_RT | C7: APTIV COMPONENTS | D7: 16 | E7: =IFERROR(VLOOKUP(A7,Cockpit!$D$143:$D$144,1,0),0) -> 0 | G7: - MAT634132SPPG9760
A8: 544554630386 | B8: WH MAIN X445 ADV CNG SR RT MT | C8: APTIV COMPONENTS | D8: 17 | E8: =IFERROR(VLOOKUP(A8,Cockpit!$D$143:$D$144,1,0),0) -> 0 | G8: - MAT634132SPPG9760
A9: 544554630385 | B9: WH MAIN X445 ADV_AMT_SR- | C9: APTIV COMPONENTS | D9: 22 | E9: =IFERROR(VLOOKUP(A9,Cockpit!$D$143:$D$144,1,0),0) -> 0 | G9: - MAT634132SPPG9760
A10: 544554630372 | B10: WH MAIN X445 PUR O 1.2P MT | C10: APTIV COMPONENTS | D10: 15 | E10: =IFERROR(VLOOKUP(A10,Cockpit!$D$143:$D$144,1,0),0) -> 0 | G10: - MAT634132SPPG9760
A11: 544554630382 | B11: X445_WH MAIN ADV_1.2P_MT_SR | C11: APTIV COMPONENTS | D11: 4 | E11: =IFERROR(VLOOKUP(A11,Cockpit!$D$143:$D$144,1,0),0) -> 0 | G11: - MAT634132SPPG9760
A12: 544554630389 | B12: WH MAIN X445 ACC_DZ_CNG | C12: APTIV COMPONENTS | D12: 29 | E12: =IFERROR(VLOOKUP(A12,Cockpit!$D$143:$D$144,1,0),0) -> 0 | G12: - MAT634132SPPG9760
... A44: 544254640197 | B44: X451_MCE_WH MAIN_SMART(O) 1.2L MT 6AB | C44: APTIV COMPONENTS | D44: 6 | E44: =IFERROR(VLOOKUP(A44,Cockpit!$D$143:$D$144,1,0),0) -> 0 | G44: - MAT634132SPPG9760

Sheet SBR Summary
C2: Altroz-SBR | D2: New Part | E2: ECN | F2: Already Implemented | G2: No WH Change | H2: N/A | I2: Total
C3: Total VC | D3: 19 | E3: 30 | F3: 9 | G3: 13 | H3: 16 | I3: =SUM(D3:H3) -> 87
C4: Total Part | D4: 7 | E4: 16 | F4: 8 | G4: 9 | H4: 7 | I4: =SUM(D4:H4) -> 47

Sheet As Per Pratik List
A1: Family | B1: TML P/N | C1: D_P_N | D1: SBR New Part | E1: Status SBR
A2: Main | B2: 544254600216 | C2: 35912044 | E2: SBR implemented
A3: Main | B3: 544254600213 | C3: 35912020 | E3: SBR implemented
A4: Main | B4: 544254600225 | C4: 35912078 | D4: 544254650109 | E4: Part no change
A5: Main | B5: 544254630264 | C5: 35695728 | D5: 544254630115 | E5: Part no change
A6: Main | B6: 544254630420 | C6: 35732341 | D6: 544254640173 | E6: Part no change
A7: Main | B7: 544254630262 | C7: 35695726
A8: Main | B8: 544254630390 | C8: 35732330
A9: Main | B9: 544254630392 | C9: 35732332
A10: Main | B10: 544254600212 | C10: 35912019 | E10: SBR implemented
A11: Main | B11: 544254600215 | C11: 35912043 | E11: SBR implemented
A12: Main | B12: 544254630415 | C12: 35732336
A13: Main | B13: 544254600224 | C13: 35912077 | D13: 544254650108 | E13: Part no change
A14: Main | B14: 544254630416 | C14: 35732337
A15: Main | B15: 544254600226 | C15: 35912079 | D15: 544254650110 | E15: Part no change
A16: Main | B16: 544254630419 | C16: 35732340 | D16: 544254640172 | E16: Part no change
A17: Main | B17: 544254630247 | C17: 35695721
A18: Main(CNG) | B18: 544254630344 | C18: 35758981 | E18: Carryover in SBR
A19: Main(CNG) | B19: 544254630399 | C19: 35731038 | E19: Carryover in SBR
A20: Main(CNG) | B20: 544254630346 | C20: 35758982 | E20: Carryover in SBR
A21: Main(CNG) | B21: 544254630397 | C21: 35731036 | E21: Carryover in SBR
A22: Main(CNG) | B22: 544254630347 | C22: 35758989 | E22: Carryover in SBR
A23: Main(CNG) | B23: 544254630353 | C23: 35758992
A24: Main | B24: 544254600108 | C24: 35911971 | E24: SBR implemented
A25: Main | B25: 544254600109 | C25: 35911972 | E25: SBR implemented
A26: Main | B26: 544254600110 | C26: 35911974 | E26: SBR implemented
A27: Main | B27: 544254600111 | C27: 35912012 | E27: SBR implemented
A28: Main | B28: 544254600379 | C28: 35793318
A29: Main | B29: 544254600214 | C29: 35912042 | E29: SBR implemented
A30: Main | B30: 544254600509 | C30: 35793320
A31: Main | B31: 544254600217 | C31: 35912076 | D31: 544254650107 | E31: Part no change
A32: Main | B32: 544254630611 | C32: 35794658 | E32: SBR implemented
A33: Main | B33: 544254630601 | C33: 35794650 | E33: SBR implemented
A34: Main | B34: 544254630705 | C34: 35794677 | E34: SBR implemented
A35: Main | B35: 544254630600 | C35: 35794648 | E35: SBR implemented
A36: Main | B36: 544254630610 | C36: 35794657 | E36: SBR implemented
A37: Main | B37: 544254630703 | C37: 35794675 | E37: SBR implemented
A38: Main | B38: 544254630455 | C38: 35794643 | E38: SBR implemented
A39: Main | B39: 544254630812 | C39: 35867350 | E39: SBR implemented
A40: Main | B40: 544254630811 | C40: 35867349 | E40: SBR implemented
A41: Main | B41: 544254630809 | C41: 35867346 | E41: Carryover in SBR
A42: Main | B42: 544254630810 | C42: 35867348 | E42: Carryover in SBR
A43: Main | B43: 544254630808 | C43: 35867345 | E43: Carryover in SBR
... A66: Body Earth | B66: 544215610139 | C66: 35676488 | E66: Carryover in SBR

Sheet Cockpit
A1: Date : 09.06.2022 | C1: ='3 D P'!P1 -> Date
M2: =SUM(M179) -> 780 | S2: =SUM(S179) -> 0 | T2: =SUM(T179) -> 0 | X2: =SUM(X139+X145+X179) -> 565 | AE2: opening 31otc | AH2: =SUMIF(FLOAT!$D:$D,'Fresh VIN PPC'!$E$5:$E$239,FLOAT!$G:$G) -> 0 | AI2: =SUMIF(FLOAT!$D:$D,'Fresh VIN PPC'!$E$5:$E$239,FLOAT!$H:$H) -> 0 | AJ2: =SUMIF(FLOAT!$D:$D,'Fresh VIN PPC'!$E$5:$E$239,FLOAT!$I:$I) -> 0 | AK2: =SUMIF(FLOAT!$D:$D,'Fresh VIN PPC'!$E$5:$E$239,FLOAT!$J:$J) -> 0 | AL2: =SUMIF(FLOAT!$D:$D,'Fresh VIN PPC'!$E$5:$E$239,FLOAT!$K:$K) -> 0 | AM2: =SUMIF(FLOAT!$D:$D,'Fresh VIN PPC'!$E$5:$E$239,FLOAT!$L:$L) -> 0 | AN2: =SUMIF(FLOAT!$D:$D,'Fresh VIN PPC'!$E$5:$E$239,FLOAT!$M:$M) -> 0 | AO2: =SUMIF(FLOAT!$D:$D,'Fresh VIN PPC'!$E$5:$E$239,FLOAT!$N:$N) -> 0 | AP2: =SUMIF(FLOAT!$D:$D,'Fresh VIN PPC'!$E$5:$E$239,FLOAT!$O:$O) -> 0 | AQ2: =SUMIF(FLOAT!$D:$D,'Fresh VIN PPC'!$E$5:$E$239,FLOAT!$P:$P) -> 0
X3: =SUM(X139,AA145) -> 0
A4: Part No | B4: Pre | C4: : | D4: Part No | E4: VC No | F4: Model | G4: PLAN | H4: W/H Requirement | I4: Month O/P | J4: Inwards | K4: Consumption | L4: Balance Production | M4: Today's O/P | N4: =TODAY() -> 46221 | O4: =TODAY()+1 -> 46222 | P4: =TODAY()+2 -> 46223 | Q4: Cumulative Dispatch | R4: Consumption | S4: A SHIFT BIW LIFTING | T4: B SHIFT BIW LIFTING | U4: Float Coverage at 6:30am | V4: Float Coverage at 3 pm | W4: Float Coverage at 11:30 pm | X4: Paint float 06:30am | Y4: Balance to Inward | Z4: Taco Mail 31.12.2025 | AA4: op | AH4: PBS FLOAT | AI4: PBS TO POLISHING | AJ4: POLISHING TO TOPCOAT | AK4: TOPCOAT TO WETSANDING ROOFBLACK | AL4: TOPCOAT TO WETSANDING FRESH | AM4: WETSANDING TO SEALANT | AN4: TOTAL UPTO SEALANT | AO4: PT ENTRY TO SEALENT | AP4: BIW LIFTING TO PT | AQ4: PT BYPASS | AR4: Total | AS4: Stock as per Taco | AT4: Rev
B5: 544254630181 | C5: 544254630390 | D5: 544254630390 | E5: 54425125A | F5: ALTROZ XE 1.2P BS6GEN1+ | G5: =IFERROR(VLOOKUP(E5:E5,[1]Sheet4!$O:$P,2,0),0) -> 0 | H5: =G5 -> 0 | I5: 22 | J5: =Q5 -> 0 | K5: =R5 -> 0 | L5: =H5-K5 -> 0 | M5: =I5+J5-K5 -> 22 | N5: =SUMIF('3 D P'!$D:$D,Cockpit!$E$5:$E$146,'3 D P'!L:L) -> 0 | O5: =SUMIF('3 D P'!$D:$D,Cockpit!$E$5:$E$146,'3 D P'!M:M) -> 0 | P5: =SUMIF('3 D P'!$D:$D,Cockpit!$E$5:$E$146,'3 D P'!N:N) -> 0 | Q5: =IFERROR(VLOOKUP($D5,'Aptiv Dispatch'!$A:$B,2,FALSE),0) -> 0 | R5: =SUMIF('Consumption MTD'!B:B,Cockpit!$E$5:$E$146,'Consumption MTD'!C:C) -> 0 | S5: =SUMIF('BIW Lifting A Shift'!$B:$B,Cockpit!$E$5:$E$146,'BIW Lifting A Shift'!C:C) -> 0 | T5: =SUMIF('BIW Lifting B Shift'!$B:$B,Cockpit!$E$5:$E$146,'BIW Lifting B Shift'!C:C) -> 0 | U5: =M5-X5 -> 22 | V5: =M5-S5-X5 -> 22 | W5: =V5-T5 -> 22 | X5: =SUMIF(FLOAT!$D:$D,Cockpit!$E$5:$E$146,FLOAT!F:F) -> 0 | Y5: 22 | Z5: 0 | AE5: 19 | AH5: =SUMIF(FLOAT!$D:$D,Cockpit!$E5:$E146,FLOAT!G:G) -> 0 | AI5: =SUMIF(FLOAT!$D:$D,Cockpit!$E5:$E146,FLOAT!H:H) -> 0 | AJ5: =SUMIF(FLOAT!$D:$D,Cockpit!$E5:$E146,FLOAT!I:I) -> 0 | AK5: =SUMIF(FLOAT!$D:$D,Cockpit!$E5:$E146,FLOAT!J:J) -> 0 | AL5: =SUMIF(FLOAT!$D:$D,Cockpit!$E5:$E146,FLOAT!K:K) -> 0 | AM5: =SUMIF(FLOAT!$D:$D,Cockpit!$E5:$E146,FLOAT!L:L) -> 0 | AN5: =SUMIF(FLOAT!$D:$D,Cockpit!$E5:$E146,FLOAT!M:M) -> 0 | AO5: =SUMIF(FLOAT!$D:$D,Cockpit!$E5:$E146,FLOAT!N:N) -> 0 | AP5: =SUMIF(FLOAT!$D:$D,Cockpit!$E5:$E146,FLOAT!O:O) -> 0 | AQ5: =SUMIF(FLOAT!$D:$D,Cockpit!$E5:$E146,FLOAT!P:P) -> 0 | AR5: =AH5+AI5+AJ5+AK5+AL5+AM5+AO5+AP5+AQ5 -> 0 | AS5: #N/A | AT5: #N/A | AU5: =AF5=AS5 -> #N/A
C6: 544254600375 | D6: 544254600108 | E6: 54421826A | F6: ALTROZ XE 1.2 P BS6 PH2 (REVARIANT) | G6: =IFERROR(VLOOKUP(E6:E6,[1]Sheet4!$O:$P,2,0),0) -> 0 | H6: =G6 -> 0 | I6: 0 | J6: =Q6 -> 0 | K6: =R6 -> 0 | L6: =H6-K6 -> 0 | M6: =I6+J6-K6 -> 0 | N6: =SUMIF('3 D P'!$D:$D,Cockpit!$E$5:$E$146,'3 D P'!L:L) -> 0 | O6: =SUMIF('3 D P'!$D:$D,Cockpit!$E$5:$E$146,'3 D P'!M:M) -> 0 | P6: =SUMIF('3 D P'!$D:$D,Cockpit!$E$5:$E$146,'3 D P'!N:N) -> 0 | Q6: =IFERROR(VLOOKUP($D6,'Aptiv Dispatch'!$A:$B,2,FALSE),0) -> 0 | R6: =SUMIF('Consumption MTD'!B:B,Cockpit!$E$5:$E$146,'Consumption MTD'!C:C) -> 0 | S6: =SUMIF('BIW Lifting A Shift'!$B:$B,Cockpit!$E$5:$E$146,'BIW Lifting A Shift'!C:C) -> 0 | T6: =SUMIF('BIW Lifting B Shift'!$B:$B,Cockpit!$E$5:$E$146,'BIW Lifting B Shift'!C:C) -> 0 | U6: =M6-X6 -> 0 | V6: =M6-S6-X6 -> 0 | W6: =V6-T6 -> 0 | X6: =SUMIF(FLOAT!$D:$D,Cockpit!$E$5:$E$146,FLOAT!F:F) -> 0 | Y6: 0 | Z6: 0 | AE6: 13 | AH6: =SUMIF(FLOAT!$D:$D,Cockpit!$E6:$E150,FLOAT!G:G) -> 0 | AI6: =SUMIF(FLOAT!$D:$D,Cockpit!$E6:$E150,FLOAT!H:H) -> 0 | AJ6: =SUMIF(FLOAT!$D:$D,Cockpit!$E6:$E150,FLOAT!I:I) -> 0 | AK6: =SUMIF(FLOAT!$D:$D,Cockpit!$E6:$E150,FLOAT!J:J) -> 0 | AL6: =SUMIF(FLOAT!$D:$D,Cockpit!$E6:$E150,FLOAT!K:K) -> 0 | AM6: =SUMIF(FLOAT!$D:$D,Cockpit!$E6:$E150,FLOAT!L:L) -> 0 | AN6: =SUMIF(FLOAT!$D:$D,Cockpit!$E6:$E150,FLOAT!M:M) -> 0 | AO6: =SUMIF(FLOAT!$D:$D,Cockpit!$E6:$E150,FLOAT!N:N) -> 0 | AP6: =SUMIF(FLOAT!$D:$D,Cockpit!$E6:$E150,FLOAT!O:O) -> 0 | AQ6: =SUMIF(FLOAT!$D:$D,Cockpit!$E6:$E150,FLOAT!P:P) -> 0 | AR6: =AH6+AI6+AJ6+AK6+AL6+AM6+AO6+AP6+AQ6 -> 0 | AS6: 6 | AT6: C | AU6: =AF6=AS6 -> FALSE
A7: 544254620249 | B7: 544254630159 | C7: 544254630392 | D7: 544254630392 | E7: 54420225A | F7: Altroz XE+ Diesel | G7: =IFERROR(VLOOKUP(E7:E7,[1]Sheet4!$O:$P,2,0),0) -> 0 | H7: =SUM(G7:G8) -> 0 | I7: 43 | J7: =Q7 -> 0 | K7: =SUM(R7:R8) -> 0 | L7: =H7-K7 -> 0 | M7: =I7+J7-K7 -> 43 | N7: =SUMIF('3 D P'!$D:$D,Cockpit!$E$5:$E$146,'3 D P'!L:L) -> 0 | O7: =SUMIF('3 D P'!$D:$D,Cockpit!$E$5:$E$146,'3 D P'!M:M) -> 0 | P7: =SUMIF('3 D P'!$D:$D,Cockpit!$E$5:$E$146,'3 D P'!N:N) -> 0 | Q7: =IFERROR(VLOOKUP($D7,'Aptiv Dispatch'!$A:$B,2,FALSE),0) -> 0 | R7: =SUMIF('Consumption MTD'!B:B,Cockpit!$E$5:$E$146,'Consumption MTD'!C:C) -> 0 | S7: =SUMIF('BIW Lifting A Shift'!$B:$B,Cockpit!$E$5:$E$146,'BIW Lifting A Shift'!C:C) -> 0 | T7: =SUMIF('BIW Lifting B Shift'!$B:$B,Cockpit!$E$5:$E$146,'BIW Lifting B Shift'!C:C) -> 0 | U7: =M7-X7-X8 -> 43 | V7: =M7-X7-X8-S7-S8 -> 43 | W7: =V7-T7-T8 -> 43 | X7: =SUMIF(FLOAT!$D:$D,Cockpit!$E$5:$E$146,FLOAT!F:F) -> 0 | Y7: 43 | Z7: 0 | AE7: 27 | AH7: =SUMIF(FLOAT!$D:$D,Cockpit!$E7:$E151,FLOAT!G:G) -> 0 | AI7: =SUMIF(FLOAT!$D:$D,Cockpit!$E7:$E151,FLOAT!H:H) -> 0 | AJ7: =SUMIF(FLOAT!$D:$D,Cockpit!$E7:$E151,FLOAT!I:I) -> 0 | AK7: =SUMIF(FLOAT!$D:$D,Cockpit!$E7:$E151,FLOAT!J:J) -> 0 | AL7: =SUMIF(FLOAT!$D:$D,Cockpit!$E7:$E151,FLOAT!K:K) -> 0 | AM7: =SUMIF(FLOAT!$D:$D,Cockpit!$E7:$E151,FLOAT!L:L) -> 0 | AN7: =SUMIF(FLOAT!$D:$D,Cockpit!$E7:$E151,FLOAT!M:M) -> 0 | AO7: =SUMIF(FLOAT!$D:$D,Cockpit!$E7:$E151,FLOAT!N:N) -> 0 | AP7: =SUMIF(FLOAT!$D:$D,Cockpit!$E7:$E151,FLOAT!O:O) -> 0 | AQ7: =SUMIF(FLOAT!$D:$D,Cockpit!$E7:$E151,FLOAT!P:P) -> 0 | AR7: =AH7+AI7+AJ7+AK7+AL7+AM7+AO7+AP7+AQ7 -> 0 | AS7: #N/A | AT7: #N/A | AU7: =AF7=AS7 -> #N/A
B8: 544254630186 | E8: 54426225A | F8: ALTROZ XE+ 1.2P BS6GEN1+ | G8: =IFERROR(VLOOKUP(E8:E8,[1]Sheet4!$O:$P,2,0),0) -> 0 | N8: =SUMIF('3 D P'!$D:$D,Cockpit!$E$5:$E$146,'3 D P'!L:L) -> 0 | O8: =SUMIF('3 D P'!$D:$D,Cockpit!$E$5:$E$146,'3 D P'!M:M) -> 0 | P8: =SUMIF('3 D P'!$D:$D,Cockpit!$E$5:$E$146,'3 D P'!N:N) -> 0 | Q8: =IFERROR(VLOOKUP($D8,'Aptiv Dispatch'!$A:$B,2,FALSE),0) -> 0 | R8: =SUMIF('Consumption MTD'!B:B,Cockpit!$E$5:$E$146,'Consumption MTD'!C:C) -> 0 | S8: =SUMIF('BIW Lifting A Shift'!$B:$B,Cockpit!$E$5:$E$146,'BIW Lifting A Shift'!C:C) -> 0 | T8: =SUMIF('BIW Lifting B Shift'!$B:$B,Cockpit!$E$5:$E$146,'BIW Lifting B Shift'!C:C) -> 0 | X8: =SUMIF(FLOAT!$D:$D,Cockpit!$E$5:$E$146,FLOAT!F:F) -> 0 | Z8: 0 | AH8: =SUMIF(FLOAT!$D:$D,Cockpit!$E8:$E152,FLOAT!G:G) -> 0 | AI8: =SUMIF(FLOAT!$D:$D,Cockpit!$E8:$E152,FLOAT!H:H) -> 0 | AJ8: =SUMIF(FLOAT!$D:$D,Cockpit!$E8:$E152,FLOAT!I:I) -> 0 | AK8: =SUMIF(FLOAT!$D:$D,Cockpit!$E8:$E152,FLOAT!J:J) -> 0 | AL8: =SUMIF(FLOAT!$D:$D,Cockpit!$E8:$E152,FLOAT!K:K) -> 0 | AM8: =SUMIF(FLOAT!$D:$D,Cockpit!$E8:$E152,FLOAT!L:L) -> 0 | AN8: =SUMIF(FLOAT!$D:$D,Cockpit!$E8:$E152,FLOAT!M:M) -> 0 | AO8: =SUMIF(FLOAT!$D:$D,Cockpit!$E8:$E152,FLOAT!N:N) -> 0 | AP8: =SUMIF(FLOAT!$D:$D,Cockpit!$E8:$E152,FLOAT!O:O) -> 0 | AQ8: =SUMIF(FLOAT!$D:$D,Cockpit!$E8:$E152,FLOAT!P:P) -> 0 | AR8: =AH8+AI8+AJ8+AK8+AL8+AM8+AO8+AP8+AQ8 -> 0 | AS8: #N/A | AT8: #N/A | AU8: =AF8=AS8 -> #N/A
C9: 544254600376 | D9: 544254600109 | E9: 54422126A | F9: ALTROZ XM 1.2P BS6 PH2(REVARIANT) | G9: =IFERROR(VLOOKUP(E9:E9,[1]Sheet4!$O:$P,2,0),0) -> 0 | H9: =G9 -> 0 | I9: 0 | J9: =Q9 -> 0 | K9: =R9 -> 0 | L9: =H9-K9 -> 0 | M9: =I9+J9-K9 -> 0 | N9: =SUMIF('3 D P'!$D:$D,Cockpit!$E$5:$E$146,'3 D P'!L:L) -> 0 | O9: =SUMIF('3 D P'!$D:$D,Cockpit!$E$5:$E$146,'3 D P'!M:M) -> 0 | P9: =SUMIF('3 D P'!$D:$D,Cockpit!$E$5:$E$146,'3 D P'!N:N) -> 0 | Q9: =IFERROR(VLOOKUP($D9,'Aptiv Dispatch'!$A:$B,2,FALSE),0) -> 0 | R9: =SUMIF('Consumption MTD'!B:B,Cockpit!$E$5:$E$146,'Consumption MTD'!C:C) -> 0 | S9: =SUMIF('BIW Lifting A Shift'!$B:$B,Cockpit!$E$5:$E$146,'BIW Lifting A Shift'!C:C) -> 0 | T9: =SUMIF('BIW Lifting B Shift'!$B:$B,Cockpit!$E$5:$E$146,'BIW Lifting B Shift'!C:C) -> 0 | U9: =M9-X9 -> 0 | V9: =M9-S9-X9 -> 0 | W9: =V9-T9 -> 0 | X9: =SUMIF(FLOAT!$D:$D,Cockpit!$E$5:$E$146,FLOAT!F:F) -> 0 | Y9: 0 | Z9: 0 | AE9: 42 | AH9: =SUMIF(FLOAT!$D:$D,Cockpit!$E9:$E153,FLOAT!G:G) -> 0 | AI9: =SUMIF(FLOAT!$D:$D,Cockpit!$E9:$E153,FLOAT!H:H) -> 0 | AJ9: =SUMIF(FLOAT!$D:$D,Cockpit!$E9:$E153,FLOAT!I:I) -> 0 | AK9: =SUMIF(FLOAT!$D:$D,Cockpit!$E9:$E153,FLOAT!J:J) -> 0 | AL9: =SUMIF(FLOAT!$D:$D,Cockpit!$E9:$E153,FLOAT!K:K) -> 0 | AM9: =SUMIF(FLOAT!$D:$D,Cockpit!$E9:$E153,FLOAT!L:L) -> 0 | AN9: =SUMIF(FLOAT!$D:$D,Cockpit!$E9:$E153,FLOAT!M:M) -> 0 | AO9: =SUMIF(FLOAT!$D:$D,Cockpit!$E9:$E153,FLOAT!N:N) -> 0 | AP9: =SUMIF(FLOAT!$D:$D,Cockpit!$E9:$E153,FLOAT!O:O) -> 0 | AQ9: =SUMIF(FLOAT!$D:$D,Cockpit!$E9:$E153,FLOAT!P:P) -> 0 | AR9: =AH9+AI9+AJ9+AK9+AL9+AM9+AO9+AP9+AQ9 -> 0 | AS9: 4 | AT9: C | AU9: =AF9=AS9 -> FALSE
C10: 544254600377 | D10: 544254600110 | E10: 54422026A | F10: ALTROZ XM (S)1.2P BS6 PH2(REVARIANT) | G10: =IFERROR(VLOOKUP(E10:E10,[1]Sheet4!$O:$P,2,0),0) -> 0 | H10: =G10 -> 0 | I10: 0 | J10: =Q10 -> 0 | K10: =R10 -> 0 | L10: =H10-K10 -> 0 | M10: =I10+J10-K10 -> 0 | N10: =SUMIF('3 D P'!$D:$D,Cockpit!$E$5:$E$146,'3 D P'!L:L) -> 0 | O10: =SUMIF('3 D P'!$D:$D,Cockpit!$E$5:$E$146,'3 D P'!M:M) -> 0 | P10: =SUMIF('3 D P'!$D:$D,Cockpit!$E$5:$E$146,'3 D P'!N:N) -> 0 | Q10: =IFERROR(VLOOKUP($D10,'Aptiv Dispatch'!$A:$B,2,FALSE),0) -> 0 | R10: =SUMIF('Consumption MTD'!B:B,Cockpit!$E$5:$E$146,'Consumption MTD'!C:C) -> 0 | S10: =SUMIF('BIW Lifting A Shift'!$B:$B,Cockpit!$E$5:$E$146,'BIW Lifting A Shift'!C:C) -> 0 | T10: =SUMIF('BIW Lifting B Shift'!$B:$B,Cockpit!$E$5:$E$146,'BIW Lifting B Shift'!C:C) -> 0 | U10: =M10-X10 -> 0 | V10: =M10-S10-X10 -> 0 | W10: =V10-T10 -> 0 | X10: =SUMIF(FLOAT!$D:$D,Cockpit!$E$5:$E$146,FLOAT!F:F) -> 0 | Y10: 0 | Z10: 0 | AE10: 10 | AH10: =SUMIF(FLOAT!$D:$D,Cockpit!$E10:$E154,FLOAT!G:G) -> 0 | AI10: =SUMIF(FLOAT!$D:$D,Cockpit!$E10:$E154,FLOAT!H:H) -> 0 | AJ10: =SUMIF(FLOAT!$D:$D,Cockpit!$E10:$E154,FLOAT!I:I) -> 0 | AK10: =SUMIF(FLOAT!$D:$D,Cockpit!$E10:$E154,FLOAT!J:J) -> 0 | AL10: =SUMIF(FLOAT!$D:$D,Cockpit!$E10:$E154,FLOAT!K:K) -> 0 | AM10: =SUMIF(FLOAT!$D:$D,Cockpit!$E10:$E154,FLOAT!L:L) -> 0 | AN10: =SUMIF(FLOAT!$D:$D,Cockpit!$E10:$E154,FLOAT!M:M) -> 0 | AO10: =SUMIF(FLOAT!$D:$D,Cockpit!$E10:$E154,FLOAT!N:N) -> 0 | AP10: =SUMIF(FLOAT!$D:$D,Cockpit!$E10:$E154,FLOAT!O:O) -> 0 | AQ10: =SUMIF(FLOAT!$D:$D,Cockpit!$E10:$E154,FLOAT!P:P) -> 0 | AR10: =AH10+AI10+AJ10+AK10+AL10+AM10+AO10+AP10+AQ10 -> 0 | AS10: 4 | AT10: C | AU10: =AF10=AS10 -> FALSE
B11: 544254630185 | C11: 544254630391 | D11: 544254600212 | E11: 54426325A | F11: ALTROZ XM+ 1.2P BS6GEN1+ | G11: =IFERROR(VLOOKUP(E11:E11,[1]Sheet4!$O:$P,2,0),0) -> 0 | H11: =SUM(G11:G12) -> 0 | I11: 0 | J11: =Q11 -> 0 | K11: =SUM(R11:R12) -> 0 | L11: =H11-K11 -> 0 | M11: =I11+J11-K11 -> 0 | N11: =SUMIF('3 D P'!$D:$D,Cockpit!$E$5:$E$146,'3 D P'!L:L) -> 0 | O11: =SUMIF('3 D P'!$D:$D,Cockpit!$E$5:$E$146,'3 D P'!M:M) -> 0 | P11: =SUMIF('3 D P'!$D:$D,Cockpit!$E$5:$E$146,'3 D P'!N:N) -> 0 | Q11: =IFERROR(VLOOKUP($D11,'Aptiv Dispatch'!$A:$B,2,FALSE),0) -> 0 | R11: =SUMIF('Consumption MTD'!B:B,Cockpit!$E$5:$E$146,'Consumption MTD'!C:C) -> 0 | S11: =SUMIF('BIW Lifting A Shift'!$B:$B,Cockpit!$E$5:$E$146,'BIW Lifting A Shift'!C:C) -> 0 | T11: =SUMIF('BIW Lifting B Shift'!$B:$B,Cockpit!$E$5:$E$146,'BIW Lifting B Shift'!C:C) -> 0 | U11: =M11-X11-X12 -> 0 | V11: =M11-X11-X12-S11-S12 -> 0 | W11: =V11-T11-T12 -> 0 | X11: =SUMIF(FLOAT!$D:$D,Cockpit!$E$5:$E$146,FLOAT!F:F) -> 0 | Y11: 0 | Z11: 0 | AE11: 16 | AH11: =SUMIF(FLOAT!$D:$D,Cockpit!$E11:$E155,FLOAT!G:G) -> 0 | AI11: =SUMIF(FLOAT!$D:$D,Cockpit!$E11:$E155,FLOAT!H:H) -> 0 | AJ11: =SUMIF(FLOAT!$D:$D,Cockpit!$E11:$E155,FLOAT!I:I) -> 0 | AK11: =SUMIF(FLOAT!$D:$D,Cockpit!$E11:$E155,FLOAT!J:J) -> 0 | AL11: =SUMIF(FLOAT!$D:$D,Cockpit!$E11:$E155,FLOAT!K:K) -> 0 | AM11: =SUMIF(FLOAT!$D:$D,Cockpit!$E11:$E155,FLOAT!L:L) -> 0 | AN11: =SUMIF(FLOAT!$D:$D,Cockpit!$E11:$E155,FLOAT!M:M) -> 0 | AO11: =SUMIF(FLOAT!$D:$D,Cockpit!$E11:$E155,FLOAT!N:N) -> 0 | AP11: =SUMIF(FLOAT!$D:$D,Cockpit!$E11:$E155,FLOAT!O:O) -> 0 | AQ11: =SUMIF(FLOAT!$D:$D,Cockpit!$E11:$E155,FLOAT!P:P) -> 0 | AR11: =AH11+AI11+AJ11+AK11+AL11+AM11+AO11+AP11+AQ11 -> 0 | AS11: 4 | AT11: C | AU11: =AF11=AS11 -> FALSE
A12: 544254620251 | E12: 54420425A | F12: Altroz XM + Diesel | G12: =IFERROR(VLOOKUP(E12:E12,[1]Sheet4!$O:$P,2,0),0) -> 0 | N12: =SUMIF('3 D P'!$D:$D,Cockpit!$E$5:$E$146,'3 D P'!L:L) -> 0 | O12: =SUMIF('3 D P'!$D:$D,Cockpit!$E$5:$E$146,'3 D P'!M:M) -> 0 | P12: =SUMIF('3 D P'!$D:$D,Cockpit!$E$5:$E$146,'3 D P'!N:N) -> 0 | Q12: =IFERROR(VLOOKUP($D12,'Aptiv Dispatch'!$A:$B,2,FALSE),0) -> 0 | R12: =SUMIF('Consumption MTD'!B:B,Cockpit!$E$5:$E$146,'Consumption MTD'!C:C) -> 0 | S12: =SUMIF('BIW Lifting A Shift'!$B:$B,Cockpit!$E$5:$E$146,'BIW Lifting A Shift'!C:C) -> 0 | T12: =SUMIF('BIW Lifting B Shift'!$B:$B,Cockpit!$E$5:$E$146,'BIW Lifting B Shift'!C:C) -> 0 | X12: =SUMIF(FLOAT!$D:$D,Cockpit!$E$5:$E$146,FLOAT!F:F) -> 0 | Z12: 0 | AH12: =SUMIF(FLOAT!$D:$D,Cockpit!$E12:$E156,FLOAT!G:G) -> 0 | AI12: =SUMIF(FLOAT!$D:$D,Cockpit!$E12:$E156,FLOAT!H:H) -> 0 | AJ12: =SUMIF(FLOAT!$D:$D,Cockpit!$E12:$E156,FLOAT!I:I) -> 0 | AK12: =SUMIF(FLOAT!$D:$D,Cockpit!$E12:$E156,FLOAT!J:J) -> 0 | AL12: =SUMIF(FLOAT!$D:$D,Cockpit!$E12:$E156,FLOAT!K:K) -> 0 | AM12: =SUMIF(FLOAT!$D:$D,Cockpit!$E12:$E156,FLOAT!L:L) -> 0 | AN12: =SUMIF(FLOAT!$D:$D,Cockpit!$E12:$E156,FLOAT!M:M) -> 0 | AO12: =SUMIF(FLOAT!$D:$D,Cockpit!$E12:$E156,FLOAT!N:N) -> 0 | AP12: =SUMIF(FLOAT!$D:$D,Cockpit!$E12:$E156,FLOAT!O:O) -> 0 | AQ12: =SUMIF(FLOAT!$D:$D,Cockpit!$E12:$E156,FLOAT!P:P) -> 0 | AR12: =AH12+AI12+AJ12+AK12+AL12+AM12+AO12+AP12+AQ12 -> 0 | AS12: #N/A | AT12: #N/A | AU12: =AF12=AS12 -> #N/A
C13: 544254600378 | D13: 544254600111 | E13: 54422226A | F13: ALTROZ XM+ 1.2P BS6 PH2(REVARIANT) | G13: =IFERROR(VLOOKUP(E13:E13,[1]Sheet4!$O:$P,2,0),0) -> 0 | H13: =G13 -> 0 | I13: 0 | J13: =Q13 -> 0 | K13: =R13 -> 0 | L13: =H13-K13 -> 0 | M13: =I13+J13-K13 -> 0 | N13: =SUMIF('3 D P'!$D:$D,Cockpit!$E$5:$E$146,'3 D P'!L:L) -> 0 | O13: =SUMIF('3 D P'!$D:$D,Cockpit!$E$5:$E$146,'3 D P'!M:M) -> 0 | P13: =SUMIF('3 D P'!$D:$D,Cockpit!$E$5:$E$146,'3 D P'!N:N) -> 0 | Q13: =IFERROR(VLOOKUP($D13,'Aptiv Dispatch'!$A:$B,2,FALSE),0) -> 0 | R13: =SUMIF('Consumption MTD'!B:B,Cockpit!$E$5:$E$146,'Consumption MTD'!C:C) -> 0 | S13: =SUMIF('BIW Lifting A Shift'!$B:$B,Cockpit!$E$5:$E$146,'BIW Lifting A Shift'!C:C) -> 0 | T13: =SUMIF('BIW Lifting B Shift'!$B:$B,Cockpit!$E$5:$E$146,'BIW Lifting B Shift'!C:C) -> 0 | U13: =M13-X13 -> 0 | V13: =M13-S13-X13 -> 0 | W13: =V13-T13 -> 0 | X13: =SUMIF(FLOAT!$D:$D,Cockpit!$E$5:$E$146,FLOAT!F:F) -> 0 | Y13: 0 | Z13: 0 | AE13: 81 | AH13: =SUMIF(FLOAT!$D:$D,Cockpit!$E13:$E157,FLOAT!G:G) -> 0 | AI13: =SUMIF(FLOAT!$D:$D,Cockpit!$E13:$E157,FLOAT!H:H) -> 0 | AJ13: =SUMIF(FLOAT!$D:$D,Cockpit!$E13:$E157,FLOAT!I:I) -> 0 | AK13: =SUMIF(FLOAT!$D:$D,Cockpit!$E13:$E157,FLOAT!J:J) -> 0 | AL13: =SUMIF(FLOAT!$D:$D,Cockpit!$E13:$E157,FLOAT!K:K) -> 0 | AM13: =SUMIF(FLOAT!$D:$D,Cockpit!$E13:$E157,FLOAT!L:L) -> 0 | AN13: =SUMIF(FLOAT!$D:$D,Cockpit!$E13:$E157,FLOAT!M:M) -> 0 | AO13: =SUMIF(FLOAT!$D:$D,Cockpit!$E13:$E157,FLOAT!N:N) -> 0 | AP13: =SUMIF(FLOAT!$D:$D,Cockpit!$E13:$E157,FLOAT!O:O) -> 0 | AQ13: =SUMIF(FLOAT!$D:$D,Cockpit!$E13:$E157,FLOAT!P:P) -> 0 | AR13: =AH13+AI13+AJ13+AK13+AL13+AM13+AO13+AP13+AQ13 -> 0 | AS13: 19 | AT13: C | AU13: =AF13=AS13 -> FALSE
B14: 544254630266 | C14: 544254630393 | D14: 544254600213 | E14: 54421625A | F14: Altroz XM + DCT | G14: =IFERROR(VLOOKUP(E14:E14,[1]Sheet4!$O:$P,2,0),0) -> 0 | H14: =G14 -> 0 | I14: 5 | J14: =Q14 -> 0 | K14: =R14 -> 0 | L14: =H14-K14 -> 0 | M14: =I14+J14-K14 -> 5 | N14: =SUMIF('3 D P'!$D:$D,Cockpit!$E$5:$E$146,'3 D P'!L:L) -> 0 | O14: =SUMIF('3 D P'!$D:$D,Cockpit!$E$5:$E$146,'3 D P'!M:M) -> 0 | P14: =SUMIF('3 D P'!$D:$D,Cockpit!$E$5:$E$146,'3 D P'!N:N) -> 0 | Q14: =IFERROR(VLOOKUP($D14,'Aptiv Dispatch'!$A:$B,2,FALSE),0) -> 0 | R14: =SUMIF('Consumption MTD'!B:B,Cockpit!$E$5:$E$146,'Consumption MTD'!C:C) -> 0 | S14: =SUMIF('BIW Lifting A Shift'!$B:$B,Cockpit!$E$5:$E$146,'BIW Lifting A Shift'!C:C) -> 0 | T14: =SUMIF('BIW Lifting B Shift'!$B:$B,Cockpit!$E$5:$E$146,'BIW Lifting B Shift'!C:C) -> 0 | U14: =M14-X14 -> 5 | V14: =M14-S14-X14 -> 5 | W14: =V14-T14 -> 5 | X14: =SUMIF(FLOAT!$D:$D,Cockpit!$E$5:$E$146,FLOAT!F:F) -> 0 | Y14: 5 | Z14: 0 | AE14: 15 | AH14: =SUMIF(FLOAT!$D:$D,Cockpit!$E14:$E158,FLOAT!G:G) -> 0 | AI14: =SUMIF(FLOAT!$D:$D,Cockpit!$E14:$E158,FLOAT!H:H) -> 0 | AJ14: =SUMIF(FLOAT!$D:$D,Cockpit!$E14:$E158,FLOAT!I:I) -> 0 | AK14: =SUMIF(FLOAT!$D:$D,Cockpit!$E14:$E158,FLOAT!J:J) -> 0 | AL14: =SUMIF(FLOAT!$D:$D,Cockpit!$E14:$E158,FLOAT!K:K) -> 0 | AM14: =SUMIF(FLOAT!$D:$D,Cockpit!$E14:$E158,FLOAT!L:L) -> 0 | AN14: =SUMIF(FLOAT!$D:$D,Cockpit!$E14:$E158,FLOAT!M:M) -> 0 | AO14: =SUMIF(FLOAT!$D:$D,Cockpit!$E14:$E158,FLOAT!N:N) -> 0 | AP14: =SUMIF(FLOAT!$D:$D,Cockpit!$E14:$E158,FLOAT!O:O) -> 0 | AQ14: =SUMIF(FLOAT!$D:$D,Cockpit!$E14:$E158,FLOAT!P:P) -> 0 | AR14: =AH14+AI14+AJ14+AK14+AL14+AM14+AO14+AP14+AQ14 -> 0 | AS14: 3 | AT14: C | AU14: =AF14=AS14 -> FALSE
C15: 544254630414 | D15: 544254600215 | E15: 54420226A | F15: Altroz XM + Diesel Sun-roof | G15: =IFERROR(VLOOKUP(E15:E15,[1]Sheet4!$O:$P,2,0),0) -> 0 | H15: =SUM(G15:G16) -> 0 | I15: 11 | J15: =Q15 -> 0 | K15: =SUM(R15:R16) -> 0 | L15: =H15-K15 -> 0 | M15: =I15+J15-K15 -> 11 | N15: =SUMIF('3 D P'!$D:$D,Cockpit!$E$5:$E$146,'3 D P'!L:L) -> 0 | O15: =SUMIF('3 D P'!$D:$D,Cockpit!$E$5:$E$146,'3 D P'!M:M) -> 0 | P15: =SUMIF('3 D P'!$D:$D,Cockpit!$E$5:$E$146,'3 D P'!N:N) -> 0 | Q15: =IFERROR(VLOOKUP($D15,'Aptiv Dispatch'!$A:$B,2,FALSE),0) -> 0 | R15: =SUMIF('Consumption MTD'!B:B,Cockpit!$E$5:$E$146,'Consumption MTD'!C:C) -> 0 | S15: =SUMIF('BIW Lifting A Shift'!$B:$B,Cockpit!$E$5:$E$146,'BIW Lifting A Shift'!C:C) -> 0 | T15: =SUMIF('BIW Lifting B Shift'!$B:$B,Cockpit!$E$5:$E$146,'BIW Lifting B Shift'!C:C) -> 0 | U15: =M15-X15-X16 -> 11 | V15: =M15-X15-X16-S15-S16 -> 11 | W15: =V15-T15-T16 -> 11 | X15: =SUMIF(FLOAT!$D:$D,Cockpit!$E$5:$E$146,FLOAT!F:F) -> 0 | Y15: 11 | Z15: 0 | AE15: 21 | AH15: =SUMIF(FLOAT!$D:$D,Cockpit!$E15:$E159,FLOAT!G:G) -> 0 | AI15: =SUMIF(FLOAT!$D:$D,Cockpit!$E15:$E159,FLOAT!H:H) -> 0 | AJ15: =SUMIF(FLOAT!$D:$D,Cockpit!$E15:$E159,FLOAT!I:I) -> 0 | AK15: =SUMIF(FLOAT!$D:$D,Cockpit!$E15:$E159,FLOAT!J:J) -> 0 | AL15: =SUMIF(FLOAT!$D:$D,Cockpit!$E15:$E159,FLOAT!K:K) -> 0 | AM15: =SUMIF(FLOAT!$D:$D,Cockpit!$E15:$E159,FLOAT!L:L) -> 0 | AN15: =SUMIF(FLOAT!$D:$D,Cockpit!$E15:$E159,FLOAT!M:M) -> 0 | AO15: =SUMIF(FLOAT!$D:$D,Cockpit!$E15:$E159,FLOAT!N:N) -> 0 | AP15: =SUMIF(FLOAT!$D:$D,Cockpit!$E15:$E159,FLOAT!O:O) -> 0 | AQ15: =SUMIF(FLOAT!$D:$D,Cockpit!$E15:$E159,FLOAT!P:P) -> 0 | AR15: =AH15+AI15+AJ15+AK15+AL15+AM15+AO15+AP15+AQ15 -> 0 | AS15: #N/A | AT15: #N/A | AU15: =AF15=AS15 -> #N/A
E16: 54426326A | F16: ALTROZ XM+(S) 1.2P MT BS6 | G16: =IFERROR(VLOOKUP(E16:E16,[1]Sheet4!$O:$P,2,0),0) -> 0 | N16: =SUMIF('3 D P'!$D:$D,Cockpit!$E$5:$E$146,'3 D P'!L:L) -> 0 | O16: =SUMIF('3 D P'!$D:$D,Cockpit!$E$5:$E$146,'3 D P'!M:M) -> 0 | P16: =SUMIF('3 D P'!$D:$D,Cockpit!$E$5:$E$146,'3 D P'!N:N) -> 0 | Q16: =IFERROR(VLOOKUP($D16,'Aptiv Dispatch'!$A:$B,2,FALSE),0) -> 0 | R16: =SUMIF('Consumption MTD'!B:B,Cockpit!$E$5:$E$146,'Consumption MTD'!C:C) -> 0 | S16: =SUMIF('BIW Lifting A Shift'!$B:$B,Cockpit!$E$5:$E$146,'BIW Lifting A Shift'!C:C) -> 0 | T16: =SUMIF('BIW Lifting B Shift'!$B:$B,Cockpit!$E$5:$E$146,'BIW Lifting B Shift'!C:C) -> 0 | X16: =SUMIF(FLOAT!$D:$D,Cockpit!$E$5:$E$146,FLOAT!F:F) -> 0 | Z16: 0 | AH16: =SUMIF(FLOAT!$D:$D,Cockpit!$E16:$E160,FLOAT!G:G) -> 0 | AI16: =SUMIF(FLOAT!$D:$D,Cockpit!$E16:$E160,FLOAT!H:H) -> 0 | AJ16: =SUMIF(FLOAT!$D:$D,Cockpit!$E16:$E160,FLOAT!I:I) -> 0 | AK16: =SUMIF(FLOAT!$D:$D,Cockpit!$E16:$E160,FLOAT!J:J) -> 0 | AL16: =SUMIF(FLOAT!$D:$D,Cockpit!$E16:$E160,FLOAT!K:K) -> 0 | AM16: =SUMIF(FLOAT!$D:$D,Cockpit!$E16:$E160,FLOAT!L:L) -> 0 | AN16: =SUMIF(FLOAT!$D:$D,Cockpit!$E16:$E160,FLOAT!M:M) -> 0 | AO16: =SUMIF(FLOAT!$D:$D,Cockpit!$E16:$E160,FLOAT!N:N) -> 0 | AP16: =SUMIF(FLOAT!$D:$D,Cockpit!$E16:$E160,FLOAT!O:O) -> 0 | AQ16: =SUMIF(FLOAT!$D:$D,Cockpit!$E16:$E160,FLOAT!P:P) -> 0 | AR16: =AH16+AI16+AJ16+AK16+AL16+AM16+AO16+AP16+AQ16 -> 0 | AS16: #N/A | AT16: #N/A | AU16: =AF16=AS16 -> #N/A
C17: 544254600508 | D17: 544254600214 | E17: 54422326A | F17: ALTROZ XM + (S)1.2P BS6 PH2(REVARIANT) | G17: =IFERROR(VLOOKUP(E17:E17,[1]Sheet4!$O:$P,2,0),0) -> 0 | H17: =G17 -> 0 | I17: 0 | J17: =Q17 -> 0 | K17: =R17 -> 0 | L17: =H17-K17 -> 0 | M17: =I17+J17-K17 -> 0 | N17: =SUMIF('3 D P'!$D:$D,Cockpit!$E$5:$E$146,'3 D P'!L:L) -> 0 | O17: =SUMIF('3 D P'!$D:$D,Cockpit!$E$5:$E$146,'3 D P'!M:M) -> 0 | P17: =SUMIF('3 D P'!$D:$D,Cockpit!$E$5:$E$146,'3 D P'!N:N) -> 0 | Q17: =IFERROR(VLOOKUP($D17,'Aptiv Dispatch'!$A:$B,2,FALSE),0) -> 0 | R17: =SUMIF('Consumption MTD'!B:B,Cockpit!$E$5:$E$146,'Consumption MTD'!C:C) -> 0 | S17: =SUMIF('BIW Lifting A Shift'!$B:$B,Cockpit!$E$5:$E$146,'BIW Lifting A Shift'!C:C) -> 0 | T17: =SUMIF('BIW Lifting B Shift'!$B:$B,Cockpit!$E$5:$E$146,'BIW Lifting B Shift'!C:C) -> 0 | U17: =M17-X17 -> 0 | V17: =M17-S17-X17 -> 0 | W17: =V17-T17 -> 0 | X17: =SUMIF(FLOAT!$D:$D,Cockpit!$E$5:$E$146,FLOAT!F:F) -> 0 | Y17: 0 | Z17: 0 | AE17: 26 | AH17: =SUMIF(FLOAT!$D:$D,Cockpit!$E17:$E161,FLOAT!G:G) -> 0 | AI17: =SUMIF(FLOAT!$D:$D,Cockpit!$E17:$E161,FLOAT!H:H) -> 0 | AJ17: =SUMIF(FLOAT!$D:$D,Cockpit!$E17:$E161,FLOAT!I:I) -> 0 | AK17: =SUMIF(FLOAT!$D:$D,Cockpit!$E17:$E161,FLOAT!J:J) -> 0 | AL17: =SUMIF(FLOAT!$D:$D,Cockpit!$E17:$E161,FLOAT!K:K) -> 0 | AM17: =SUMIF(FLOAT!$D:$D,Cockpit!$E17:$E161,FLOAT!L:L) -> 0 | AN17: =SUMIF(FLOAT!$D:$D,Cockpit!$E17:$E161,FLOAT!M:M) -> 0 | AO17: =SUMIF(FLOAT!$D:$D,Cockpit!$E17:$E161,FLOAT!N:N) -> 0 | AP17: =SUMIF(FLOAT!$D:$D,Cockpit!$E17:$E161,FLOAT!O:O) -> 0 | AQ17: =SUMIF(FLOAT!$D:$D,Cockpit!$E17:$E161,FLOAT!P:P) -> 0 | AR17: =AH17+AI17+AJ17+AK17+AL17+AM17+AO17+AP17+AQ17 -> 0 | AS17: 7 | AT17: C | AU17: =AF17=AS17 -> FALSE
C18: 544254630421 | D18: 544254600216 | E18: 54426526A | F18: ALTROZ DCA XM+(S)1.2P BS6PH2 | G18: =IFERROR(VLOOKUP(E18:E18,[1]Sheet4!$O:$P,2,0),0) -> 0 | H18: =G18 -> 0 | I18: 0 | J18: =Q18 -> 0 | K18: =R18 -> 0 | L18: =H18-K18 -> 0 | M18: =I18+J18-K18 -> 0 | N18: =SUMIF('3 D P'!$D:$D,Cockpit!$E$5:$E$146,'3 D P'!L:L) -> 0 | O18: =SUMIF('3 D P'!$D:$D,Cockpit!$E$5:$E$146,'3 D P'!M:M) -> 0 | P18: =SUMIF('3 D P'!$D:$D,Cockpit!$E$5:$E$146,'3 D P'!N:N) -> 0 | Q18: =IFERROR(VLOOKUP($D18,'Aptiv Dispatch'!$A:$B,2,FALSE),0) -> 0 | R18: =SUMIF('Consumption MTD'!B:B,Cockpit!$E$5:$E$146,'Consumption MTD'!C:C) -> 0 | S18: =SUMIF('BIW Lifting A Shift'!$B:$B,Cockpit!$E$5:$E$146,'BIW Lifting A Shift'!C:C) -> 0 | T18: =SUMIF('BIW Lifting B Shift'!$B:$B,Cockpit!$E$5:$E$146,'BIW Lifting B Shift'!C:C) -> 0 | U18: =M18-X18 -> 0 | V18: =M18-S18-X18 -> 0 | W18: =V18-T18 -> 0 | X18: =SUMIF(FLOAT!$D:$D,Cockpit!$E$5:$E$146,FLOAT!F:F) -> 0 | Y18: 0 | Z18: 0 | AE18: 15 | AH18: =SUMIF(FLOAT!$D:$D,Cockpit!$E18:$E162,FLOAT!G:G) -> 0 | AI18: =SUMIF(FLOAT!$D:$D,Cockpit!$E18:$E162,FLOAT!H:H) -> 0 | AJ18: =SUMIF(FLOAT!$D:$D,Cockpit!$E18:$E162,FLOAT!I:I) -> 0 | AK18: =SUMIF(FLOAT!$D:$D,Cockpit!$E18:$E162,FLOAT!J:J) -> 0 | AL18: =SUMIF(FLOAT!$D:$D,Cockpit!$E18:$E162,FLOAT!K:K) -> 0 | AM18: =SUMIF(FLOAT!$D:$D,Cockpit!$E18:$E162,FLOAT!L:L) -> 0 | AN18: =SUMIF(FLOAT!$D:$D,Cockpit!$E18:$E162,FLOAT!M:M) -> 0 | AO18: =SUMIF(FLOAT!$D:$D,Cockpit!$E18:$E162,FLOAT!N:N) -> 0 | AP18: =SUMIF(FLOAT!$D:$D,Cockpit!$E18:$E162,FLOAT!O:O) -> 0 | AQ18: =SUMIF(FLOAT!$D:$D,Cockpit!$E18:$E162,FLOAT!P:P) -> 0 | AR18: =AH18+AI18+AJ18+AK18+AL18+AM18+AO18+AP18+AQ18 -> 0 | AS18: 13 | AT18: D-2 C-9 A-2 | AU18: =AF18=AS18 -> FALSE
A19: 544254620253 | B19: 544254630163 | C19: 544254630255 | D19: 544254650108 | E19: 54420525A | F19: Altroz XT with FATC | G19: =IFERROR(VLOOKUP(E19:E19,[1]Sheet4!$O:$P,2,0),0) -> 0 | H19: =SUM(G19:G22) -> 0 | I19: 0 | J19: =Q19 -> 0 | K19: =SUM(R19:R22) -> 0 | L19: =H19-K19 -> 0 | M19: =I19+J19-K19 -> 0 | N19: =SUMIF('3 D P'!$D:$D,Cockpit!$E$5:$E$146,'3 D P'!L:L) -> 0 | O19: =SUMIF('3 D P'!$D:$D,Cockpit!$E$5:$E$146,'3 D P'!M:M) -> 0 | P19: =SUMIF('3 D P'!$D:$D,Cockpit!$E$5:$E$146,'3 D P'!N:N) -> 0 | Q19: =IFERROR(VLOOKUP($D19,'Aptiv Dispatch'!$A:$B,2,FALSE),0) -> 0 | R19: =SUMIF('Consumption MTD'!B:B,Cockpit!$E$5:$E$146,'Consumption MTD'!C:C) -> 0 | S19: =SUMIF('BIW Lifting A Shift'!$B:$B,Cockpit!$E$5:$E$146,'BIW Lifting A Shift'!C:C) -> 0 | T19: =SUMIF('BIW Lifting B Shift'!$B:$B,Cockpit!$E$5:$E$146,'BIW Lifting B Shift'!C:C) -> 0 | U19: =M19-X19-X20-X21-X22 -> 0 | V19: =M19-X19-X20-X21-X22-S19-S20-S21-S22 -> 0 | W19: =V19-T19-T20-T21-T22 -> 0 | X19: =SUMIF(FLOAT!$D:$D,Cockpit!$E$5:$E$146,FLOAT!F:F) -> 0 | Y19: 0 | Z19: 0 | AE19: 1 | AH19: =SUMIF(FLOAT!$D:$D,Cockpit!$E19:$E163,FLOAT!G:G) -> 0 | AI19: =SUMIF(FLOAT!$D:$D,Cockpit!$E19:$E163,FLOAT!H:H) -> 0 | AJ19: =SUMIF(FLOAT!$D:$D,Cockpit!$E19:$E163,FLOAT!I:I) -> 0 | AK19: =SUMIF(FLOAT!$D:$D,Cockpit!$E19:$E163,FLOAT!J:J) -> 0 | AL19: =SUMIF(FLOAT!$D:$D,Cockpit!$E19:$E163,FLOAT!K:K) -> 0 | AM19: =SUMIF(FLOAT!$D:$D,Cockpit!$E19:$E163,FLOAT!L:L) -> 0 | AN19: =SUMIF(FLOAT!$D:$D,Cockpit!$E19:$E163,FLOAT!M:M) -> 0 | AO19: =SUMIF(FLOAT!$D:$D,Cockpit!$E19:$E163,FLOAT!N:N) -> 0 | AP19: =SUMIF(FLOAT!$D:$D,Cockpit!$E19:$E163,FLOAT!O:O) -> 0 | AQ19: =SUMIF(FLOAT!$D:$D,Cockpit!$E19:$E163,FLOAT!P:P) -> 0 | AR19: =AH19+AI19+AJ19+AK19+AL19+AM19+AO19+AP19+AQ19 -> 0 | AS19: #N/A | AT19: #N/A | AU19: =AF19=AS19 -> #N/A
E20: 54420925A | G20: =IFERROR(VLOOKUP(E20:E20,[1]Sheet4!$O:$P,2,0),0) -> 0 | N20: =SUMIF('3 D P'!$D:$D,Cockpit!$E$5:$E$146,'3 D P'!L:L) -> 0 | O20: =SUMIF('3 D P'!$D:$D,Cockpit!$E$5:$E$146,'3 D P'!M:M) -> 0 | P20: =SUMIF('3 D P'!$D:$D,Cockpit!$E$5:$E$146,'3 D P'!N:N) -> 0 | Q20: =IFERROR(VLOOKUP($D20,'Aptiv Dispatch'!$A:$B,2,FALSE),0) -> 0 | R20: =SUMIF('Consumption MTD'!B:B,Cockpit!$E$5:$E$146,'Consumption MTD'!C:C) -> 0 | S20: =SUMIF('BIW Lifting A Shift'!$B:$B,Cockpit!$E$5:$E$146,'BIW Lifting A Shift'!C:C) -> 0 | T20: =SUMIF('BIW Lifting B Shift'!$B:$B,Cockpit!$E$5:$E$146,'BIW Lifting B Shift'!C:C) -> 0 | X20: =SUMIF(FLOAT!$D:$D,Cockpit!$E$5:$E$146,FLOAT!F:F) -> 0 | Z20: 0 | AH20: =SUMIF(FLOAT!$D:$D,Cockpit!$E20:$E164,FLOAT!G:G) -> 0 | AI20: =SUMIF(FLOAT!$D:$D,Cockpit!$E20:$E164,FLOAT!H:H) -> 0 | AJ20: =SUMIF(FLOAT!$D:$D,Cockpit!$E20:$E164,FLOAT!I:I) -> 0 | AK20: =SUMIF(FLOAT!$D:$D,Cockpit!$E20:$E164,FLOAT!J:J) -> 0 | AL20: =SUMIF(FLOAT!$D:$D,Cockpit!$E20:$E164,FLOAT!K:K) -> 0 | AM20: =SUMIF(FLOAT!$D:$D,Cockpit!$E20:$E164,FLOAT!L:L) -> 0 | AN20: =SUMIF(FLOAT!$D:$D,Cockpit!$E20:$E164,FLOAT!M:M) -> 0 | AO20: =SUMIF(FLOAT!$D:$D,Cockpit!$E20:$E164,FLOAT!N:N) -> 0 | AP20: =SUMIF(FLOAT!$D:$D,Cockpit!$E20:$E164,FLOAT!O:O) -> 0 | AQ20: =SUMIF(FLOAT!$D:$D,Cockpit!$E20:$E164,FLOAT!P:P) -> 0 | AR20: =AH20+AI20+AJ20+AK20+AL20+AM20+AO20+AP20+AQ20 -> 0 | AS20: #N/A | AT20: #N/A | AU20: =AF20=AS20 -> #N/A
E21: 54422125A | G21: =IFERROR(VLOOKUP(E21:E21,[1]Sheet4!$O:$P,2,0),0) -> 0 | N21: =SUMIF('3 D P'!$D:$D,Cockpit!$E$5:$E$146,'3 D P'!L:L) -> 0 | O21: =SUMIF('3 D P'!$D:$D,Cockpit!$E$5:$E$146,'3 D P'!M:M) -> 0 | P21: =SUMIF('3 D P'!$D:$D,Cockpit!$E$5:$E$146,'3 D P'!N:N) -> 0 | Q21: =IFERROR(VLOOKUP($D21,'Aptiv Dispatch'!$A:$B,2,FALSE),0) -> 0 | R21: =SUMIF('Consumption MTD'!B:B,Cockpit!$E$5:$E$146,'Consumption MTD'!C:C) -> 0 | S21: =SUMIF('BIW Lifting A Shift'!$B:$B,Cockpit!$E$5:$E$146,'BIW Lifting A Shift'!C:C) -> 0 | T21: =SUMIF('BIW Lifting B Shift'!$B:$B,Cockpit!$E$5:$E$146,'BIW Lifting B Shift'!C:C) -> 0 | X21: =SUMIF(FLOAT!$D:$D,Cockpit!$E$5:$E$146,FLOAT!F:F) -> 0 | Z21: 0 | AH21: =SUMIF(FLOAT!$D:$D,Cockpit!$E21:$E165,FLOAT!G:G) -> 0 | AI21: =SUMIF(FLOAT!$D:$D,Cockpit!$E21:$E165,FLOAT!H:H) -> 0 | AJ21: =SUMIF(FLOAT!$D:$D,Cockpit!$E21:$E165,FLOAT!I:I) -> 0 | AK21: =SUMIF(FLOAT!$D:$D,Cockpit!$E21:$E165,FLOAT!J:J) -> 0 | AL21: =SUMIF(FLOAT!$D:$D,Cockpit!$E21:$E165,FLOAT!K:K) -> 0 | AM21: =SUMIF(FLOAT!$D:$D,Cockpit!$E21:$E165,FLOAT!L:L) -> 0 | AN21: =SUMIF(FLOAT!$D:$D,Cockpit!$E21:$E165,FLOAT!M:M) -> 0 | AO21: =SUMIF(FLOAT!$D:$D,Cockpit!$E21:$E165,FLOAT!N:N) -> 0 | AP21: =SUMIF(FLOAT!$D:$D,Cockpit!$E21:$E165,FLOAT!O:O) -> 0 | AQ21: =SUMIF(FLOAT!$D:$D,Cockpit!$E21:$E165,FLOAT!P:P) -> 0 | AR21: =AH21+AI21+AJ21+AK21+AL21+AM21+AO21+AP21+AQ21 -> 0 | AS21: #N/A | AT21: #N/A | AU21: =AF21=AS21 -> #N/A
E22: 54425325A | G22: =IFERROR(VLOOKUP(E22:E22,[1]Sheet4!$O:$P,2,0),0) -> 0 | N22: =SUMIF('3 D P'!$D:$D,Cockpit!$E$5:$E$146,'3 D P'!L:L) -> 0 | O22: =SUMIF('3 D P'!$D:$D,Cockpit!$E$5:$E$146,'3 D P'!M:M) -> 0 | P22: =SUMIF('3 D P'!$D:$D,Cockpit!$E$5:$E$146,'3 D P'!N:N) -> 0 | Q22: =IFERROR(VLOOKUP($D22,'Aptiv Dispatch'!$A:$B,2,FALSE),0) -> 0 | R22: =SUMIF('Consumption MTD'!B:B,Cockpit!$E$5:$E$146,'Consumption MTD'!C:C) -> 0 | S22: =SUMIF('BIW Lifting A Shift'!$B:$B,Cockpit!$E$5:$E$146,'BIW Lifting A Shift'!C:C) -> 0 | T22: =SUMIF('BIW Lifting B Shift'!$B:$B,Cockpit!$E$5:$E$146,'BIW Lifting B Shift'!C:C) -> 0 | X22: =SUMIF(FLOAT!$D:$D,Cockpit!$E$5:$E$146,FLOAT!F:F) -> 0 | Z22: 0 | AH22: =SUMIF(FLOAT!$D:$D,Cockpit!$E22:$E166,FLOAT!G:G) -> 0 | AI22: =SUMIF(FLOAT!$D:$D,Cockpit!$E22:$E166,FLOAT!H:H) -> 0 | AJ22: =SUMIF(FLOAT!$D:$D,Cockpit!$E22:$E166,FLOAT!I:I) -> 0 | AK22: =SUMIF(FLOAT!$D:$D,Cockpit!$E22:$E166,FLOAT!J:J) -> 0 | AL22: =SUMIF(FLOAT!$D:$D,Cockpit!$E22:$E166,FLOAT!K:K) -> 0 | AM22: =SUMIF(FLOAT!$D:$D,Cockpit!$E22:$E166,FLOAT!L:L) -> 0 | AN22: =SUMIF(FLOAT!$D:$D,Cockpit!$E22:$E166,FLOAT!M:M) -> 0 | AO22: =SUMIF(FLOAT!$D:$D,Cockpit!$E22:$E166,FLOAT!N:N) -> 0 | AP22: =SUMIF(FLOAT!$D:$D,Cockpit!$E22:$E166,FLOAT!O:O) -> 0 | AQ22: =SUMIF(FLOAT!$D:$D,Cockpit!$E22:$E166,FLOAT!P:P) -> 0 | AR22: =AH22+AI22+AJ22+AK22+AL22+AM22+AO22+AP22+AQ22 -> 0 | AS22: #N/A | AT22: #N/A | AU22: =AF22=AS22 -> #N/A
C23: 544254600510 | D23: 544254650107 | E23: 54421926A | F23: ALTROZ XT 1.2 P BS6 PH2 (REVARIANT) | G23: =IFERROR(VLOOKUP(E23:E23,[1]Sheet4!$O:$P,2,0),0) -> 0 | H23: =G23 -> 0 | I23: 0 | J23: =Q23 -> 0 | K23: =R23 -> 0 | L23: =H23-K23 -> 0 | M23: =I23+J23-K23 -> 0 | N23: =SUMIF('3 D P'!$D:$D,Cockpit!$E$5:$E$146,'3 D P'!L:L) -> 0 | O23: =SUMIF('3 D P'!$D:$D,Cockpit!$E$5:$E$146,'3 D P'!M:M) -> 0 | P23: =SUMIF('3 D P'!$D:$D,Cockpit!$E$5:$E$146,'3 D P'!N:N) -> 0 | Q23: =IFERROR(VLOOKUP($D23,'Aptiv Dispatch'!$A:$B,2,FALSE),0) -> 0 | R23: =SUMIF('Consumption MTD'!B:B,Cockpit!$E$5:$E$146,'Consumption MTD'!C:C) -> 0 | S23: =SUMIF('BIW Lifting A Shift'!$B:$B,Cockpit!$E$5:$E$146,'BIW Lifting A Shift'!C:C) -> 0 | T23: =SUMIF('BIW Lifting B Shift'!$B:$B,Cockpit!$E$5:$E$146,'BIW Lifting B Shift'!C:C) -> 0 | U23: =M23-X23 -> 0 | V23: =M23-S23-X23 -> 0 | W23: =V23-T23 -> 0 | X23: =SUMIF(FLOAT!$D:$D,Cockpit!$E$5:$E$146,FLOAT!F:F) -> 0 | Y23: 0 | Z23: 0 | AE23: 5 | AH23: =SUMIF(FLOAT!$D:$D,Cockpit!$E23:$E167,FLOAT!G:G) -> 0 | AI23: =SUMIF(FLOAT!$D:$D,Cockpit!$E23:$E167,FLOAT!H:H) -> 0 | AJ23: =SUMIF(FLOAT!$D:$D,Cockpit!$E23:$E167,FLOAT!I:I) -> 0 | AK23: =SUMIF(FLOAT!$D:$D,Cockpit!$E23:$E167,FLOAT!J:J) -> 0 | AL23: =SUMIF(FLOAT!$D:$D,Cockpit!$E23:$E167,FLOAT!K:K) -> 0 | AM23: =SUMIF(FLOAT!$D:$D,Cockpit!$E23:$E167,FLOAT!L:L) -> 0 | AN23: =SUMIF(FLOAT!$D:$D,Cockpit!$E23:$E167,FLOAT!M:M) -> 0 | AO23: =SUMIF(FLOAT!$D:$D,Cockpit!$E23:$E167,FLOAT!N:N) -> 0 | AP23: =SUMIF(FLOAT!$D:$D,Cockpit!$E23:$E167,FLOAT!O:O) -> 0 | AQ23: =SUMIF(FLOAT!$D:$D,Cockpit!$E23:$E167,FLOAT!P:P) -> 0 | AR23: =AH23+AI23+AJ23+AK23+AL23+AM23+AO23+AP23+AQ23 -> 0 | AS23: #N/A | AT23: #N/A | AU23: =AF23=AS23 -> #N/A
A24: 544246200392 | B24: 544254630258 | C24: 544254630265 | D24: 544254650109 | E24: 54421725A | F24: Altroz XT DCT, XT DCT DARK | G24: =IFERROR(VLOOKUP(E24:E24,[1]Sheet4!$O:$P,2,0),0) -> 0 | H24: =SUM(G24:G25) -> 0 | I24: 0 | J24: =Q24 -> 0 | K24: =SUM(R24:R25) -> 0 | L24: =H24-K24 -> 0 | M24: =I24+J24-K24 -> 0 | N24: =SUMIF('3 D P'!$D:$D,Cockpit!$E$5:$E$146,'3 D P'!L:L) -> 0 | O24: =SUMIF('3 D P'!$D:$D,Cockpit!$E$5:$E$146,'3 D P'!M:M) -> 0 | P24: =SUMIF('3 D P'!$D:$D,Cockpit!$E$5:$E$146,'3 D P'!N:N) -> 0 | Q24: =IFERROR(VLOOKUP($D24,'Aptiv Dispatch'!$A:$B,2,FALSE),0) -> 0 | R24: =SUMIF('Consumption MTD'!B:B,Cockpit!$E$5:$E$146,'Consumption MTD'!C:C) -> 0 | S24: =SUMIF('BIW Lifting A Shift'!$B:$B,Cockpit!$E$5:$E$146,'BIW Lifting A Shift'!C:C) -> 0 | T24: =SUMIF('BIW Lifting B Shift'!$B:$B,Cockpit!$E$5:$E$146,'BIW Lifting B Shift'!C:C) -> 0 | U24: =M24-X24-X25 -> 0 | V24: =M24-X24-X25-S24-S25 -> 0 | W24: =V24-T24-T25 -> 0 | X24: =SUMIF(FLOAT!$D:$D,Cockpit!$E$5:$E$146,FLOAT!F:F) -> 0 | Y24: 0 | Z24: 0 | AE24: 33 | AH24: =SUMIF(FLOAT!$D:$D,Cockpit!$E24:$E168,FLOAT!G:G) -> 0 | AI24: =SUMIF(FLOAT!$D:$D,Cockpit!$E24:$E168,FLOAT!H:H) -> 0 | AJ24: =SUMIF(FLOAT!$D:$D,Cockpit!$E24:$E168,FLOAT!I:I) -> 0 | AK24: =SUMIF(FLOAT!$D:$D,Cockpit!$E24:$E168,FLOAT!J:J) -> 0 | AL24: =SUMIF(FLOAT!$D:$D,Cockpit!$E24:$E168,FLOAT!K:K) -> 0 | AM24: =SUMIF(FLOAT!$D:$D,Cockpit!$E24:$E168,FLOAT!L:L) -> 0 | AN24: =SUMIF(FLOAT!$D:$D,Cockpit!$E24:$E168,FLOAT!M:M) -> 0 | AO24: =SUMIF(FLOAT!$D:$D,Cockpit!$E24:$E168,FLOAT!N:N) -> 0 | AP24: =SUMIF(FLOAT!$D:$D,Cockpit!$E24:$E168,FLOAT!O:O) -> 0 | AQ24: =SUMIF(FLOAT!$D:$D,Cockpit!$E24:$E168,FLOAT!P:P) -> 0 | AR24: =AH24+AI24+AJ24+AK24+AL24+AM24+AO24+AP24+AQ24 -> 0 | AS24: #N/A | AT24: #N/A | AU24: =AF24=AS24 -> #N/A
E25: 54425525A | G25: =IFERROR(VLOOKUP(E25:E25,[1]Sheet4!$O:$P,2,0),0) -> 0 | N25: =SUMIF('3 D P'!$D:$D,Cockpit!$E$5:$E$146,'3 D P'!L:L) -> 0 | O25: =SUMIF('3 D P'!$D:$D,Cockpit!$E$5:$E$146,'3 D P'!M:M) -> 0 | P25: =SUMIF('3 D P'!$D:$D,Cockpit!$E$5:$E$146,'3 D P'!N:N) -> 0 | Q25: =IFERROR(VLOOKUP($D25,'Aptiv Dispatch'!$A:$B,2,FALSE),0) -> 0 | R25: =SUMIF('Consumption MTD'!B:B,Cockpit!$E$5:$E$146,'Consumption MTD'!C:C) -> 0 | S25: =SUMIF('BIW Lifting A Shift'!$B:$B,Cockpit!$E$5:$E$146,'BIW Lifting A Shift'!C:C) -> 0 | T25: =SUMIF('BIW Lifting B Shift'!$B:$B,Cockpit!$E$5:$E$146,'BIW Lifting B Shift'!C:C) -> 0 | X25: =SUMIF(FLOAT!$D:$D,Cockpit!$E$5:$E$146,FLOAT!F:F) -> 0 | Z25: 0 | AH25: =SUMIF(FLOAT!$D:$D,Cockpit!$E25:$E169,FLOAT!G:G) -> 0 | AI25: =SUMIF(FLOAT!$D:$D,Cockpit!$E25:$E169,FLOAT!H:H) -> 0 | AJ25: =SUMIF(FLOAT!$D:$D,Cockpit!$E25:$E169,FLOAT!I:I) -> 0 | AK25: =SUMIF(FLOAT!$D:$D,Cockpit!$E25:$E169,FLOAT!J:J) -> 0 | AL25: =SUMIF(FLOAT!$D:$D,Cockpit!$E25:$E169,FLOAT!K:K) -> 0 | AM25: =SUMIF(FLOAT!$D:$D,Cockpit!$E25:$E169,FLOAT!L:L) -> 0 | AN25: =SUMIF(FLOAT!$D:$D,Cockpit!$E25:$E169,FLOAT!M:M) -> 0 | AO25: =SUMIF(FLOAT!$D:$D,Cockpit!$E25:$E169,FLOAT!N:N) -> 0 | AP25: =SUMIF(FLOAT!$D:$D,Cockpit!$E25:$E169,FLOAT!O:O) -> 0 | AQ25: =SUMIF(FLOAT!$D:$D,Cockpit!$E25:$E169,FLOAT!P:P) -> 0 | AR25: =AH25+AI25+AJ25+AK25+AL25+AM25+AO25+AP25+AQ25 -> 0 | AS25: #N/A | AT25: #N/A | AU25: =AF25=AS25 -> #N/A
A26: 544254630222 | B26: 544254630165 | C26: 544254630254 | D26: 544254650110 | E26: 54420625A | F26: ALTROZ XZ1.5RTQ MT BS6PH2 | G26: =IFERROR(VLOOKUP(E26:E26,[1]Sheet4!$O:$P,2,0),0) -> 0 | H26: =SUM(G26:G28) -> 0 | I26: 0 | J26: =Q26 -> 0 | K26: =SUM(R26:R28) -> 0 | L26: =H26-K26 -> 0 | M26: =I26+J26-K26 -> 0 | N26: =SUMIF('3 D P'!$D:$D,Cockpit!$E$5:$E$146,'3 D P'!L:L) -> 0 | O26: =SUMIF('3 D P'!$D:$D,Cockpit!$E$5:$E$146,'3 D P'!M:M) -> 0 | P26: =SUMIF('3 D P'!$D:$D,Cockpit!$E$5:$E$146,'3 D P'!N:N) -> 0 | Q26: =IFERROR(VLOOKUP($D26,'Aptiv Dispatch'!$A:$B,2,FALSE),0) -> 0 | R26: =SUMIF('Consumption MTD'!B:B,Cockpit!$E$5:$E$146,'Consumption MTD'!C:C) -> 0 | S26: =SUMIF('BIW Lifting A Shift'!$B:$B,Cockpit!$E$5:$E$146,'BIW Lifting A Shift'!C:C) -> 0 | T26: =SUMIF('BIW Lifting B Shift'!$B:$B,Cockpit!$E$5:$E$146,'BIW Lifting B Shift'!C:C) -> 0 | U26: =M26-X26-X27-X28 -> 0 | V26: =M26-X26-X27-X28-S26-S27-S28 -> 0 | W26: =V26-T26-T27-T28 -> 0 | X26: =SUMIF(FLOAT!$D:$D,Cockpit!$E$5:$E$146,FLOAT!F:F) -> 0 | Y26: 0 | Z26: 0 | AE26: 39 | AH26: =SUMIF(FLOAT!$D:$D,Cockpit!$E26:$E170,FLOAT!G:G) -> 0 | AI26: =SUMIF(FLOAT!$D:$D,Cockpit!$E26:$E170,FLOAT!H:H) -> 0 | AJ26: =SUMIF(FLOAT!$D:$D,Cockpit!$E26:$E170,FLOAT!I:I) -> 0 | AK26: =SUMIF(FLOAT!$D:$D,Cockpit!$E26:$E170,FLOAT!J:J) -> 0 | AL26: =SUMIF(FLOAT!$D:$D,Cockpit!$E26:$E170,FLOAT!K:K) -> 0 | AM26: =SUMIF(FLOAT!$D:$D,Cockpit!$E26:$E170,FLOAT!L:L) -> 0 | AN26: =SUMIF(FLOAT!$D:$D,Cockpit!$E26:$E170,FLOAT!M:M) -> 0 | AO26: =SUMIF(FLOAT!$D:$D,Cockpit!$E26:$E170,FLOAT!N:N) -> 0 | AP26: =SUMIF(FLOAT!$D:$D,Cockpit!$E26:$E170,FLOAT!O:O) -> 0 | AQ26: =SUMIF(FLOAT!$D:$D,Cockpit!$E26:$E170,FLOAT!P:P) -> 0 | AR26: =AH26+AI26+AJ26+AK26+AL26+AM26+AO26+AP26+AQ26 -> 0 | AS26: #N/A | AT26: #N/A | AU26: =AF26=AS26 -> #N/A
E27: 54425425A | G27: =IFERROR(VLOOKUP(E27:E27,[1]Sheet4!$O:$P,2,0),0) -> 0 | N27: =SUMIF('3 D P'!$D:$D,Cockpit!$E$5:$E$146,'3 D P'!L:L) -> 0 | O27: =SUMIF('3 D P'!$D:$D,Cockpit!$E$5:$E$146,'3 D P'!M:M) -> 0 | P27: =SUMIF('3 D P'!$D:$D,Cockpit!$E$5:$E$146,'3 D P'!N:N) -> 0 | Q27: =IFERROR(VLOOKUP($D27,'Aptiv Dispatch'!$A:$B,2,FALSE),0) -> 0 | R27: =SUMIF('Consumption MTD'!B:B,Cockpit!$E$5:$E$146,'Consumption MTD'!C:C) -> 0 | S27: =SUMIF('BIW Lifting A Shift'!$B:$B,Cockpit!$E$5:$E$146,'BIW Lifting A Shift'!C:C) -> 0 | T27: =SUMIF('BIW Lifting B Shift'!$B:$B,Cockpit!$E$5:$E$146,'BIW Lifting B Shift'!C:C) -> 0 | X27: =SUMIF(FLOAT!$D:$D,Cockpit!$E$5:$E$146,FLOAT!F:F) -> 0 | Z27: 0 | AH27: =SUMIF(FLOAT!$D:$D,Cockpit!$E27:$E171,FLOAT!G:G) -> 0 | AI27: =SUMIF(FLOAT!$D:$D,Cockpit!$E27:$E171,FLOAT!H:H) -> 0 | AJ27: =SUMIF(FLOAT!$D:$D,Cockpit!$E27:$E171,FLOAT!I:I) -> 0 | AK27: =SUMIF(FLOAT!$D:$D,Cockpit!$E27:$E171,FLOAT!J:J) -> 0 | AL27: =SUMIF(FLOAT!$D:$D,Cockpit!$E27:$E171,FLOAT!K:K) -> 0 | AM27: =SUMIF(FLOAT!$D:$D,Cockpit!$E27:$E171,FLOAT!L:L) -> 0 | AN27: =SUMIF(FLOAT!$D:$D,Cockpit!$E27:$E171,FLOAT!M:M) -> 0 | AO27: =SUMIF(FLOAT!$D:$D,Cockpit!$E27:$E171,FLOAT!N:N) -> 0 | AP27: =SUMIF(FLOAT!$D:$D,Cockpit!$E27:$E171,FLOAT!O:O) -> 0 | AQ27: =SUMIF(FLOAT!$D:$D,Cockpit!$E27:$E171,FLOAT!P:P) -> 0 | AR27: =AH27+AI27+AJ27+AK27+AL27+AM27+AO27+AP27+AQ27 -> 0 | AS27: #N/A | AT27: #N/A | AU27: =AF27=AS27 -> #N/A
E28: 54425925A | G28: =IFERROR(VLOOKUP(E28:E28,[1]Sheet4!$O:$P,2,0),0) -> 0 | N28: =SUMIF('3 D P'!$D:$D,Cockpit!$E$5:$E$146,'3 D P'!L:L) -> 0 | O28: =SUMIF('3 D P'!$D:$D,Cockpit!$E$5:$E$146,'3 D P'!M:M) -> 0 | P28: =SUMIF('3 D P'!$D:$D,Cockpit!$E$5:$E$146,'3 D P'!N:N) -> 0 | Q28: =IFERROR(VLOOKUP($D28,'Aptiv Dispatch'!$A:$B,2,FALSE),0) -> 0 | R28: =SUMIF('Consumption MTD'!B:B,Cockpit!$E$5:$E$146,'Consumption MTD'!C:C) -> 0 | S28: =SUMIF('BIW Lifting A Shift'!$B:$B,Cockpit!$E$5:$E$146,'BIW Lifting A Shift'!C:C) -> 0 | T28: =SUMIF('BIW Lifting B Shift'!$B:$B,Cockpit!$E$5:$E$146,'BIW Lifting B Shift'!C:C) -> 0 | X28: =SUMIF(FLOAT!$D:$D,Cockpit!$E$5:$E$146,FLOAT!F:F) -> 0 | Z28: 0 | AH28: =SUMIF(FLOAT!$D:$D,Cockpit!$E28:$E172,FLOAT!G:G) -> 0 | AI28: =SUMIF(FLOAT!$D:$D,Cockpit!$E28:$E172,FLOAT!H:H) -> 0 | AJ28: =SUMIF(FLOAT!$D:$D,Cockpit!$E28:$E172,FLOAT!I:I) -> 0 | AK28: =SUMIF(FLOAT!$D:$D,Cockpit!$E28:$E172,FLOAT!J:J) -> 0 | AL28: =SUMIF(FLOAT!$D:$D,Cockpit!$E28:$E172,FLOAT!K:K) -> 0 | AM28: =SUMIF(FLOAT!$D:$D,Cockpit!$E28:$E172,FLOAT!L:L) -> 0 | AN28: =SUMIF(FLOAT!$D:$D,Cockpit!$E28:$E172,FLOAT!M:M) -> 0 | AO28: =SUMIF(FLOAT!$D:$D,Cockpit!$E28:$E172,FLOAT!N:N) -> 0 | AP28: =SUMIF(FLOAT!$D:$D,Cockpit!$E28:$E172,FLOAT!O:O) -> 0 | AQ28: =SUMIF(FLOAT!$D:$D,Cockpit!$E28:$E172,FLOAT!P:P) -> 0 | AR28: =AH28+AI28+AJ28+AK28+AL28+AM28+AO28+AP28+AQ28 -> 0 | AS28: #N/A | AT28: #N/A | AU28: =AF28=AS28 -> #N/A
