Workbook

Sheet Fresh VIN PPC
J2: =J19 -> 438 | P2: =P8 -> 0 | Q2: =Q8 -> 0 | U2: =U8 -> 0
A3: Cockpit WH Number | B3: Short VC No | C3: Model | D3: PLAN | E3: W/H Requirement | F3: Month O/P | G3: Inwards | H3: Consumption | I3: Balance Production | J3: Today's O/P | K3: =TODAY() -> 46221 | L3: =TODAY()+1 -> 46222 | M3: =TODAY()+2 -> 46223 | N3: Cumulative Dispatch | O3: Consumption | P3: A SHIFT BIW LIFTING | Q3: B SHIFT BIW LIFTING | R3: Float Coverage at 6:30am | S3: Float Coverage at 3 pm | T3: Float Coverage at 11:30 pm | U3: Paint float 06:30am | W3: Safety | Y3: TOTAL FLOAT | Z3: PBS FLOAT | AA3: PBS TO POLISHING | AB3: POLISHING TO TOPCOAT | AC3: TOPCOAT TO WETSANDING ROOFBLACK | AD3: TOPCOAT TO WETSANDING FRESH | AE3: WETSANDING TO SEALANT | AF3: TOTAL UPTO SEALANT | AG3: PT ENTRY TO SEALENT | AH3: BIW LIFTING TO PT | AI3: PT BYPASS | AJ3: Total
A4: 546854600231 | B4: 54680224A | C4: Persona 3 - Base VC + Everything Pack | D4: 0 | E4: =SUM(D4:D7) -> 75 | F4: 8 | G4: =N4 -> 0 | H4: =SUM(O4:O7) -> 0 | I4: =E4-H4 -> 75 | J4: =F4+G4-H4 -> 8 | K4: =SUMIF('3 D P'!$E:$E,'Fresh VIN PPC'!$B:$B,'3 D P'!$J:$J) -> 0 | L4: =SUMIF('3 D P'!$E:$E,'Fresh VIN PPC'!$B:$B,'3 D P'!$K:$K) -> 0 | M4: =SUMIF('3 D P'!$E:$E,'Fresh VIN PPC'!$B:$B,'3 D P'!$L:$L) -> 0 | N4: =IFERROR(VLOOKUP(A4,'Daywise Dispatch'!$A:$B,2,FALSE),0) -> 0 | O4: =SUMIF('Consumption MTD'!$B:$B,$B$4:$B$7,'Consumption MTD'!$C:$C) -> 0 | P4: =SUMIF('BIW Lifting A Shift'!$B:$B,$B$4:$B$7,'BIW Lifting A Shift'!$C:$C) -> 0 | Q4: =SUMIF('BIW Lifting B Shift'!$B:$B,$B$4:$B$7,'BIW Lifting B Shift'!$C:$C) -> 0 | R4: =J4-U4-U6-U7-U5 -> 8 | S4: =J4-P4-P6-P7-U4-U6-U7-U5-P5 -> 8 | T4: =S4-Q4-Q6-Q7-Q5 -> 8 | U4: =SUMIF(FLOAT!$D:$D,$B$4:$B$7,FLOAT!$F:$F) -> 0 | Y4: =SUMIF(FLOAT!$D:$D,$B$4:$B$7,FLOAT!$F:$F) -> 0 | Z4: =SUMIF(FLOAT!$D:$D,$B$4:$B$7,FLOAT!$G:$G) -> 0 | AA4: =SUMIF(FLOAT!$D:$D,$B$4:$B$7,FLOAT!$H:$H) -> 0 | AB4: =SUMIF(FLOAT!$D:$D,$B$4:$B$7,FLOAT!$I:$I) -> 0 | AC4: =SUMIF(FLOAT!$D:$D,$B$4:$B$7,FLOAT!$J:$J) -> 0 | AD4: =SUMIF(FLOAT!$D:$D,$B$4:$B$7,FLOAT!$K:$K) -> 0 | AE4: =SUMIF(FLOAT!$D:$D,$B$4:$B$7,FLOAT!$L:$L) -> 0 | AF4: =SUMIF(FLOAT!$D:$D,$B$4:$B$7,FLOAT!$M:$M) -> 0 | AG4: =SUMIF(FLOAT!$D:$D,$B$4:$B$7,FLOAT!$N:$N) -> 0 | AH4: =SUMIF(FLOAT!$D:$D,$B$4:$B$7,FLOAT!$O:$O) -> 0 | AI4: =SUMIF(FLOAT!$D:$D,$B$4:$B$7,FLOAT!$P:$P) -> 0 | AJ4: =SUM(Z4:AE4)+SUM(AG4:AI4) -> 0
B5: 54683524A | C5: PUNCH.EV EMP + S LR ACFC | D5: 0 | K5: =SUMIF('3 D P'!$E:$E,'Fresh VIN PPC'!$B:$B,'3 D P'!$J:$J) -> 0 | L5: =SUMIF('3 D P'!$E:$E,'Fresh VIN PPC'!$B:$B,'3 D P'!$K:$K) -> 0 | M5: =SUMIF('3 D P'!$E:$E,'Fresh VIN PPC'!$B:$B,'3 D P'!$L:$L) -> 0 | N5: =IFERROR(VLOOKUP(A5,'Daywise Dispatch'!$A:$B,2,FALSE),0) -> 0 | O5: =SUMIF('Consumption MTD'!$B:$B,$B$4:$B$7,'Consumption MTD'!$C:$C) -> 0 | P5: =SUMIF('BIW Lifting A Shift'!$B:$B,$B$4:$B$7,'BIW Lifting A Shift'!$C:$C) -> 0 | Q5: =SUMIF('BIW Lifting B Shift'!$B:$B,$B$4:$B$7,'BIW Lifting B Shift'!$C:$C) -> 0 | U5: =SUMIF(FLOAT!$D:$D,$B$4:$B$7,FLOAT!$F:$F) -> 0 | Y5: =SUMIF(FLOAT!$D:$D,$B$4:$B$7,FLOAT!$F:$F) -> 0 | Z5: =SUMIF(FLOAT!$D:$D,$B$4:$B$7,FLOAT!$G:$G) -> 0 | AA5: =SUMIF(FLOAT!$D:$D,$B$4:$B$7,FLOAT!$H:$H) -> 0 | AB5: =SUMIF(FLOAT!$D:$D,$B$4:$B$7,FLOAT!$I:$I) -> 0 | AC5: =SUMIF(FLOAT!$D:$D,$B$4:$B$7,FLOAT!$J:$J) -> 0 | AD5: =SUMIF(FLOAT!$D:$D,$B$4:$B$7,FLOAT!$K:$K) -> 0 | AE5: =SUMIF(FLOAT!$D:$D,$B$4:$B$7,FLOAT!$L:$L) -> 0 | AF5: =SUMIF(FLOAT!$D:$D,$B$4:$B$7,FLOAT!$M:$M) -> 0 | AG5: =SUMIF(FLOAT!$D:$D,$B$4:$B$7,FLOAT!$N:$N) -> 0 | AH5: =SUMIF(FLOAT!$D:$D,$B$4:$B$7,FLOAT!$O:$O) -> 0 | AI5: =SUMIF(FLOAT!$D:$D,$B$4:$B$7,FLOAT!$P:$P) -> 0 | AJ5: =SUM(Z5:AE5)+SUM(AG5:AI5) -> 0
B6: 54681824A | C6: Persona 3 - Base VC + Everything Pack | D6: 0 | K6: =SUMIF('3 D P'!$E:$E,'Fresh VIN PPC'!$B:$B,'3 D P'!$J:$J) -> 0 | L6: =SUMIF('3 D P'!$E:$E,'Fresh VIN PPC'!$B:$B,'3 D P'!$K:$K) -> 0 | M6: =SUMIF('3 D P'!$E:$E,'Fresh VIN PPC'!$B:$B,'3 D P'!$L:$L) -> 0 | N6: =IFERROR(VLOOKUP(A6,'Daywise Dispatch'!$A:$B,2,FALSE),0) -> 0 | O6: =SUMIF('Consumption MTD'!$B:$B,$B$4:$B$7,'Consumption MTD'!$C:$C) -> 0 | P6: =SUMIF('BIW Lifting A Shift'!$B:$B,$B$4:$B$7,'BIW Lifting A Shift'!$C:$C) -> 0 | Q6: =SUMIF('BIW Lifting B Shift'!$B:$B,$B$4:$B$7,'BIW Lifting B Shift'!$C:$C) -> 0 | U6: =SUMIF(FLOAT!$D:$D,$B$4:$B$7,FLOAT!$F:$F) -> 0 | Y6: =SUMIF(FLOAT!$D:$D,$B$4:$B$7,FLOAT!$F:$F) -> 0 | Z6: =SUMIF(FLOAT!$D:$D,$B$4:$B$7,FLOAT!$G:$G) -> 0 | AA6: =SUMIF(FLOAT!$D:$D,$B$4:$B$7,FLOAT!$H:$H) -> 0 | AB6: =SUMIF(FLOAT!$D:$D,$B$4:$B$7,FLOAT!$I:$I) -> 0 | AC6: =SUMIF(FLOAT!$D:$D,$B$4:$B$7,FLOAT!$J:$J) -> 0 | AD6: =SUMIF(FLOAT!$D:$D,$B$4:$B$7,FLOAT!$K:$K) -> 0 | AE6: =SUMIF(FLOAT!$D:$D,$B$4:$B$7,FLOAT!$L:$L) -> 0 | AF6: =SUMIF(FLOAT!$D:$D,$B$4:$B$7,FLOAT!$M:$M) -> 0 | AG6: =SUMIF(FLOAT!$D:$D,$B$4:$B$7,FLOAT!$N:$N) -> 0 | AH6: =SUMIF(FLOAT!$D:$D,$B$4:$B$7,FLOAT!$O:$O) -> 0 | AI6: =SUMIF(FLOAT!$D:$D,$B$4:$B$7,FLOAT!$P:$P) -> 0 | AJ6: =SUM(Z6:AE6)+SUM(AG6:AI6) -> 0
B7: 54683124A | C7: PUNCH.EV EMP + S LR SA | D7: 75 | K7: =SUMIF('3 D P'!$E:$E,'Fresh VIN PPC'!$B:$B,'3 D P'!$J:$J) -> 0 | L7: =SUMIF('3 D P'!$E:$E,'Fresh VIN PPC'!$B:$B,'3 D P'!$K:$K) -> 0 | M7: =SUMIF('3 D P'!$E:$E,'Fresh VIN PPC'!$B:$B,'3 D P'!$L:$L) -> 0 | N7: =IFERROR(VLOOKUP(A7,'Daywise Dispatch'!$A:$B,2,FALSE),0) -> 0 | O7: =SUMIF('Consumption MTD'!$B:$B,$B$4:$B$7,'Consumption MTD'!$C:$C) -> 0 | P7: =SUMIF('BIW Lifting A Shift'!$B:$B,$B$4:$B$7,'BIW Lifting A Shift'!$C:$C) -> 0 | Q7: =SUMIF('BIW Lifting B Shift'!$B:$B,$B$4:$B$7,'BIW Lifting B Shift'!$C:$C) -> 0 | U7: =SUMIF(FLOAT!$D:$D,$B$4:$B$7,FLOAT!$F:$F) -> 0 | Y7: =SUMIF(FLOAT!$D:$D,$B$4:$B$7,FLOAT!$F:$F) -> 0 | Z7: =SUMIF(FLOAT!$D:$D,$B$4:$B$7,FLOAT!$G:$G) -> 0 | AA7: =SUMIF(FLOAT!$D:$D,$B$4:$B$7,FLOAT!$H:$H) -> 0 | AB7: =SUMIF(FLOAT!$D:$D,$B$4:$B$7,FLOAT!$I:$I) -> 0 | AC7: =SUMIF(FLOAT!$D:$D,$B$4:$B$7,FLOAT!$J:$J) -> 0 | AD7: =SUMIF(FLOAT!$D:$D,$B$4:$B$7,FLOAT!$K:$K) -> 0 | AE7: =SUMIF(FLOAT!$D:$D,$B$4:$B$7,FLOAT!$L:$L) -> 0 | AF7: =SUMIF(FLOAT!$D:$D,$B$4:$B$7,FLOAT!$M:$M) -> 0 | AG7: =SUMIF(FLOAT!$D:$D,$B$4:$B$7,FLOAT!$N:$N) -> 0 | AH7: =SUMIF(FLOAT!$D:$D,$B$4:$B$7,FLOAT!$O:$O) -> 0 | AI7: =SUMIF(FLOAT!$D:$D,$B$4:$B$7,FLOAT!$P:$P) -> 0 | AJ7: =SUM(Z7:AE7)+SUM(AG7:AI7) -> 0
D8: =SUM(D4:D7) -> 75 | E8: =SUM(E4:E7) -> 75 | F8: 786 | G8: =SUM(G4:G7) -> 0 | H8: =SUM(H4:H7) -> 0 | I8: =SUM(I4:I7) -> 75 | J8: =SUM(J4:J7) -> 8 | K8: =SUM(K4:K7) -> 0 | L8: =SUM(L4:L7) -> 0 | M8: =SUM(M4:M7) -> 0 | N8: =SUM(N4:N7) -> 0 | ... Q8: =SUM(Q4:Q7) -> 0 | U8: =SUM(U4:U7) -> 0 | Y8: =SUM(Y4:Y7) -> 0 | Z8: =SUM(Z4:Z7) -> 0 | AA8: =SUM(AA4:AA7) -> 0 | AB8: =SUM(AB4:AB7) -> 0 | AC8: =SUM(AC4:AC7) -> 0 | AD8: =SUM(AD4:AD7) -> 0 | AE8: =SUM(AE4:AE7) -> 0 | AF8: =SUM(AF4:AF7) -> 0 | ... AJ8: =SUM(AJ4:AJ7) -> 0
A10: Cockpit WH Number | B10: Short VC No | C10: Model | D10: PLAN | E10: W/H Requirement | F10: Month O/P | G10: Inwards | H10: Consumption | I10: Balance Production | J10: Today's O/P | K10: =TODAY() -> 46221 | L10: =TODAY()+1 -> 46222 | M10: =TODAY()+2 -> 46223 | N10: Cumulative Dispatch | O10: Consumption | P10: A SHIFT BIW LIFTING | Q10: B SHIFT BIW LIFTING | R10: Float Coverage at 6:30am | S10: Float Coverage at 3 pm | T10: Float Coverage at 11:30 pm | U10: Paint float 06:30am | V10: opening | Y10: TOTAL FLOAT | Z10: PBS FLOAT | AA10: PBS TO POLISHING | AB10: POLISHING TO TOPCOAT | AC10: TOPCOAT TO WETSANDING ROOFBLACK | AD10: TOPCOAT TO WETSANDING FRESH | AE10: WETSANDING TO SEALANT | AF10: TOTAL UPTO SEALANT | AG10: PT ENTRY TO SEALENT | AH10: BIW LIFTING TO PT | AI10: PT BYPASS | AJ10: Total
A11: 546854650101 | B11: 54684124A | C11: PUNCH.EV SMT | D11: 16 | E11: 16 | F11: 5 | G11: =N11 -> 0 | H11: =O11 -> 0 | I11: =E11-H11 -> 16 | J11: =F11+G11-H11 -> 5 | K11: =SUMIF('3 D P'!$E:$E,'Fresh VIN PPC'!$B:$B,'3 D P'!$J:$J) -> 0 | L11: =SUMIF('3 D P'!$E:$E,'Fresh VIN PPC'!$B:$B,'3 D P'!$K:$K) -> 0 | M11: =SUMIF('3 D P'!$E:$E,'Fresh VIN PPC'!$B:$B,'3 D P'!$L:$L) -> 0 | N11: =IFERROR(VLOOKUP(A11,'Daywise Dispatch'!$A:$B,2,FALSE),0) -> 0 | O11: =SUMIF('Consumption MTD'!$B:$B,$B$4:$B$20,'Consumption MTD'!$C:$C) -> 0 | P11: =SUMIF('BIW Lifting A Shift'!$B:$B,$B$4:$B$18,'BIW Lifting A Shift'!$C:$C) -> 0 | Q11: =SUMIF('BIW Lifting B Shift'!$B:$B,$B$4:$B$18,'BIW Lifting B Shift'!$C:$C) -> 0 | R11: =J11-U11 -> 5 | S11: =J11-P11-U11 -> 5 | T11: =S11-Q11 -> 5 | U11: =SUMIF(FLOAT!$D:$D,$B$4:$B$18,FLOAT!$F:$F) -> 0 | V11: 5 | W11: 1 | X11: 5 | Y11: =SUMIF(FLOAT!$D:$D,$B$4:$B$18,FLOAT!$F:$F) -> 0 | Z11: =SUMIF(FLOAT!$D:$D,$B$4:$B$18,FLOAT!$G:$G) -> 0 | AA11: =SUMIF(FLOAT!$D:$D,$B$4:$B$18,FLOAT!$H:$H) -> 0 | AB11: =SUMIF(FLOAT!$D:$D,$B$4:$B$18,FLOAT!$I:$I) -> 0 | AC11: =SUMIF(FLOAT!$D:$D,$B$4:$B$18,FLOAT!$J:$J) -> 0 | AD11: =SUMIF(FLOAT!$D:$D,$B$4:$B$19,FLOAT!$K:$K) -> 0 | AE11: =SUMIF(FLOAT!$D:$D,$B$4:$B$20,FLOAT!$L:$L) -> 0 | AF11: =SUMIF(FLOAT!$D:$D,$B$4:$B$18,FLOAT!$M:$M) -> 0 | AG11: =SUMIF(FLOAT!$D:$D,$B$4:$B$19,FLOAT!$N:$N) -> 0 | AH11: =SUMIF(FLOAT!$D:$D,$B$4:$B$19,FLOAT!$O:$O) -> 0 | AI11: =SUMIF(FLOAT!$D:$D,$B$4:$B$719,FLOAT!$P:$P) -> 0 | AJ11: =SUM(Z11:AE11)+SUM(AG11:AI11) -> 0
A12: 546854650102 | B12: 54684224A | C12: PUNCH.EV SMT + | D12: 22 | E12: 22 | F12: 6 | G12: =N12 -> 0 | H12: =O12 -> 0 | I12: =E12-H12 -> 22 | J12: =F12+G12-H12 -> 6 | K12: =SUMIF('3 D P'!$E:$E,'Fresh VIN PPC'!$B:$B,'3 D P'!$J:$J) -> 0 | L12: =SUMIF('3 D P'!$E:$E,'Fresh VIN PPC'!$B:$B,'3 D P'!$K:$K) -> 0 | M12: =SUMIF('3 D P'!$E:$E,'Fresh VIN PPC'!$B:$B,'3 D P'!$L:$L) -> 0 | N12: =IFERROR(VLOOKUP(A12,'Daywise Dispatch'!$A:$B,2,FALSE),0) -> 0 | O12: =SUMIF('Consumption MTD'!$B:$B,$B$4:$B$20,'Consumption MTD'!$C:$C) -> 0 | P12: =SUMIF('BIW Lifting A Shift'!$B:$B,$B$4:$B$18,'BIW Lifting A Shift'!$C:$C) -> 0 | Q12: =SUMIF('BIW Lifting B Shift'!$B:$B,$B$4:$B$18,'BIW Lifting B Shift'!$C:$C) -> 0 | R12: =J12-U12 -> 6 | S12: =J12-P12-U12 -> 6 | T12: =S12-Q12 -> 6 | U12: =SUMIF(FLOAT!$D:$D,$B$4:$B$18,FLOAT!$F:$F) -> 0 | V12: 6 | W12: 1 | X12: 6 | Y12: =SUMIF(FLOAT!$D:$D,$B$4:$B$18,FLOAT!$F:$F) -> 0 | Z12: =SUMIF(FLOAT!$D:$D,$B$4:$B$18,FLOAT!$G:$G) -> 0 | AA12: =SUMIF(FLOAT!$D:$D,$B$4:$B$18,FLOAT!$H:$H) -> 0 | AB12: =SUMIF(FLOAT!$D:$D,$B$4:$B$18,FLOAT!$I:$I) -> 0 | AC12: =SUMIF(FLOAT!$D:$D,$B$4:$B$18,FLOAT!$J:$J) -> 0 | AD12: =SUMIF(FLOAT!$D:$D,$B$4:$B$19,FLOAT!$K:$K) -> 0 | AE12: =SUMIF(FLOAT!$D:$D,$B$4:$B$20,FLOAT!$L:$L) -> 0 | AF12: =SUMIF(FLOAT!$D:$D,$B$4:$B$18,FLOAT!$M:$M) -> 0 | AG12: =SUMIF(FLOAT!$D:$D,$B$4:$B$19,FLOAT!$N:$N) -> 0 | AH12: =SUMIF(FLOAT!$D:$D,$B$4:$B$19,FLOAT!$O:$O) -> 0 | AI12: =SUMIF(FLOAT!$D:$D,$B$4:$B$719,FLOAT!$P:$P) -> 0 | AJ12: =SUM(Z12:AE12)+SUM(AG12:AI12) -> 0
A13: 546854650110 | B13: 54686224A | C13: PUNCH.EV SMT + LR | D13: 412 | E13: 412 | F13: =19-5 -> 14 | G13: =N13 -> 385 | H13: =O13 -> 300 | I13: =E13-H13 -> 112 | J13: =F13+G13-H13 -> 99 | K13: =SUMIF('3 D P'!$E:$E,'Fresh VIN PPC'!$B:$B,'3 D P'!$J:$J) -> 3 | L13: =SUMIF('3 D P'!$E:$E,'Fresh VIN PPC'!$B:$B,'3 D P'!$K:$K) -> 51 | M13: =SUMIF('3 D P'!$E:$E,'Fresh VIN PPC'!$B:$B,'3 D P'!$L:$L) -> 49 | N13: =IFERROR(VLOOKUP(A13,'Daywise Dispatch'!$A:$B,2,FALSE),0) -> 385 | O13: =SUMIF('Consumption MTD'!$B:$B,$B$4:$B$20,'Consumption MTD'!$C:$C) -> 300 | P13: =SUMIF('BIW Lifting A Shift'!$B:$B,$B$4:$B$18,'BIW Lifting A Shift'!$C:$C) -> 0 | Q13: =SUMIF('BIW Lifting B Shift'!$B:$B,$B$4:$B$18,'BIW Lifting B Shift'!$C:$C) -> 0 | R13: =J13-U13 -> 89 | S13: =J13-P13-U13 -> 89 | T13: =S13-Q13 -> 89 | U13: =SUMIF(FLOAT!$D:$D,$B$4:$B$18,FLOAT!$F:$F) -> 10 | V13: 15 | X13: 17 | Y13: =SUMIF(FLOAT!$D:$D,$B$4:$B$18,FLOAT!$F:$F) -> 10 | Z13: =SUMIF(FLOAT!$D:$D,$B$4:$B$18,FLOAT!$G:$G) -> 3 | AA13: =SUMIF(FLOAT!$D:$D,$B$4:$B$18,FLOAT!$H:$H) -> 1 | AB13: =SUMIF(FLOAT!$D:$D,$B$4:$B$18,FLOAT!$I:$I) -> 0 | AC13: =SUMIF(FLOAT!$D:$D,$B$4:$B$18,FLOAT!$J:$J) -> 0 | AD13: =SUMIF(FLOAT!$D:$D,$B$4:$B$19,FLOAT!$K:$K) -> 1 | AE13: =SUMIF(FLOAT!$D:$D,$B$4:$B$20,FLOAT!$L:$L) -> 1 | AF13: =SUMIF(FLOAT!$D:$D,$B$4:$B$18,FLOAT!$M:$M) -> 6 | AG13: =SUMIF(FLOAT!$D:$D,$B$4:$B$19,FLOAT!$N:$N) -> 0 | AH13: =SUMIF(FLOAT!$D:$D,$B$4:$B$19,FLOAT!$O:$O) -> 4 | AI13: =SUMIF(FLOAT!$D:$D,$B$4:$B$719,FLOAT!$P:$P) -> 0 | AJ13: =SUM(Z13:AE13)+SUM(AG13:AI13) -> 10
A14: 546854650111 | B14: 54686324A | C14: PUNCH.EV ADV LR | D14: 376 | E14: 376 | F14: =122-1 -> 121 | G14: =N14 -> 369 | H14: =O14 -> 290 | I14: =E14-H14 -> 86 | J14: =F14+G14-H14 -> 200 | K14: =SUMIF('3 D P'!$E:$E,'Fresh VIN PPC'!$B:$B,'3 D P'!$J:$J) -> 174 | L14: =SUMIF('3 D P'!$E:$E,'Fresh VIN PPC'!$B:$B,'3 D P'!$K:$K) -> 158 | M14: =SUMIF('3 D P'!$E:$E,'Fresh VIN PPC'!$B:$B,'3 D P'!$L:$L) -> 98 | N14: =IFERROR(VLOOKUP(A14,'Daywise Dispatch'!$A:$B,2,FALSE),0) -> 369 | O14: =SUMIF('Consumption MTD'!$B:$B,$B$4:$B$20,'Consumption MTD'!$C:$C) -> 290 | P14: =SUMIF('BIW Lifting A Shift'!$B:$B,$B$4:$B$18,'BIW Lifting A Shift'!$C:$C) -> 0 | Q14: =SUMIF('BIW Lifting B Shift'!$B:$B,$B$4:$B$18,'BIW Lifting B Shift'!$C:$C) -> 0 | R14: =J14-U14 -> 148 | S14: =J14-P14-U14 -> 148 | T14: =S14-Q14 -> 148 | U14: =SUMIF(FLOAT!$D:$D,$B$4:$B$18,FLOAT!$F:$F) -> 52 | V14: 9 | X14: 34 | Y14: =SUMIF(FLOAT!$D:$D,$B$4:$B$18,FLOAT!$F:$F) -> 52 | Z14: =SUMIF(FLOAT!$D:$D,$B$4:$B$18,FLOAT!$G:$G) -> 2 | AA14: =SUMIF(FLOAT!$D:$D,$B$4:$B$18,FLOAT!$H:$H) -> 2 | AB14: =SUMIF(FLOAT!$D:$D,$B$4:$B$18,FLOAT!$I:$I) -> 8 | AC14: =SUMIF(FLOAT!$D:$D,$B$4:$B$18,FLOAT!$J:$J) -> 0 | AD14: =SUMIF(FLOAT!$D:$D,$B$4:$B$19,FLOAT!$K:$K) -> 5 | AE14: =SUMIF(FLOAT!$D:$D,$B$4:$B$20,FLOAT!$L:$L) -> 11 | AF14: =SUMIF(FLOAT!$D:$D,$B$4:$B$18,FLOAT!$M:$M) -> 28 | AG14: =SUMIF(FLOAT!$D:$D,$B$4:$B$19,FLOAT!$N:$N) -> 13 | AH14: =SUMIF(FLOAT!$D:$D,$B$4:$B$19,FLOAT!$O:$O) -> 11 | AI14: =SUMIF(FLOAT!$D:$D,$B$4:$B$719,FLOAT!$P:$P) -> 0 | AJ14: =SUM(Z14:AE14)+SUM(AG14:AI14) -> 52
A15: 546854650115 | B15: 54686724A | C15: PUNCH.EV EMP + LR | D15: 309 | E15: 309 | F15: 38 | G15: =N15 -> 99 | H15: =O15 -> 132 | I15: =E15-H15 -> 177 | J15: =F15+G15-H15 -> 5 | K15: =SUMIF('3 D P'!$E:$E,'Fresh VIN PPC'!$B:$B,'3 D P'!$J:$J) -> 7 | L15: =SUMIF('3 D P'!$E:$E,'Fresh VIN PPC'!$B:$B,'3 D P'!$K:$K) -> 19 | M15: =SUMIF('3 D P'!$E:$E,'Fresh VIN PPC'!$B:$B,'3 D P'!$L:$L) -> 3 | N15: =IFERROR(VLOOKUP(A15,'Daywise Dispatch'!$A:$B,2,FALSE),0) -> 99 | O15: =SUMIF('Consumption MTD'!$B:$B,$B$4:$B$20,'Consumption MTD'!$C:$C) -> 132 | P15: =SUMIF('BIW Lifting A Shift'!$B:$B,$B$4:$B$18,'BIW Lifting A Shift'!$C:$C) -> 0 | Q15: =SUMIF('BIW Lifting B Shift'!$B:$B,$B$4:$B$18,'BIW Lifting B Shift'!$C:$C) -> 0 | R15: =J15-U15 -> 1 | S15: =J15-P15-U15 -> 1 | T15: =S15-Q15 -> 1 | U15: =SUMIF(FLOAT!$D:$D,$B$4:$B$18,FLOAT!$F:$F) -> 4 | V15: 6 | W15: 1 | X15: 53 | Y15: =SUMIF(FLOAT!$D:$D,$B$4:$B$18,FLOAT!$F:$F) -> 4 | Z15: =SUMIF(FLOAT!$D:$D,$B$4:$B$18,FLOAT!$G:$G) -> 1 | AA15: =SUMIF(FLOAT!$D:$D,$B$4:$B$18,FLOAT!$H:$H) -> 1 | AB15: =SUMIF(FLOAT!$D:$D,$B$4:$B$18,FLOAT!$I:$I) -> 0 | AC15: =SUMIF(FLOAT!$D:$D,$B$4:$B$18,FLOAT!$J:$J) -> 0 | AD15: =SUMIF(FLOAT!$D:$D,$B$4:$B$19,FLOAT!$K:$K) -> 0 | AE15: =SUMIF(FLOAT!$D:$D,$B$4:$B$20,FLOAT!$L:$L) -> 0 | AF15: =SUMIF(FLOAT!$D:$D,$B$4:$B$18,FLOAT!$M:$M) -> 2 | AG15: =SUMIF(FLOAT!$D:$D,$B$4:$B$19,FLOAT!$N:$N) -> 1 | AH15: =SUMIF(FLOAT!$D:$D,$B$4:$B$19,FLOAT!$O:$O) -> 1 | AI15: =SUMIF(FLOAT!$D:$D,$B$4:$B$719,FLOAT!$P:$P) -> 0 | AJ15: =SUM(Z15:AE15)+SUM(AG15:AI15) -> 4
A16: 546854650116 | B16: 54686824A | C16: PUNCH.EV EMP + S LR | D16: 2976 | E16: 2976 | F16: =167 -> 167 | G16: =N16 -> 1282 | H16: =O16 -> 1326 | I16: =E16-H16 -> 1650 | J16: =F16+G16-H16 -> 123 | K16: =SUMIF('3 D P'!$E:$E,'Fresh VIN PPC'!$B:$B,'3 D P'!$J:$J) -> 78 | L16: =SUMIF('3 D P'!$E:$E,'Fresh VIN PPC'!$B:$B,'3 D P'!$K:$K) -> 37 | M16: =SUMIF('3 D P'!$E:$E,'Fresh VIN PPC'!$B:$B,'3 D P'!$L:$L) -> 115 | N16: =IFERROR(VLOOKUP(A16,'Daywise Dispatch'!$A:$B,2,FALSE),0) -> 1282 | O16: =SUMIF('Consumption MTD'!$B:$B,$B$4:$B$20,'Consumption MTD'!$C:$C) -> 1326 | P16: =SUMIF('BIW Lifting A Shift'!$B:$B,$B$4:$B$18,'BIW Lifting A Shift'!$C:$C) -> 0 | Q16: =SUMIF('BIW Lifting B Shift'!$B:$B,$B$4:$B$18,'BIW Lifting B Shift'!$C:$C) -> 0 | R16: =J16-U16 -> 8 | S16: =J16-P16-U16 -> 8 | T16: =S16-Q16 -> 8 | U16: =SUMIF(FLOAT!$D:$D,$B$4:$B$18,FLOAT!$F:$F) -> 115 | V16: 194 | W16: 1 | X16: 68 | Y16: =SUMIF(FLOAT!$D:$D,$B$4:$B$18,FLOAT!$F:$F) -> 115 | Z16: =SUMIF(FLOAT!$D:$D,$B$4:$B$18,FLOAT!$G:$G) -> 24 | AA16: =SUMIF(FLOAT!$D:$D,$B$4:$B$18,FLOAT!$H:$H) -> 5 | AB16: =SUMIF(FLOAT!$D:$D,$B$4:$B$18,FLOAT!$I:$I) -> 14 | AC16: =SUMIF(FLOAT!$D:$D,$B$4:$B$18,FLOAT!$J:$J) -> 1 | AD16: =SUMIF(FLOAT!$D:$D,$B$4:$B$19,FLOAT!$K:$K) -> 5 | AE16: =SUMIF(FLOAT!$D:$D,$B$4:$B$20,FLOAT!$L:$L) -> 24 | AF16: =SUMIF(FLOAT!$D:$D,$B$4:$B$18,FLOAT!$M:$M) -> 73 | AG16: =SUMIF(FLOAT!$D:$D,$B$4:$B$19,FLOAT!$N:$N) -> 16 | AH16: =SUMIF(FLOAT!$D:$D,$B$4:$B$19,FLOAT!$O:$O) -> 26 | AI16: =SUMIF(FLOAT!$D:$D,$B$4:$B$719,FLOAT!$P:$P) -> 0 | AJ16: =SUM(Z16:AE16)+SUM(AG16:AI16) -> 115
D17: 0 | E17: 0 | F17: 0 | G17: =N17 -> 0 | H17: =O17 -> 0 | I17: =E17-H17 -> 0 | J17: =F17+G17-H17 -> 0 | K17: =SUMIF('3 D P'!$E:$E,'Fresh VIN PPC'!$B:$B,'3 D P'!$J:$J) -> 0 | L17: =SUMIF('3 D P'!$E:$E,'Fresh VIN PPC'!$B:$B,'3 D P'!$K:$K) -> 0 | M17: =SUMIF('3 D P'!$E:$E,'Fresh VIN PPC'!$B:$B,'3 D P'!$L:$L) -> 0 | N17: =IFERROR(VLOOKUP(A17,'Daywise Dispatch'!$A:$B,2,FALSE),0) -> 0 | O17: =SUMIF('Consumption MTD'!$B:$B,$B$4:$B$20,'Consumption MTD'!$C:$C) -> 0 | P17: =SUMIF('BIW Lifting A Shift'!$B:$B,$B$4:$B$18,'BIW Lifting A Shift'!$C:$C) -> 0 | Q17: =SUMIF('BIW Lifting B Shift'!$B:$B,$B$4:$B$18,'BIW Lifting B Shift'!$C:$C) -> 0 | R17: =J17-U17 -> 0 | S17: =J17-P17-U17 -> 0 | T17: =S17-Q17 -> 0 | U17: =SUMIF(FLOAT!$D:$D,$B$4:$B$18,FLOAT!$F:$F) -> 0 | Y17: =SUMIF(FLOAT!$D:$D,$B$4:$B$18,FLOAT!$F:$F) -> 0 | Z17: =SUMIF(FLOAT!$D:$D,$B$4:$B$18,FLOAT!$G:$G) -> 0 | AA17: =SUMIF(FLOAT!$D:$D,$B$4:$B$18,FLOAT!$H:$H) -> 0 | AB17: =SUMIF(FLOAT!$D:$D,$B$4:$B$18,FLOAT!$I:$I) -> 0 | AC17: =SUMIF(FLOAT!$D:$D,$B$4:$B$18,FLOAT!$J:$J) -> 0 | AD17: =SUMIF(FLOAT!$D:$D,$B$4:$B$19,FLOAT!$K:$K) -> 0 | AE17: =SUMIF(FLOAT!$D:$D,$B$4:$B$20,FLOAT!$L:$L) -> 0 | AF17: =SUMIF(FLOAT!$D:$D,$B$4:$B$18,FLOAT!$M:$M) -> 0 | AG17: =SUMIF(FLOAT!$D:$D,$B$4:$B$19,FLOAT!$N:$N) -> 0 | AH17: =SUMIF(FLOAT!$D:$D,$B$4:$B$19,FLOAT!$O:$O) -> 0 | AI17: =SUMIF(FLOAT!$D:$D,$B$4:$B$719,FLOAT!$P:$P) -> 0 | AJ17: =SUM(Z17:AE17)+SUM(AG17:AI17) -> 0
D18: 0 | F18: 0 | G18: =N18 -> 0 | H18: =O18 -> 0 | I18: =E18-H18 -> 0 | J18: =F18+G18-H18 -> 0 | K18: =SUMIF('3 D P'!$E:$E,'Fresh VIN PPC'!$B:$B,'3 D P'!$J:$J) -> 0 | L18: =SUMIF('3 D P'!$E:$E,'Fresh VIN PPC'!$B:$B,'3 D P'!$K:$K) -> 0 | M18: =SUMIF('3 D P'!$E:$E,'Fresh VIN PPC'!$B:$B,'3 D P'!$L:$L) -> 0 | N18: =IFERROR(VLOOKUP(A18,'Daywise Dispatch'!$A:$B,2,FALSE),0) -> 0 | O18: =SUMIF('Consumption MTD'!$B:$B,$B$4:$B$20,'Consumption MTD'!$C:$C) -> 0 | P18: =SUMIF('BIW Lifting A Shift'!$B:$B,$B$4:$B$18,'BIW Lifting A Shift'!$C:$C) -> 0 | Q18: =SUMIF('BIW Lifting B Shift'!$B:$B,$B$4:$B$18,'BIW Lifting B Shift'!$C:$C) -> 0 | R18: =J18-U18 -> 0 | S18: =J18-P18-U18 -> 0 | T18: =S18-Q18 -> 0 | U18: =SUMIF(FLOAT!$D:$D,$B$4:$B$18,FLOAT!$F:$F) -> 0 | Y18: =SUMIF(FLOAT!$D:$D,$B$4:$B$18,FLOAT!$F:$F) -> 0 | Z18: =SUMIF(FLOAT!$D:$D,$B$4:$B$18,FLOAT!$G:$G) -> 0 | AA18: =SUMIF(FLOAT!$D:$D,$B$4:$B$18,FLOAT!$H:$H) -> 0 | AB18: =SUMIF(FLOAT!$D:$D,$B$4:$B$18,FLOAT!$I:$I) -> 0 | AC18: =SUMIF(FLOAT!$D:$D,$B$4:$B$18,FLOAT!$J:$J) -> 0 | AD18: =SUMIF(FLOAT!$D:$D,$B$4:$B$19,FLOAT!$K:$K) -> 0 | AE18: =SUMIF(FLOAT!$D:$D,$B$4:$B$20,FLOAT!$L:$L) -> 0 | AF18: =SUMIF(FLOAT!$D:$D,$B$4:$B$18,FLOAT!$M:$M) -> 0 | AG18: =SUMIF(FLOAT!$D:$D,$B$4:$B$19,FLOAT!$N:$N) -> 0 | AH18: =SUMIF(FLOAT!$D:$D,$B$4:$B$19,FLOAT!$O:$O) -> 0 | AI18: =SUMIF(FLOAT!$D:$D,$B$4:$B$719,FLOAT!$P:$P) -> 0 | AJ18: =SUM(Z18:AE18)+SUM(AG18:AI18) -> 0
D19: =SUM(D11:D18) -> 4111 | E19: =SUM(E11:E18) -> 4111 | F19: =SUM(F11:F18) -> 351 | G19: =SUM(G11:G18) -> 2135 | H19: =SUM(H11:H18) -> 2048 | I19: =SUM(I11:I18) -> 2063 | J19: =SUM(J11:J18) -> 438 | K19: =SUM(K11:K18) -> 262 | ... Q19: =SUM(Q11:Q18) -> 0 | U19: =SUM(U11:U18) -> 181 | V19: =SUM(V11:V18) -> 235 | Y19: =SUM(Y4:Y18) -> 181 | Z19: =SUM(Z4:Z18) -> 30 | AA19: =SUM(AA4:AA18) -> 9 | AB19: =SUM(AB4:AB18) -> 22 | AC19: =SUM(AC4:AC18) -> 1 | AD19: =SUM(AD4:AD18) -> 11 | AE19: =SUM(AE4:AE18) -> 36 | AF19: =SUM(AF4:AF18) -> 109 | ... AI19: =SUM(AI4:AI18) -> 0 | AJ19: =SUM(AJ11+AJ7+AJ12+AJ13+AJ14+AJ15+AJ16+AJ17+AJ18) -> 181

Sheet Cockpit sheet
D1: =D7+D16 -> 3651 | J1: =SUM(J7+J16) -> 442 | P1: =SUM(P7+P16) -> 0 | Q1: =SUM(Q7+Q16) -> 0 | U1: =SUM(U7+U16) -> 181
A2: Cockpit WH Number | B2: Short VC No | C2: Model | D2: PLAN | E2: W/H Requirement | F2: Month O/P | G2: Inwards | H2: Consumption | I2: Balance Production | J2: Today's O/P | K2: =TODAY() -> 46221 | L2: =TODAY()+1 -> 46222 | M2: =TODAY() -> 46221 | N2: Cumulative Dispatch | O2: Consumption | P2: A SHIFT BIW LIFTING | Q2: B SHIFT BIW LIFTING | R2: Float Coverage at 6:30am | S2: Float Coverage at 3 pm | T2: Float Coverage at 11:30 pm | U2: Paint float 06:30am | X2: Taco Stock 31.12.2025 | Y2: Safety Stock | Z2: TOTAL FLOAT | AA2: PBS FLOAT | AB2: PBS TO POLISHING | AC2: POLISHING TO TOPCOAT | AD2: TOPCOAT TO WETSANDING ROOFBLACK | AE2: TOPCOAT TO WETSANDING FRESH | AF2: WETSANDING TO SEALANT | AG2: TOTAL UPTO SEALANT | AH2: PT ENTRY TO SEALENT | AI2: BIW LIFTING TO PT | AJ2: PT BYPASS | AK2: Total
A3: 546854600231 | B3: 54680224A | C3: Persona 3 - Base VC + Everything Pack | D3: 0 | E3: =SUM(D3:D6) -> 0 | F3: 8 | G3: =N3 -> 0 | H3: =SUM(O3:O6) -> 0 | J3: =F3+G3-H3 -> 8 | K3: =SUMIF('3 D P'!$E:$E,'Cockpit sheet'!$B:$B,'3 D P'!$J:$J) -> 0 | L3: =SUMIF('3 D P'!$E:$E,'Cockpit sheet'!$B:$B,'3 D P'!$K:$K) -> 0 | M3: =SUMIF('3 D P'!$E:$E,'Cockpit sheet'!$B:$B,'3 D P'!$L:$L) -> 0 | N3: =IFERROR(VLOOKUP(A3,'Daywise Dispatch'!$A:$B,2,FALSE),0) -> 0 | O3: =SUMIF('Consumption MTD'!$B:$B,$B$3:$B$6,'Consumption MTD'!$C:$C) -> 0 | P3: =SUMIF('BIW Lifting A Shift'!$B:$B,$B$3:$B$6,'BIW Lifting A Shift'!$C:$C) -> 0 | Q3: =SUMIF('BIW Lifting B Shift'!$B:$B,$B$3:$B$6,'BIW Lifting B Shift'!$C:$C) -> 0 | R3: =J3-U3-U5-U6-U4 -> 8 | S3: =J3-P3-P5-P6-U3-U5-U6 -> 8 | T3: =S3-Q3-Q5-Q6 -> 8 | U3: =SUMIF(FLOAT!$D:$D,$B$3:$B$6,FLOAT!$F:$F) -> 0 | Z3: =SUMIF(FLOAT!$D:$D,$B$3:$B$6,FLOAT!$F:$F) -> 0 | AA3: =SUMIF(FLOAT!$D:$D,$B$3:$B$6,FLOAT!$G:$G) -> 0 | AB3: =SUMIF(FLOAT!$D:$D,$B$3:$B$6,FLOAT!$H:$H) -> 0 | AC3: =SUMIF(FLOAT!$D:$D,$B$3:$B$6,FLOAT!$I:$I) -> 0 | AD3: =SUMIF(FLOAT!$D:$D,$B$3:$B$6,FLOAT!$J:$J) -> 0 | AE3: =SUMIF(FLOAT!$D:$D,$B$3:$B$6,FLOAT!$K:$K) -> 0 | AF3: =SUMIF(FLOAT!$D:$D,$B$3:$B$6,FLOAT!$L:$L) -> 0 | AG3: =SUMIF(FLOAT!$D:$D,$B$3:$B$6,FLOAT!$M:$M) -> 0 | AH3: =SUMIF(FLOAT!$D:$D,$B$3:$B$6,FLOAT!$N:$N) -> 0 | AI3: =SUMIF(FLOAT!$D:$D,$B$3:$B$6,FLOAT!$O:$O) -> 0 | AJ3: =SUMIF(FLOAT!$D:$D,$B$3:$B$6,FLOAT!$P:$P) -> 0 | AK3: =SUM(AA3:AF3)+SUM(AH3:AJ3) -> 0
B4: 54683524A | C4: PUNCH.EV EMP + S LR ACFC | D4: 0 | K4: =SUMIF('3 D P'!$E:$E,'Cockpit sheet'!$B:$B,'3 D P'!$J:$J) -> 0 | L4: =SUMIF('3 D P'!$E:$E,'Cockpit sheet'!$B:$B,'3 D P'!$K:$K) -> 0 | M4: =SUMIF('3 D P'!$E:$E,'Cockpit sheet'!$B:$B,'3 D P'!$L:$L) -> 0 | N4: =IFERROR(VLOOKUP(A4,'Daywise Dispatch'!$A:$B,2,FALSE),0) -> 0 | O4: =SUMIF('Consumption MTD'!$B:$B,$B$3:$B$6,'Consumption MTD'!$C:$C) -> 0 | P4: =SUMIF('BIW Lifting A Shift'!$B:$B,$B$3:$B$6,'BIW Lifting A Shift'!$C:$C) -> 0 | Q4: =SUMIF('BIW Lifting B Shift'!$B:$B,$B$3:$B$6,'BIW Lifting B Shift'!$C:$C) -> 0 | U4: =SUMIF(FLOAT!$D:$D,$B$3:$B$6,FLOAT!$F:$F) -> 0 | AA4: =SUMIF(FLOAT!$D:$D,$B$3:$B$6,FLOAT!$G:$G) -> 0 | AB4: =SUMIF(FLOAT!$D:$D,$B$3:$B$6,FLOAT!$H:$H) -> 0 | AC4: =SUMIF(FLOAT!$D:$D,$B$3:$B$6,FLOAT!$I:$I) -> 0 | AD4: =SUMIF(FLOAT!$D:$D,$B$3:$B$6,FLOAT!$J:$J) -> 0 | AE4: =SUMIF(FLOAT!$D:$D,$B$3:$B$6,FLOAT!$K:$K) -> 0 | AF4: =SUMIF(FLOAT!$D:$D,$B$3:$B$6,FLOAT!$L:$L) -> 0 | AG4: =SUMIF(FLOAT!$D:$D,$B$3:$B$6,FLOAT!$M:$M) -> 0 | AH4: =SUMIF(FLOAT!$D:$D,$B$3:$B$6,FLOAT!$N:$N) -> 0 | AI4: =SUMIF(FLOAT!$D:$D,$B$3:$B$6,FLOAT!$O:$O) -> 0 | AJ4: =SUMIF(FLOAT!$D:$D,$B$3:$B$6,FLOAT!$P:$P) -> 0 | AK4: =SUM(AA4:AF4)+SUM(AH4:AJ4) -> 0
B5: 54681824A | C5: Persona 3 - Base VC + Everything Pack | D5: 0 | K5: =SUMIF('3 D P'!$E:$E,'Cockpit sheet'!$B:$B,'3 D P'!$J:$J) -> 0 | L5: =SUMIF('3 D P'!$E:$E,'Cockpit sheet'!$B:$B,'3 D P'!$K:$K) -> 0 | M5: =SUMIF('3 D P'!$E:$E,'Cockpit sheet'!$B:$B,'3 D P'!$L:$L) -> 0 | N5: =IFERROR(VLOOKUP(A5,'Daywise Dispatch'!$A:$B,2,FALSE),0) -> 0 | O5: =SUMIF('Consumption MTD'!$B:$B,$B$3:$B$6,'Consumption MTD'!$C:$C) -> 0 | P5: =SUMIF('BIW Lifting A Shift'!$B:$B,$B$3:$B$6,'BIW Lifting A Shift'!$C:$C) -> 0 | Q5: =SUMIF('BIW Lifting B Shift'!$B:$B,$B$3:$B$6,'BIW Lifting B Shift'!$C:$C) -> 0 | U5: =SUMIF(FLOAT!$D:$D,$B$3:$B$6,FLOAT!$F:$F) -> 0 | Z5: =SUMIF(FLOAT!$D:$D,$B$3:$B$6,FLOAT!$F:$F) -> 0 | AA5: =SUMIF(FLOAT!$D:$D,$B$3:$B$6,FLOAT!$G:$G) -> 0 | AB5: =SUMIF(FLOAT!$D:$D,$B$3:$B$6,FLOAT!$H:$H) -> 0 | AC5: =SUMIF(FLOAT!$D:$D,$B$3:$B$6,FLOAT!$I:$I) -> 0 | AD5: =SUMIF(FLOAT!$D:$D,$B$3:$B$6,FLOAT!$J:$J) -> 0 | AE5: =SUMIF(FLOAT!$D:$D,$B$3:$B$6,FLOAT!$K:$K) -> 0 | AF5: =SUMIF(FLOAT!$D:$D,$B$3:$B$6,FLOAT!$L:$L) -> 0 | AG5: =SUMIF(FLOAT!$D:$D,$B$3:$B$6,FLOAT!$M:$M) -> 0 | AH5: =SUMIF(FLOAT!$D:$D,$B$3:$B$6,FLOAT!$N:$N) -> 0 | AI5: =SUMIF(FLOAT!$D:$D,$B$3:$B$6,FLOAT!$O:$O) -> 0 | AJ5: =SUMIF(FLOAT!$D:$D,$B$3:$B$6,FLOAT!$P:$P) -> 0 | AK5: =SUM(AA5:AF5)+SUM(AH5:AJ5) -> 0
B6: 54683124A | C6: PUNCH.EV EMP + S LR | D6: 0 | K6: =SUMIF('3 D P'!$E:$E,'Cockpit sheet'!$B:$B,'3 D P'!$J:$J) -> 0 | L6: =SUMIF('3 D P'!$E:$E,'Cockpit sheet'!$B:$B,'3 D P'!$K:$K) -> 0 | M6: =SUMIF('3 D P'!$E:$E,'Cockpit sheet'!$B:$B,'3 D P'!$L:$L) -> 0 | N6: =IFERROR(VLOOKUP(A6,'Daywise Dispatch'!$A:$B,2,FALSE),0) -> 0 | O6: =SUMIF('Consumption MTD'!$B:$B,$B$3:$B$6,'Consumption MTD'!$C:$C) -> 0 | P6: =SUMIF('BIW Lifting A Shift'!$B:$B,$B$3:$B$6,'BIW Lifting A Shift'!$C:$C) -> 0 | Q6: =SUMIF('BIW Lifting B Shift'!$B:$B,$B$3:$B$6,'BIW Lifting B Shift'!$C:$C) -> 0 | U6: =SUMIF(FLOAT!$D:$D,$B$3:$B$6,FLOAT!$F:$F) -> 0
D7: =SUM(D3:D6) -> 0 | E7: =SUM(E3:E6) -> 0 | F7: =SUM(F3:F6) -> 8 | G7: =SUM(G3:G6) -> 0 | H7: =SUM(H3:H6) -> 0 | I7: =SUM(I3:I6) -> 0 | J7: =SUM(J3:J6) -> 8 | K7: =SUM(K3:K6) -> 0 | ... Q7: =SUM(Q3:Q6) -> 0 | U7: =SUM(U3:U6) -> 0 | Z7: =SUM(Z3:Z10) -> 0 | AA7: =SUM(AA3:AA10) -> 0 | AB7: =SUM(AB3:AB10) -> 0 | AC7: =SUM(AC3:AC10) -> 0 | AD7: =SUM(AD3:AD10) -> 0 | AE7: =SUM(AE3:AE10) -> 0 | AF7: =SUM(AF3:AF10) -> 0 | AG7: =SUM(AG3:AG10) -> 0 | ... AK7: =SUM(AK3:AK10) -> 0
A9: Cockpit WH Number | B9: Short VC No | C9: Model | D9: PLAN | E9: W/H Requirement | F9: Month O/P | G9: Inwards | H9: Consumption | I9: Balance Production | J9: Today's O/P | K9: =TODAY() -> 46221 | L9: =TODAY()+1 -> 46222 | M9: =TODAY()+2 -> 46223 | N9: Cumulative Dispatch | O9: Consumption | P9: A SHIFT BIW LIFTING | Q9: B SHIFT BIW LIFTING | R9: Float Coverage at 6:30am | S9: Float Coverage at 3 pm | T9: Float Coverage at 11:30 pm | U9: Paint float 06:30am | Z9: TOTAL FLOAT | AA9: PBS FLOAT | AB9: PBS TO POLISHING | AC9: POLISHING TO TOPCOAT | AD9: TOPCOAT TO WETSANDING ROOFBLACK | AE9: TOPCOAT TO WETSANDING FRESH | AF9: WETSANDING TO SEALANT | AG9: TOTAL UPTO SEALANT | AH9: PT ENTRY TO SEALENT | AI9: BIW LIFTING TO PT | AJ9: PT BYPASS | AK9: Total | AM9: Safty
A10: 546854650101 | B10: 54684124A | C10: PUNCH.EV SMT 30 | D10: 0 | E10: =D10 -> 0 | F10: 5 | G10: =N10 -> 0 | H10: =O10 -> 0 | I10: =E10-H10 -> 0 | J10: =F10+G10-H10 -> 5 | K10: =SUMIF('3 D P'!$E:$E,'Fresh VIN PPC'!$B:$B,'3 D P'!$J:$J) -> 0 | L10: =SUMIF('3 D P'!$E:$E,'Fresh VIN PPC'!$B:$B,'3 D P'!$K:$K) -> 0 | M10: =SUMIF('3 D P'!$E:$E,'Fresh VIN PPC'!$B:$B,'3 D P'!$L:$L) -> 0 | N10: =IFERROR(VLOOKUP(A10,'Daywise Dispatch'!$A:$B,2,FALSE),0) -> 0 | O10: =SUMIF('Consumption MTD'!$B:$B,$B$3:$B$17,'Consumption MTD'!$C:$C) -> 0 | P10: =SUMIF('BIW Lifting A Shift'!$B:$B,$B$3:$B$15,'BIW Lifting A Shift'!$C:$C) -> 0 | Q10: =SUMIF('BIW Lifting B Shift'!$B:$B,$B$3:$B$15,'BIW Lifting B Shift'!$C:$C) -> 0 | R10: =J10-U10 -> 5 | S10: =J10-P10-U10 -> 5 | T10: =S10-Q10 -> 5 | U10: =SUMIF(FLOAT!$D:$D,$B$3:$B$15,FLOAT!$F:$F) -> 0 | V10: 5 | Y10: 1 | Z10: =SUMIF(FLOAT!$D:$D,$B$3:$B$15,FLOAT!$F:$F) -> 0 | AA10: =SUMIF(FLOAT!$D:$D,$B$3:$B$15,FLOAT!$G:$G) -> 0 | AB10: =SUMIF(FLOAT!$D:$D,$B$3:$B$15,FLOAT!$H:$H) -> 0 | AC10: =SUMIF(FLOAT!$D:$D,$B$3:$B$15,FLOAT!$I:$I) -> 0 | AD10: =SUMIF(FLOAT!$D:$D,$B$3:$B$15,FLOAT!$J:$J) -> 0 | AE10: =SUMIF(FLOAT!$D:$D,$B$3:$B$15,FLOAT!$K:$K) -> 0 | AF10: =SUMIF(FLOAT!$D:$D,$B$3:$B$15,FLOAT!$L:$L) -> 0 | AG10: =SUMIF(FLOAT!$D:$D,$B$3:$B$6,FLOAT!$M:$M) -> 0 | AH10: =SUMIF(FLOAT!$D:$D,$B$3:$B$15,FLOAT!$N:$N) -> 0 | AI10: =SUMIF(FLOAT!$D:$D,$B$3:$B$15,FLOAT!$O:$O) -> 0 | AJ10: =SUMIF(FLOAT!$D:$D,$B$3:$B$15,FLOAT!$P:$P) -> 0 | AK10: =SUM(AA10:AF10)+SUM(AH10:AJ10) -> 0 | AM10: 1 | AN10: 5
A11: 546854650102 | B11: 54684224A | C11: PUNCH.EV SMT+ 30 | D11: 0 | E11: =D11 -> 0 | F11: 6 | G11: =N11 -> 0 | H11: =O11 -> 0 | I11: =E11-H11 -> 0 | J11: =F11+G11-H11 -> 6 | K11: =SUMIF('3 D P'!$E:$E,'Fresh VIN PPC'!$B:$B,'3 D P'!$J:$J) -> 0 | L11: =SUMIF('3 D P'!$E:$E,'Fresh VIN PPC'!$B:$B,'3 D P'!$K:$K) -> 0 | M11: =SUMIF('3 D P'!$E:$E,'Fresh VIN PPC'!$B:$B,'3 D P'!$L:$L) -> 0 | N11: =IFERROR(VLOOKUP(A11,'Daywise Dispatch'!$A:$B,2,FALSE),0) -> 0 | O11: =SUMIF('Consumption MTD'!$B:$B,$B$3:$B$17,'Consumption MTD'!$C:$C) -> 0 | P11: =SUMIF('BIW Lifting A Shift'!$B:$B,$B$3:$B$15,'BIW Lifting A Shift'!$C:$C) -> 0 | Q11: =SUMIF('BIW Lifting B Shift'!$B:$B,$B$3:$B$15,'BIW Lifting B Shift'!$C:$C) -> 0 | R11: =J11-U11 -> 6 | S11: =J11-P11-U11 -> 6 | T11: =S11-Q11 -> 6 | U11: =SUMIF(FLOAT!$D:$D,$B$3:$B$15,FLOAT!$F:$F) -> 0 | V11: 6 | Y11: 1 | Z11: =SUMIF(FLOAT!$D:$D,$B$3:$B$6,FLOAT!$F:$F) -> 0 | AA11: =SUMIF(FLOAT!$D:$D,$B$3:$B$15,FLOAT!$G:$G) -> 0 | AB11: =SUMIF(FLOAT!$D:$D,$B$3:$B$15,FLOAT!$H:$H) -> 0 | AC11: =SUMIF(FLOAT!$D:$D,$B$3:$B$15,FLOAT!$I:$I) -> 0 | AD11: =SUMIF(FLOAT!$D:$D,$B$3:$B$15,FLOAT!$J:$J) -> 0 | AE11: =SUMIF(FLOAT!$D:$D,$B$3:$B$15,FLOAT!$K:$K) -> 0 | AF11: =SUMIF(FLOAT!$D:$D,$B$3:$B$15,FLOAT!$L:$L) -> 0 | AG11: =SUMIF(FLOAT!$D:$D,$B$3:$B$6,FLOAT!$M:$M) -> 0 | AH11: =SUMIF(FLOAT!$D:$D,$B$3:$B$15,FLOAT!$N:$N) -> 0 | AI11: =SUMIF(FLOAT!$D:$D,$B$3:$B$15,FLOAT!$O:$O) -> 0 | AJ11: =SUMIF(FLOAT!$D:$D,$B$3:$B$15,FLOAT!$P:$P) -> 0 | AK11: =SUM(AA11:AF11)+SUM(AH11:AJ11) -> 0 | AM11: 1 | AN11: 6
A12: 546854650110 | B12: 54686224A | C12: PUNCH.EV SMT+ 40 | D12: 294 | E12: =D12 -> 294 | F12: =19-5 -> 14 | G12: =N12 -> 385 | H12: =O12 -> 300 | I12: =E12-H12 -> -6 | J12: =F12+G12-H12 -> 99 | K12: =SUMIF('3 D P'!$E:$E,'Fresh VIN PPC'!$B:$B,'3 D P'!$J:$J) -> 0 | L12: =SUMIF('3 D P'!$E:$E,'Fresh VIN PPC'!$B:$B,'3 D P'!$K:$K) -> 0 | M12: =SUMIF('3 D P'!$E:$E,'Fresh VIN PPC'!$B:$B,'3 D P'!$L:$L) -> 0 | N12: =IFERROR(VLOOKUP(A12,'Daywise Dispatch'!$A:$B,2,FALSE),0) -> 385 | O12: =SUMIF('Consumption MTD'!$B:$B,$B$3:$B$17,'Consumption MTD'!$C:$C) -> 300 | P12: =SUMIF('BIW Lifting A Shift'!$B:$B,$B$3:$B$15,'BIW Lifting A Shift'!$C:$C) -> 0 | Q12: =SUMIF('BIW Lifting B Shift'!$B:$B,$B$3:$B$15,'BIW Lifting B Shift'!$C:$C) -> 0 | R12: =J12-U12 -> 89 | S12: =J12-P12-U12 -> 89 | T12: =S12-Q12 -> 89 | U12: =SUMIF(FLOAT!$D:$D,$B$3:$B$15,FLOAT!$F:$F) -> 10 | V12: 17 | Y12: 1 | Z12: =SUMIF(FLOAT!$D:$D,$B$3:$B$6,FLOAT!$F:$F) -> 0 | AA12: =SUMIF(FLOAT!$D:$D,$B$3:$B$15,FLOAT!$G:$G) -> 3 | AB12: =SUMIF(FLOAT!$D:$D,$B$3:$B$15,FLOAT!$H:$H) -> 1 | AC12: =SUMIF(FLOAT!$D:$D,$B$3:$B$15,FLOAT!$I:$I) -> 0 | AD12: =SUMIF(FLOAT!$D:$D,$B$3:$B$15,FLOAT!$J:$J) -> 0 | AE12: =SUMIF(FLOAT!$D:$D,$B$3:$B$15,FLOAT!$K:$K) -> 1 | AF12: =SUMIF(FLOAT!$D:$D,$B$3:$B$15,FLOAT!$L:$L) -> 1 | AG12: =SUMIF(FLOAT!$D:$D,$B$3:$B$6,FLOAT!$M:$M) -> 0 | AH12: =SUMIF(FLOAT!$D:$D,$B$3:$B$15,FLOAT!$N:$N) -> 0 | AI12: =SUMIF(FLOAT!$D:$D,$B$3:$B$15,FLOAT!$O:$O) -> 4 | AJ12: =SUMIF(FLOAT!$D:$D,$B$3:$B$15,FLOAT!$P:$P) -> 0 | AK12: =SUM(AA12:AF12)+SUM(AH12:AJ12) -> 10 | AM12: 4 | AN12: 19
A13: 546854650111 | B13: 54686324A | C13: PUNCH.EV ADV 40 | D13: 830 | E13: =D13 -> 830 | F13: =122-5 -> 117 | G13: =N13 -> 369 | H13: =O13 -> 290 | I13: =E13-H13 -> 540 | J13: =F13+G13-H13 -> 196 | K13: =SUMIF('3 D P'!$E:$E,'Fresh VIN PPC'!$B:$B,'3 D P'!$J:$J) -> 3 | L13: =SUMIF('3 D P'!$E:$E,'Fresh VIN PPC'!$B:$B,'3 D P'!$K:$K) -> 51 | M13: =SUMIF('3 D P'!$E:$E,'Fresh VIN PPC'!$B:$B,'3 D P'!$L:$L) -> 49 | N13: =IFERROR(VLOOKUP(A13,'Daywise Dispatch'!$A:$B,2,FALSE),0) -> 369 | O13: =SUMIF('Consumption MTD'!$B:$B,$B$3:$B$17,'Consumption MTD'!$C:$C) -> 290 | P13: =SUMIF('BIW Lifting A Shift'!$B:$B,$B$3:$B$15,'BIW Lifting A Shift'!$C:$C) -> 0 | Q13: =SUMIF('BIW Lifting B Shift'!$B:$B,$B$3:$B$15,'BIW Lifting B Shift'!$C:$C) -> 0 | R13: =J13-U13 -> 144 | S13: =J13-P13-U13 -> 144 | T13: =S13-Q13 -> 144 | U13: =SUMIF(FLOAT!$D:$D,$B$3:$B$15,FLOAT!$F:$F) -> 52 | V13: 34 | Y13: 1 | Z13: =SUMIF(FLOAT!$D:$D,$B$3:$B$6,FLOAT!$F:$F) -> 0 | AA13: =SUMIF(FLOAT!$D:$D,$B$3:$B$15,FLOAT!$G:$G) -> 2 | AB13: =SUMIF(FLOAT!$D:$D,$B$3:$B$15,FLOAT!$H:$H) -> 2 | AC13: =SUMIF(FLOAT!$D:$D,$B$3:$B$15,FLOAT!$I:$I) -> 8 | AD13: =SUMIF(FLOAT!$D:$D,$B$3:$B$15,FLOAT!$J:$J) -> 0 | AE13: =SUMIF(FLOAT!$D:$D,$B$3:$B$15,FLOAT!$K:$K) -> 5 | AF13: =SUMIF(FLOAT!$D:$D,$B$3:$B$15,FLOAT!$L:$L) -> 11 | AG13: =SUMIF(FLOAT!$D:$D,$B$3:$B$6,FLOAT!$M:$M) -> 0 | AH13: =SUMIF(FLOAT!$D:$D,$B$3:$B$15,FLOAT!$N:$N) -> 13 | AI13: =SUMIF(FLOAT!$D:$D,$B$3:$B$15,FLOAT!$O:$O) -> 11 | AJ13: =SUMIF(FLOAT!$D:$D,$B$3:$B$15,FLOAT!$P:$P) -> 0 | AK13: =SUM(AA13:AF13)+SUM(AH13:AJ13) -> 52 | AM13: 3 | AN13: 122
A14: 546854650115 | B14: 54686724A | C14: PUNCH.EV EMP 40 | D14: 230 | E14: =D14 -> 230 | F14: 38 | G14: =N14 -> 99 | H14: =O14 -> 132 | I14: =E14-H14 -> 98 | J14: =F14+G14-H14 -> 5 | K14: =SUMIF('3 D P'!$E:$E,'Fresh VIN PPC'!$B:$B,'3 D P'!$J:$J) -> 174 | L14: =SUMIF('3 D P'!$E:$E,'Fresh VIN PPC'!$B:$B,'3 D P'!$K:$K) -> 158 | M14: =SUMIF('3 D P'!$E:$E,'Fresh VIN PPC'!$B:$B,'3 D P'!$L:$L) -> 98 | N14: =IFERROR(VLOOKUP(A14,'Daywise Dispatch'!$A:$B,2,FALSE),0) -> 99 | O14: =SUMIF('Consumption MTD'!$B:$B,$B$3:$B$17,'Consumption MTD'!$C:$C) -> 132 | P14: =SUMIF('BIW Lifting A Shift'!$B:$B,$B$3:$B$15,'BIW Lifting A Shift'!$C:$C) -> 0 | Q14: =SUMIF('BIW Lifting B Shift'!$B:$B,$B$3:$B$15,'BIW Lifting B Shift'!$C:$C) -> 0 | R14: =J14-U14 -> 1 | S14: =J14-P14-U14 -> 1 | T14: =S14-Q14 -> 1 | U14: =SUMIF(FLOAT!$D:$D,$B$3:$B$15,FLOAT!$F:$F) -> 4 | V14: 53 | Y14: 1 | Z14: =SUMIF(FLOAT!$D:$D,$B$3:$B$6,FLOAT!$F:$F) -> 0 | AA14: =SUMIF(FLOAT!$D:$D,$B$3:$B$15,FLOAT!$G:$G) -> 1 | AB14: =SUMIF(FLOAT!$D:$D,$B$3:$B$15,FLOAT!$H:$H) -> 1 | AC14: =SUMIF(FLOAT!$D:$D,$B$3:$B$15,FLOAT!$I:$I) -> 0 | AD14: =SUMIF(FLOAT!$D:$D,$B$3:$B$15,FLOAT!$J:$J) -> 0 | AE14: =SUMIF(FLOAT!$D:$D,$B$3:$B$15,FLOAT!$K:$K) -> 0 | AF14: =SUMIF(FLOAT!$D:$D,$B$3:$B$15,FLOAT!$L:$L) -> 0 | AG14: =SUMIF(FLOAT!$D:$D,$B$3:$B$6,FLOAT!$M:$M) -> 0 | AH14: =SUMIF(FLOAT!$D:$D,$B$3:$B$15,FLOAT!$N:$N) -> 1 | AI14: =SUMIF(FLOAT!$D:$D,$B$3:$B$15,FLOAT!$O:$O) -> 1 | AJ14: =SUMIF(FLOAT!$D:$D,$B$3:$B$15,FLOAT!$P:$P) -> 0 | AK14: =SUM(AA14:AF14)+SUM(AH14:AJ14) -> 4 | AM14: 3 | AN14: 38
A15: 546854650116 | B15: 54686824A | C15: PUNCH.EV EMP+ S 40 | D15: 2297 | E15: =D15 -> 2297 | F15: =167 -> 167 | G15: =N15 -> 1282 | H15: =O15 -> 1326 | I15: =E15-H15 -> 971 | J15: =F15+G15-H15 -> 123 | K15: =SUMIF('3 D P'!$E:$E,'Fresh VIN PPC'!$B:$B,'3 D P'!$J:$J) -> 7 | L15: =SUMIF('3 D P'!$E:$E,'Fresh VIN PPC'!$B:$B,'3 D P'!$K:$K) -> 19 | M15: =SUMIF('3 D P'!$E:$E,'Fresh VIN PPC'!$B:$B,'3 D P'!$L:$L) -> 3 | N15: =IFERROR(VLOOKUP(A15,'Daywise Dispatch'!$A:$B,2,FALSE),0) -> 1282 | O15: =SUMIF('Consumption MTD'!$B:$B,$B$3:$B$17,'Consumption MTD'!$C:$C) -> 1326 | P15: =SUMIF('BIW Lifting A Shift'!$B:$B,$B$3:$B$15,'BIW Lifting A Shift'!$C:$C) -> 0 | Q15: =SUMIF('BIW Lifting B Shift'!$B:$B,$B$3:$B$15,'BIW Lifting B Shift'!$C:$C) -> 0 | R15: =J15-U15 -> 8 | S15: =J15-P15-U15 -> 8 | T15: =S15-Q15 -> 8 | U15: =SUMIF(FLOAT!$D:$D,$B$3:$B$15,FLOAT!$F:$F) -> 115 | V15: 68 | Y15: 1 | Z15: =SUMIF(FLOAT!$D:$D,$B$3:$B$6,FLOAT!$F:$F) -> 0 | AA15: =SUMIF(FLOAT!$D:$D,$B$3:$B$15,FLOAT!$G:$G) -> 24 | AB15: =SUMIF(FLOAT!$D:$D,$B$3:$B$15,FLOAT!$H:$H) -> 5 | AC15: =SUMIF(FLOAT!$D:$D,$B$3:$B$15,FLOAT!$I:$I) -> 14 | AD15: =SUMIF(FLOAT!$D:$D,$B$3:$B$15,FLOAT!$J:$J) -> 1 | AE15: =SUMIF(FLOAT!$D:$D,$B$3:$B$15,FLOAT!$K:$K) -> 5 | AF15: =SUMIF(FLOAT!$D:$D,$B$3:$B$15,FLOAT!$L:$L) -> 24 | AG15: =SUMIF(FLOAT!$D:$D,$B$3:$B$6,FLOAT!$M:$M) -> 0 | AH15: =SUMIF(FLOAT!$D:$D,$B$3:$B$15,FLOAT!$N:$N) -> 16 | AI15: =SUMIF(FLOAT!$D:$D,$B$3:$B$15,FLOAT!$O:$O) -> 26 | AJ15: =SUMIF(FLOAT!$D:$D,$B$3:$B$15,FLOAT!$P:$P) -> 0 | AK15: =SUM(AA15:AF15)+SUM(AH15:AJ15) -> 115 | AM15: 6 | AN15: 167
D16: =SUM(D10:D15) -> 3651 | E16: =SUM(E10:E15) -> 3651 | F16: =SUM(F10:F15) -> 347 | G16: =SUM(G10:G15) -> 2135 | H16: =SUM(H10:H15) -> 2048 | I16: =SUM(I10:I15) -> 1603 | J16: =SUM(J10:J15) -> 434 | K16: =SUM(K10:K15) -> 184 | ... Q16: =SUM(Q10:Q15) -> 0 | U16: =SUM(U10:U15) -> 181 | V16: =SUM(V10:V15) -> 183 | AM16: =SUM(AM10:AM15) -> 18

Sheet Front
A1: Front WH Number | B1: Short VC No | C1: Model | D1: PLAN | E1: W/H Requirement | F1: Month O/P | G1: Inwards | H1: Consumption | I1: Balance Production | J1: Today's O/P | K1: =TODAY() -> 46221 | L1: =TODAY()+1 -> 46222 | M1: =TODAY()+2 -> 46223 | N1: Cumulative Dispatch | O1: Consumption | P1: A SHIFT BIW LIFTING | Q1: B SHIFT BIW LIFTING | R1: Float Coverage at 6:30am | S1: Float Coverage at 3 pm | T1: Float Coverage at 11:30 pm | U1: Paint float 06:30am | Z1: TOTAL FLOAT | AA1: PBS FLOAT | AB1: PBS TO POLISHING | AC1: POLISHING TO TOPCOAT | AD1: TOPCOAT TO WETSANDING ROOFBLACK | AE1: TOPCOAT TO WETSANDING FRESH | AF1: WETSANDING TO SEALANT | AG1: TOTAL UPTO SEALANT | AH1: PT ENTRY TO SEALENT | AI1: BIW LIFTING TO PT | AJ1: PT BYPASS | AK1: Total
A2: 546854620381 | B2: 54684124A | C2: PUNCH.EV SMT | D2: 0 | E2: 0 | F2: 5 | G2: =N2 -> 0 | H2: =O2 -> 0 | I2: =E2-H2 -> 0 | J2: =F2+G2-H2 -> 5 | K2: =SUMIF('3 D P'!$E:$E,Front!$B:$B,'3 D P'!J:J) -> 0 | L2: =SUMIF('3 D P'!$E:$E,Front!$B:$B,'3 D P'!K:K) -> 0 | M2: =SUMIF('3 D P'!$E:$E,Front!$B:$B,'3 D P'!L:L) -> 0 | N2: =IFERROR(VLOOKUP(A2,'Front Dispatch'!A:B,2,0),0) -> 0 | O2: =SUMIF('Consumption MTD'!$B:$B,$B$2:$B$17,'Consumption MTD'!$C:$C) -> 0 | P2: =SUMIF('BIW Lifting A Shift'!$B:$B,$B$2:$B$15,'BIW Lifting A Shift'!$C:$C) -> 0 | Q2: =SUMIF('BIW Lifting B Shift'!$B:$B,$B$2:$B$15,'BIW Lifting B Shift'!$C:$C) -> 0 | R2: =J2-U2 -> 5 | S2: =J2-P2-U2 -> 5 | T2: =S2-Q2 -> 5 | U2: =SUMIF(FLOAT!$D:$D,$B$2:$B$15,FLOAT!$F:$F) -> 0 | V2: 6 | Y2: 1 | Z2: =SUMIF(FLOAT!$D:$D,$B$2:$B$14,FLOAT!$F:$F) -> 0 | AA2: =SUMIF(FLOAT!$D:$D,$B$2:$B$13,FLOAT!$G:$G) -> 0 | AB2: =SUMIF(FLOAT!$D:$D,$B$2:$B$13,FLOAT!$H:$H) -> 0 | AC2: =SUMIF(FLOAT!$D:$D,$B$2:$B$13,FLOAT!$I:$I) -> 0 | AD2: =SUMIF(FLOAT!$D:$D,$B$2:$B$13,FLOAT!$J:$J) -> 0 | AE2: =SUMIF(FLOAT!$D:$D,$B$2:$B$13,FLOAT!$K:$K) -> 0 | AF2: =SUMIF(FLOAT!$D:$D,$B$2:$B$13,FLOAT!$L:$L) -> 0 | AG2: =SUMIF(FLOAT!$D:$D,$B$2:$B$6,FLOAT!$M:$M) -> 0 | AH2: =SUMIF(FLOAT!$D:$D,$B$2:$B$13,FLOAT!$N:$N) -> 0 | AI2: =SUMIF(FLOAT!$D:$D,$B$2:$B$13,FLOAT!$O:$O) -> 0 | AJ2: =SUMIF(FLOAT!$D:$D,$B$2:$B$13,FLOAT!$P:$P) -> 0 | AK2: =SUM(AA2:AF2)+SUM(AH2:AJ2) -> 0
A3: 546854620382 | B3: 54684224A | C3: PUNCH.EV SMT + | D3: 0 | E3: 0 | F3: 5 | G3: =N3 -> 0 | H3: =O3 -> 0 | I3: =E3-H3 -> 0 | J3: =F3+G3-H3 -> 5 | K3: =SUMIF('3 D P'!$E:$E,Front!$B:$B,'3 D P'!J:J) -> 0 | L3: =SUMIF('3 D P'!$E:$E,Front!$B:$B,'3 D P'!K:K) -> 0 | M3: =SUMIF('3 D P'!$E:$E,Front!$B:$B,'3 D P'!L:L) -> 0 | N3: =IFERROR(VLOOKUP(A3,'Front Dispatch'!A:B,2,0),0) -> 0 | O3: =SUMIF('Consumption MTD'!$B:$B,$B$2:$B$17,'Consumption MTD'!$C:$C) -> 0 | P3: =SUMIF('BIW Lifting A Shift'!$B:$B,$B$2:$B$15,'BIW Lifting A Shift'!$C:$C) -> 0 | Q3: =SUMIF('BIW Lifting B Shift'!$B:$B,$B$2:$B$15,'BIW Lifting B Shift'!$C:$C) -> 0 | R3: =J3-U3 -> 5 | S3: =J3-P3-U3 -> 5 | T3: =S3-Q3 -> 5 | U3: =SUMIF(FLOAT!$D:$D,$B$2:$B$15,FLOAT!$F:$F) -> 0 | V3: 6 | Y3: 1 | Z3: =SUMIF(FLOAT!$D:$D,$B$2:$B$14,FLOAT!$F:$F) -> 0 | AA3: =SUMIF(FLOAT!$D:$D,$B$2:$B$13,FLOAT!$G:$G) -> 0 | AB3: =SUMIF(FLOAT!$D:$D,$B$2:$B$13,FLOAT!$H:$H) -> 0 | AC3: =SUMIF(FLOAT!$D:$D,$B$2:$B$13,FLOAT!$I:$I) -> 0 | AD3: =SUMIF(FLOAT!$D:$D,$B$2:$B$13,FLOAT!$J:$J) -> 0 | AE3: =SUMIF(FLOAT!$D:$D,$B$2:$B$13,FLOAT!$K:$K) -> 0 | AF3: =SUMIF(FLOAT!$D:$D,$B$2:$B$13,FLOAT!$L:$L) -> 0 | AG3: =SUMIF(FLOAT!$D:$D,$B$2:$B$6,FLOAT!$M:$M) -> 0 | AH3: =SUMIF(FLOAT!$D:$D,$B$2:$B$13,FLOAT!$N:$N) -> 0 | AI3: =SUMIF(FLOAT!$D:$D,$B$2:$B$13,FLOAT!$O:$O) -> 0 | AJ3: =SUMIF(FLOAT!$D:$D,$B$2:$B$13,FLOAT!$P:$P) -> 0 | AK3: =SUM(AA3:AF3)+SUM(AH3:AJ3) -> 0
A4: 546854620355 | B4: 54686224A | C4: PUNCH.EV SMT + LR | D4: 750 | E4: 294 | F4: 44 | G4: =N4 -> 289 | H4: =O4 -> 300 | I4: =E4-H4 -> -6 | J4: =F4+G4-H4 -> 33 | K4: =SUMIF('3 D P'!$E:$E,Front!$B:$B,'3 D P'!J:J) -> 3 | L4: =SUMIF('3 D P'!$E:$E,Front!$B:$B,'3 D P'!K:K) -> 51 | M4: =SUMIF('3 D P'!$E:$E,Front!$B:$B,'3 D P'!L:L) -> 49 | N4: =IFERROR(VLOOKUP(A4,'Front Dispatch'!A:B,2,0),0) -> 289 | O4: =SUMIF('Consumption MTD'!$B:$B,$B$2:$B$17,'Consumption MTD'!$C:$C) -> 300 | P4: =SUMIF('BIW Lifting A Shift'!$B:$B,$B$2:$B$15,'BIW Lifting A Shift'!$C:$C) -> 0 | Q4: =SUMIF('BIW Lifting B Shift'!$B:$B,$B$2:$B$15,'BIW Lifting B Shift'!$C:$C) -> 0 | R4: =J4-U4 -> 23 | S4: =J4-P4-U4 -> 23 | T4: =S4-Q4 -> 23 | U4: =SUMIF(FLOAT!$D:$D,$B$2:$B$15,FLOAT!$F:$F) -> 10 | V4: 23 | Y4: 1 | Z4: =SUMIF(FLOAT!$D:$D,$B$2:$B$14,FLOAT!$F:$F) -> 10 | AA4: =SUMIF(FLOAT!$D:$D,$B$2:$B$13,FLOAT!$G:$G) -> 3 | AB4: =SUMIF(FLOAT!$D:$D,$B$2:$B$13,FLOAT!$H:$H) -> 1 | AC4: =SUMIF(FLOAT!$D:$D,$B$2:$B$13,FLOAT!$I:$I) -> 0 | AD4: =SUMIF(FLOAT!$D:$D,$B$2:$B$13,FLOAT!$J:$J) -> 0 | AE4: =SUMIF(FLOAT!$D:$D,$B$2:$B$13,FLOAT!$K:$K) -> 1 | AF4: =SUMIF(FLOAT!$D:$D,$B$2:$B$13,FLOAT!$L:$L) -> 1 | AG4: =SUMIF(FLOAT!$D:$D,$B$2:$B$6,FLOAT!$M:$M) -> 6 | AH4: =SUMIF(FLOAT!$D:$D,$B$2:$B$13,FLOAT!$N:$N) -> 0 | AI4: =SUMIF(FLOAT!$D:$D,$B$2:$B$13,FLOAT!$O:$O) -> 4 | AJ4: =SUMIF(FLOAT!$D:$D,$B$2:$B$13,FLOAT!$P:$P) -> 0 | AK4: =SUM(AA4:AF4)+SUM(AH4:AJ4) -> 10 | AO4: 1
A5: 546854620387 | B5: 54686324A | C5: PUNCH.EV ADV LR | D5: 335 | E5: 830 | F5: 29 | G5: =N5 -> 326 | H5: =O5 -> 290 | I5: =E5-H5 -> 540 | J5: =F5+G5-H5 -> 65 | K5: =SUMIF('3 D P'!$E:$E,Front!$B:$B,'3 D P'!J:J) -> 174 | L5: =SUMIF('3 D P'!$E:$E,Front!$B:$B,'3 D P'!K:K) -> 158 | M5: =SUMIF('3 D P'!$E:$E,Front!$B:$B,'3 D P'!L:L) -> 98 | N5: =IFERROR(VLOOKUP(A5,'Front Dispatch'!A:B,2,0),0) -> 326 | O5: =SUMIF('Consumption MTD'!$B:$B,$B$2:$B$17,'Consumption MTD'!$C:$C) -> 290 | P5: =SUMIF('BIW Lifting A Shift'!$B:$B,$B$2:$B$15,'BIW Lifting A Shift'!$C:$C) -> 0 | Q5: =SUMIF('BIW Lifting B Shift'!$B:$B,$B$2:$B$15,'BIW Lifting B Shift'!$C:$C) -> 0 | R5: =J5-U5 -> 13 | S5: =J5-P5-U5 -> 13 | T5: =S5-Q5 -> 13 | U5: =SUMIF(FLOAT!$D:$D,$B$2:$B$15,FLOAT!$F:$F) -> 52 | V5: 16 | Y5: 1 | Z5: =SUMIF(FLOAT!$D:$D,$B$2:$B$14,FLOAT!$F:$F) -> 52 | AA5: =SUMIF(FLOAT!$D:$D,$B$2:$B$13,FLOAT!$G:$G) -> 2 | AB5: =SUMIF(FLOAT!$D:$D,$B$2:$B$13,FLOAT!$H:$H) -> 2 | AC5: =SUMIF(FLOAT!$D:$D,$B$2:$B$13,FLOAT!$I:$I) -> 8 | AD5: =SUMIF(FLOAT!$D:$D,$B$2:$B$13,FLOAT!$J:$J) -> 0 | AE5: =SUMIF(FLOAT!$D:$D,$B$2:$B$13,FLOAT!$K:$K) -> 5 | AF5: =SUMIF(FLOAT!$D:$D,$B$2:$B$13,FLOAT!$L:$L) -> 11 | AG5: =SUMIF(FLOAT!$D:$D,$B$2:$B$6,FLOAT!$M:$M) -> 28 | AH5: =SUMIF(FLOAT!$D:$D,$B$2:$B$13,FLOAT!$N:$N) -> 13 | AI5: =SUMIF(FLOAT!$D:$D,$B$2:$B$13,FLOAT!$O:$O) -> 11 | AJ5: =SUMIF(FLOAT!$D:$D,$B$2:$B$13,FLOAT!$P:$P) -> 0 | AK5: =SUM(AA5:AF5)+SUM(AH5:AJ5) -> 52 | AO5: 1
A6: 546854620346 | B6: 54686724A | C6: PUNCH.EV EMP + LR | D6: 235 | E6: 230 | F6: =26+3 -> 29 | G6: =N6 -> 178 | H6: =O6 -> 132 | I6: =E6-H6 -> 98 | J6: =F6+G6-H6 -> 75 | K6: =SUMIF('3 D P'!$E:$E,Front!$B:$B,'3 D P'!J:J) -> 7 | L6: =SUMIF('3 D P'!$E:$E,Front!$B:$B,'3 D P'!K:K) -> 19 | M6: =SUMIF('3 D P'!$E:$E,Front!$B:$B,'3 D P'!L:L) -> 3 | N6: =IFERROR(VLOOKUP(A6,'Front Dispatch'!A:B,2,0),0) -> 178 | O6: =SUMIF('Consumption MTD'!$B:$B,$B$2:$B$17,'Consumption MTD'!$C:$C) -> 132 | P6: =SUMIF('BIW Lifting A Shift'!$B:$B,$B$2:$B$15,'BIW Lifting A Shift'!$C:$C) -> 0 | Q6: =SUMIF('BIW Lifting B Shift'!$B:$B,$B$2:$B$15,'BIW Lifting B Shift'!$C:$C) -> 0 | R6: =J6-U6 -> 71 | S6: =J6-P6-U6 -> 71 | T6: =S6-Q6 -> 71 | U6: =SUMIF(FLOAT!$D:$D,$B$2:$B$15,FLOAT!$F:$F) -> 4 | V6: 3 | Y6: 1 | Z6: =SUMIF(FLOAT!$D:$D,$B$2:$B$14,FLOAT!$F:$F) -> 4 | AA6: =SUMIF(FLOAT!$D:$D,$B$2:$B$13,FLOAT!$G:$G) -> 1 | AB6: =SUMIF(FLOAT!$D:$D,$B$2:$B$13,FLOAT!$H:$H) -> 1 | AC6: =SUMIF(FLOAT!$D:$D,$B$2:$B$13,FLOAT!$I:$I) -> 0 | AD6: =SUMIF(FLOAT!$D:$D,$B$2:$B$13,FLOAT!$J:$J) -> 0 | AE6: =SUMIF(FLOAT!$D:$D,$B$2:$B$13,FLOAT!$K:$K) -> 0 | AF6: =SUMIF(FLOAT!$D:$D,$B$2:$B$13,FLOAT!$L:$L) -> 0 | AG6: =SUMIF(FLOAT!$D:$D,$B$2:$B$6,FLOAT!$M:$M) -> 2 | AH6: =SUMIF(FLOAT!$D:$D,$B$2:$B$13,FLOAT!$N:$N) -> 1 | AI6: =SUMIF(FLOAT!$D:$D,$B$2:$B$13,FLOAT!$O:$O) -> 1 | AJ6: =SUMIF(FLOAT!$D:$D,$B$2:$B$13,FLOAT!$P:$P) -> 0 | AK6: =SUM(AA6:AF6)+SUM(AH6:AJ6) -> 4 | AO6: 1
A7: 546854620389 | B7: 54686824A | C7: PUNCH.EV EMP + S LR | D7: 2672 | E7: 2297 | F7: 64 | G7: =N7 -> 1407 | H7: =O7 -> 1326 | I7: =E7-H7 -> 971 | J7: =F7+G7-H7 -> 145 | K7: =SUMIF('3 D P'!$E:$E,Front!$B:$B,'3 D P'!J:J) -> 78 | L7: =SUMIF('3 D P'!$E:$E,Front!$B:$B,'3 D P'!K:K) -> 37 | M7: =SUMIF('3 D P'!$E:$E,Front!$B:$B,'3 D P'!L:L) -> 115 | N7: =IFERROR(VLOOKUP(A7,'Front Dispatch'!A:B,2,0),0) -> 1407 | O7: =SUMIF('Consumption MTD'!$B:$B,$B$2:$B$17,'Consumption MTD'!$C:$C) -> 1326 | P7: =SUMIF('BIW Lifting A Shift'!$B:$B,$B$2:$B$15,'BIW Lifting A Shift'!$C:$C) -> 0 | Q7: =SUMIF('BIW Lifting B Shift'!$B:$B,$B$2:$B$15,'BIW Lifting B Shift'!$C:$C) -> 0 | R7: =J7-U7 -> 30 | S7: =J7-P7-U7 -> 30 | T7: =S7-Q7 -> 30 | U7: =SUMIF(FLOAT!$D:$D,$B$2:$B$15,FLOAT!$F:$F) -> 115 | V7: 125 | Y7: 1 | Z7: =SUMIF(FLOAT!$D:$D,$B$2:$B$14,FLOAT!$F:$F) -> 115 | AA7: =SUMIF(FLOAT!$D:$D,$B$2:$B$13,FLOAT!$G:$G) -> 24 | AB7: =SUMIF(FLOAT!$D:$D,$B$2:$B$13,FLOAT!$H:$H) -> 5 | AC7: =SUMIF(FLOAT!$D:$D,$B$2:$B$13,FLOAT!$I:$I) -> 14 | AD7: =SUMIF(FLOAT!$D:$D,$B$2:$B$13,FLOAT!$J:$J) -> 1 | AE7: =SUMIF(FLOAT!$D:$D,$B$2:$B$13,FLOAT!$K:$K) -> 5 | AF7: =SUMIF(FLOAT!$D:$D,$B$2:$B$13,FLOAT!$L:$L) -> 24 | AG7: =SUMIF(FLOAT!$D:$D,$B$2:$B$8,FLOAT!$M:$M) -> 73 | AH7: =SUMIF(FLOAT!$D:$D,$B$2:$B$13,FLOAT!$N:$N) -> 16 | AI7: =SUMIF(FLOAT!$D:$D,$B$2:$B$13,FLOAT!$O:$O) -> 26 | AJ7: =SUMIF(FLOAT!$D:$D,$B$2:$B$13,FLOAT!$P:$P) -> 0 | AK7: =SUM(AA7:AF7)+SUM(AH7:AJ7) -> 115 | AO7: 4
D8: =SUM(D2:D7) -> 3992 | E8: =SUM(E2:E7) -> 3651 | F8: =SUM(F2:F7) -> 176 | G8: =SUM(G2:G7) -> 2200 | H8: =SUM(H2:H7) -> 2048 | I8: =SUM(I2:I7) -> 1603 | J8: =SUM(J2:J7) -> 328 | K8: =SUM(K2:K7) -> 262 | ... Q8: =SUM(Q2:Q7) -> 0 | U8: =SUM(U2:U7) -> 181 | V8: =SUM(V2:V7) -> 179 | W8: =SUM(W2:W7) -> 0 | X8: =SUM(X2:X7) -> 0 | Y8: =SUM(Y2:Y7) -> 6 | Z8: =SUM(Z2:Z7) -> 181 | AA8: =SUM(AA2:AA7) -> 30 | AB8: =SUM(AB2:AB7) -> 9 | ... AK8: =SUM(AK2:AK7) -> 181

Sheet Summary
B3: NOVA-Cockpit Summary | E3: NOVA-Front Summary
B4: Morning Float | C4: ='Cockpit sheet'!U16+'Cockpit sheet'!U7 -> 181 | E4: Morning Float | F4: =Front!U8 -> 181
B5: Fresh Lifting | C5: ='Cockpit sheet'!$P$16+'Cockpit sheet'!$Q$16 -> 0 | E5: Fresh Lifting | F5: =Front!P8+Front!Q8 -> 0
B6: Total Plan | C6: =C4+C5 -> 181 | E6: Total Plan | F6: =F4+F5 -> 181
B7: Coverage | C7: =C6+C10 -> 181 | E7: Coverage | F7: =F6+F10 -> 181
B8: Shortfall Against Morning Float | C8: =SUMIF('Cockpit sheet'!$R:$R,"<0") -> 0 | E8: Shortfall Against Morning Float | F8: =SUMIF(Front!$R:$R,"<0") -> 0
B9: Shortfall Against 1st Shift Lifting | C9: =SUMIF('Cockpit sheet'!$S:$S,"<0") -> 0 | E9: Shortfall Against 1st Shift Lifting | F9: =SUMIF(Front!$S:$S,"<0") -> 0
B10: Shortfall Against 2nd Shift Lifting | C10: =SUMIF('Cockpit sheet'!$T:$T,"<0") -> 0 | E10: Shortfall Against 2nd Shift Lifting | F10: =SUMIF(Front!$T:$T,"<0") -> 0

Sheet BIW Lifting A Shift
A1: MODEL | B1: VEHICLE CODE | C1: TOTAL

Sheet BIW Lifting B Shift
A1: MODEL | B1: VEHICLE CODE | C1: TOTAL

Sheet Daywise Dispatch
A1: part | B1: Cumulative Dispatch | C1: Month Plan | D1: Balance | E1: 46204 | J1: 46205 | O1: 46206 | T1: 46207 | Y1: 46208 | AD1: 46209 | AI1: 46210 | AN1: 46211 | AS1: 46212 | AX1: 46213 | BC1: 46214 | BH1: 46215 | BM1: 46216 | BR1: 46217 | BW1: 46218 | CB1: 46219 | CG1: 46220 | CL1: 46221 | CQ1: 46222 | CV1: 46223 | DA1: 46224 | DF1: 46225 | DK1: 46226 | DP1: 46227 | DU1: 46228 | DZ1: 46229 | EE1: 46230 | EJ1: 46231 | EO1: 46232 | ET1: 46233 | EY1: 46234
J2: 1946 | T2: 6033 | U2: 9785 | Y2: 6033 | AD2: 6033 | AE2: 6032 | AI2: 6032 | AJ2: 9785 | AS2: 9785 | AX2: 9785 | AY2: 9785 | BC2: 9785 | BD2: 9785 | BH2: 9785 | BM2: 9785 | BR2: 9785 | BW2: 9785 | BX2: 9785 | CB2: 9785 | CC2: 9785 | CG2: 9785 | CH2: 6032
J3: ap | T3: pa | U3: tk | Y3: pa | AD3: tk | AE3: ap | AI3: ap | AJ3: ap | AS3: pa | AX3: PA | AY3: ap | BC3: ap | BD3: ap | BH3: ap | BM3: pa | BR3: pa | BW3: pj | BX3: pa | CB3: pa | CC3: pa | CG3: pj | CH3: pa
A5: 546854600231 | B5: =SUM(E5:FC5) -> 0 | C5: =IFERROR(VLOOKUP(A5,'Cockpit sheet'!A:E,5,0),0) -> 0 | D5: =C5-B5 -> 0
A6: 546854650116 | B6: =SUM(E6:FC6) -> 1282 | C6: =IFERROR(VLOOKUP(A6,'Cockpit sheet'!A:E,5,0),0) -> 2297 | D6: =C6-B6 -> 1015 | J6: 42 | T6: 16 | U6: 58 | Y6: 56 | AD6: 66 | AE6: 32 | AI6: 105 | AJ6: 67 | AS6: 102 | AX6: 63 | AY6: 68 | BC6: 13 | BD6: 61 | BH6: 98 | BM6: 4 | BR6: 108 | BW6: 28 | BX6: 44 | CB6: 50 | CC6: 44 | CG6: 80 | CH6: 77
A7: 546854650101 | B7: =SUM(E7:FC7) -> 0 | C7: =IFERROR(VLOOKUP(A7,'Cockpit sheet'!A:E,5,0),0) -> 0 | D7: =C7-B7 -> 0
A8: 546854650102 | B8: =SUM(E8:FC8) -> 0 | C8: =IFERROR(VLOOKUP(A8,'Cockpit sheet'!A:E,5,0),0) -> 0 | D8: =C8-B8 -> 0
A9: 546854650110 | B9: =SUM(E9:FC9) -> 385 | C9: =IFERROR(VLOOKUP(A9,'Cockpit sheet'!A:E,5,0),0) -> 294 | D9: =C9-B9 -> -91 | J9: 40 | U9: 36 | Y9: 3 | AD9: 33 | AE9: 20 | AI9: 8 | AJ9: 48 | AX9: 5 | AY9: 31 | BC9: 64 | BD9: 1 | BM9: 48 | BW9: 36 | BX9: 4 | CB9: 8
A10: 546854650111 | B10: =SUM(E10:FC10) -> 369 | C10: =IFERROR(VLOOKUP(A10,'Cockpit sheet'!A:E,5,0),0) -> 830 | D10: =C10-B10 -> 461 | J10: 32 | T10: 21 | AD10: 15 | AE10: 18 | AI10: 2 | AX10: 47 | AY10: 16 | BC10: 29 | BD10: 3 | BH10: 2 | BM10: 18 | BR10: 5 | BW10: 51 | BX10: 25 | CB10: 20 | CC10: 25 | CG10: 4 | CH10: 36
A11: 546854650115 | B11: =SUM(E11:FC11) -> 99 | C11: =IFERROR(VLOOKUP(A11,'Cockpit sheet'!A:E,5,0),0) -> 230 | D11: =C11-B11 -> 131 | J11: 1 | BH11: 14 | BM11: 36 | BR11: 2 | BX11: 37 | CC11: 6 | CG11: 3
A12: Total | B12: =SUM(B5:B5) -> 0 | C12: =SUM(C5:C5) -> 0 | D12: =SUM(D5:D5) -> 0 | E12: =SUM(E5:E11) -> 0 | F12: =SUM(F5:F11) -> 0 | G12: =SUM(G5:G11) -> 0 | H12: =SUM(H5:H11) -> 0 | I12: =SUM(I5:I11) -> 0 | J12: =SUM(J5:J11) -> 115 | K12: =SUM(K5:K11) -> 0 | L12: =SUM(L5:L11) -> 0 | ... FC12: =SUM(FC5:FC11) -> 0
Y13: =SUM(Y12:AC12) -> 59 | AD13: =SUM(AD12:AH12) -> 184 | AI13: =SUM(AI12:AM12) -> 230 | AN13: =SUM(AN12:AR12) -> 0 | AS13: =SUM(AS12:AW12) -> 102 | AX13: =SUM(AX12:BB12) -> 230 | BC13: =SUM(BC12:BG12) -> 171 | BH13: =SUM(BH12:BL12) -> 114 | BM13: =SUM(BM12:BQ12) -> 106 | BR13: =SUM(BR12:BV12) -> 115 | BW13: =SUM(BW12:CA12) -> 225 | CB13: =SUM(CB12:CF12) -> 153 | CG13: =SUM(CG12:CK12) -> 200 | CL13: =SUM(CL12:CP12) -> 0 | CQ13: =SUM(CQ12:CU12) -> 0 | CV13: =SUM(CV12:CZ12) -> 0 | DA13: =SUM(DA12:DE12) -> 0 | DF13: =SUM(DF12:DJ12) -> 0 | DK13: =SUM(DK12:DO12) -> 0 | DP13: =SUM(DP12:DT12) -> 0 | DU13: =SUM(DU12:DY12) -> 0 | DZ13: =SUM(DZ12:ED12) -> 0 | EE13: =SUM(EE12:EI12) -> 0 | EJ13: =SUM(EJ12:EN12) -> 0 | EO13: =SUM(EO12:ES12) -> 0 | ET13: =SUM(ET12:EX12) -> 0 | EY13: =SUM(EY12:FC12) -> 0

Sheet Sheet4
A1: Plant | B1: Movement Type | C1: Posting Date | D1: Time of Entry | E1: Material Document | F1: Material | G1: Material Description | H1: Quantity | I1: Amount in LC | J1: Storage Location | K1: Vendor | L1: User name | M1: Text | N1: Reason for Movement | O1: Cost Center | P1: Reference
A2: 1100 | B2: 101 | C2: 46114 | D2: 0.56457176 | E2: 8401612518 | F2: 546854620346 | G2: WH FRONT | H2: 4 | I2: 36579.68 | J2: KA21 | K2: Y60391 | L2: SDM860598 | M2: SP2.PROWIZ/03.04.2026/18:45:31 | N2: 0 | P2: 2511129049 | Q2: Row Labels | R2: Sum of Quantity
A3: 1100 | B3: 101 | C3: 46114 | D3: 0.56424769 | E3: 8401612516 | F3: 546854620389 | G3: WH FRONT | H3: 75 | I3: 678325.5 | J3: KA21 | K3: Y60391 | L3: SDM860598 | M3: SP2.PROWIZ/03.04.2026/18:58:42 | N3: 0 | P3: 2511129048 | Q3: 546854620346 | R3: 87 | S3: 546854620346 | T3: 87
A4: 1100 | B4: 101 | C4: 46116 | D4: 0.34826389 | E4: 8401637959 | F4: 546854620346 | G4: WH FRONT | H4: 11 | I4: 100594.12 | J4: KA21 | K4: Y60391 | L4: CTPVCRDOKI02 | M4: CMMPVKRUSHNA/04.04.2026/12:46:59 | N4: 0 | P4: 2611000761 | Q4: 546854620355 | R4: 480 | S4: 546854620355 | T4: 480
A5: 1100 | B5: 101 | C5: 46116 | D5: 0.3471412 | E5: 8401637952 | F5: 546854620355 | G5: WH FRONT | H5: 10 | I5: 88097.7 | J5: KA21 | K5: Y60391 | L5: CTPVCRDOKI02 | M5: CMMPVKRUSHNA/04.04.2026/12:47:21 | N5: 0 | P5: 2611000754 | Q5: 546854620387 | R5: 157 | S5: 546854620387 | T5: 157
A6: 1100 | B6: 101 | C6: 46116 | D6: 0.34697917 | E6: 8401637951 | F6: 546854620389 | G6: WH FRONT | H6: 70 | I6: 633103.8 | J6: KA21 | K6: Y60391 | L6: CTPVCRDOKI02 | M6: CMMPVKRUSHNA/04.04.2026/12:46:45 | N6: 0 | P6: 2611000753 | Q6: 546854620389 | R6: 1085 | S6: 546854620389 | T6: 1085
A7: 1100 | B7: 101 | C7: 46117 | D7: 0.25494213 | E7: 8401653001 | F7: 546854620355 | G7: WH FRONT | H7: 15 | I7: 132146.55 | J7: KA21 | K7: Y60391 | L7: CTPVCRDOKI06 | M7: CMMPVKRUSHNA/05.04.2026/09:09:28 | N7: 0 | P7: 2611001145 | Q7: Grand Total | R7: 1809
A8: 1100 | B8: 101 | C8: 46117 | D8: 0.25475694 | E8: 8401653000 | F8: 546854620389 | G8: WH FRONT | H8: 10 | I8: 90443.4 | J8: KA21 | K8: Y60391 | L8: CTPVCRDOKI06 | M8: CMMPVKRUSHNA/05.04.2026/09:09:41 | N8: 0 | P8: 2611001144
A9: 1100 | B9: 101 | C9: 46118 | D9: 0.90114583 | E9: 8401672067 | F9: 546854620355 | G9: WH FRONT | H9: 40 | I9: 352390.8 | J9: KA21 | K9: Y60391 | L9: CTPVCRDOKI01 | M9: CMMPVKRUSHNA/07.04.2026/00:43:21 | N9: 0 | P9: 2611001594
A10: 1100 | B10: 101 | C10: 46118 | D10: 0.38905093 | E10: 8401657230 | F10: 546854620355 | G10: WH FRONT | H10: 10 | I10: 88097.7 | J10: KA21 | K10: Y60391 | L10: CTPVCRDOKI02 | M10: CMMPVKRUSHNA/06.04.2026/12:13:51 | N10: 0 | P10: 2611001229
A11: 1100 | B11: 101 | C11: 46118 | D11: 0.90126157 | E11: 8401672068 | F11: 546854620387 | G11: WH FRONT | H11: 5 | I11: 43729.6 | J11: KA21 | K11: Y60391 | L11: CTPVCRDOKI01 | M11: CMMPVKRUSHNA/07.04.2026/00:43:31 | N11: 0 | P11: 2611001595
A12: 1100 | B12: 101 | C12: 46118 | D12: 0.90101852 | E12: 8401672065 | F12: 546854620389 | G12: WH FRONT | H12: 5 | I12: 45221.7 | J12: KA21 | K12: Y60391 | L12: CTPVCRDOKI01 | M12: CMMPVKRUSHNA/07.04.2026/00:43:10 | N12: 0 | P12: 2611001593
A13: 1100 | B13: 101 | C13: 46118 | D13: 0.38888889 | E13: 8401657199 | F13: 546854620389 | G13: WH FRONT | H13: 30 | I13: 271330.2 | J13: KA21 | K13: Y60391 | L13: CTPVCRDOKI02 | M13: CMMPVKRUSHNA/06.04.2026/12:13:32 | N13: 0 | P13: 2611001228
A14: 1100 | B14: 101 | C14: 46119 | D14: 0.62832176 | E14: 8401683760 | F14: 546854620355 | G14: WH FRONT | H14: 81 | I14: 713591.37 | J14: KA21 | K14: Y60391 | L14: AAD860617 | M14: CMMPVKRUSHNA/07.04.2026/17:31:47 | N14: 0 | P14: 2611001048
A15: 1100 | B15: 101 | C15: 46119 | D15: 0.58386574 | E15: 8401681899 | F15: 546854620355 | G15: WH FRONT | H15: 20 | I15: 176195.4 | J15: KA21 | K15: Y60391 | L15: CTPVCRDOKI02 | M15: CMMPVKRUSHNA/07.04.2026/17:37:51 | N15: 0 | P15: 2611001877
A16: 1100 | B16: 101 | C16: 46119 | D16: 0.5840162 | E16: 8401682110 | F16: 546854620387 | G16: WH FRONT | H16: 5 | I16: 43729.6 | J16: KA21 | K16: Y60391 | L16: CTPVCRDOKI02 | M16: CMMPVKRUSHNA/07.04.2026/17:37:20 | N16: 0 | P16: 2611001878
A17: 1100 | B17: 101 | C17: 46119 | D17: 0.6255787 | E17: 8401683590 | F17: 546854620389 | G17: WH FRONT | H17: 44 | I17: 397950.96 | J17: KA21 | K17: Y60391 | L17: AAD860617 | M17: CMMPVKRUSHNA/07.04.2026/17:32:56 | N17: 0 | P17: 2611001057
A18: 1100 | B18: 101 | C18: 46119 | D18: 0.5849537 | E18: 8401682116 | F18: 546854620389 | G18: WH FRONT | H18: 40 | I18: 361773.6 | J18: KA21 | K18: Y60391 | L18: CTPVCRDOKI02 | M18: CMMPVKRUSHNA/07.04.2026/17:38:14 | N18: 0 | P18: 2611001893
A19: 1100 | B19: 101 | C19: 46120 | D19: 0.48337963 | E19: 8401696388 | F19: 546854620355 | G19: WH FRONT | H19: 11 | I19: 96907.47 | J19: KA21 | K19: Y60391 | L19: CTPVCRDOKI02 | M19: CMMPVKRUSHNA/08.04.2026/13:21:01 | N19: 0 | P19: 2611002381
... A68: 1100 | B68: 101 | C68: 46130 | D68: 0.059039352 | E68: 8401873416 | F68: 546854620389 | G68: WH FRONT | H68: 56 | I68: 513157.12 | J68: KA21 | K68: Y60391 | L68: CTPVCRDOKI02 | M68: CMMPVKRUSHNA/18.04.2026/02:55:37 | N68: 0 | P68: 2611006901

Sheet Front Dispatch
A1: Part | B1: Cumulative Dispatch | C1: SAP inwarding Till | D1: Balance | E1: 46204 | J1: 46205 | O1: 46206 | T1: 46207 | Y1: 46208 | AD1: 46209 | AI1: 46210 | AN1: 46211 | AS1: 46212 | AX1: 46213 | BC1: 46214 | BH1: 46215 | BM1: 46216 | BR1: 46217 | BW1: 46218 | CB1: 46219 | CG1: 46220 | CL1: 46221 | CQ1: 46222 | CV1: 46223 | DA1: 46224 | DF1: 46225 | DK1: 46226 | DP1: 46227 | DU1: 46228 | DZ1: 46229 | EE1: 46230 | EJ1: 46231 | EO1: 46232 | ET1: 46233 | EY1: 46234
E2: 6032 | O2: 6032 | P2: 6032 | Q2: 6032 | T2: 6032 | U2: 6032 | Y2: 6032 | Z2: 6032 | AA2: 6032 | AN2: 6032 | AS2: 6032 | AT2: 6032 | AX2: 6032 | AY2: 6032 | BC2: 6032 | BD2: 6032 | BE2: 6032 | BH2: 6032 | BM2: 6032 | BR2: 6032 | BS2: 6032 | BW2: 6032 | BX2: 6032 | CB2: 6032 | CC2: 6032 | CG2: 6032 | CH2: 6032 | CI2: 9785
E3: ap | O3: pa | P3: tk | Q3: ap | T3: tk | U3: ap | Y3: pa | Z3: TK | AA3: ap | AN3: pa | AS3: pj | AT3: ap | AX3: PA | AY3: ap | BC3: sj | BD3: ap | BE3: ap | BH3: pa | BM3: pa | BR3: pa | BS3: pa | BW3: PJ | BX3: pa | CB3: pa | CC3: pa | CG3: pj | CH3: pa | CI3: pa
A5: 546854620381 | B5: =SUM(E5:FC5) -> 0 | C5: =SUMIF(SAP!$F:$F,'Front Dispatch'!$A:$A,SAP!$H:$H) -> 0 | D5: =C5-B5 -> 0
A6: 546854620382 | B6: =SUM(E6:FC6) -> 0 | C6: =SUMIF(SAP!$F:$F,'Front Dispatch'!$A:$A,SAP!$H:$H) -> 0 | D6: =C6-B6 -> 0
A7: 546854620355 | B7: =SUM(E7:FC7) -> 289 | C7: =SUMIF(SAP!$F:$F,'Front Dispatch'!$A:$A,SAP!$H:$H) -> 192 | D7: =C7-B7 -> -97 | P7: 40 | Q7: 4 | T7: 10 | U7: 19 | Y7: 20 | Z7: 7 | AS7: 20 | AX7: 12 | AY7: 18 | BC7: 15 | BE7: 22 | BH7: 5 | BM7: 5 | BR7: 10 | BS7: 5 | BW7: 5 | BX7: 5 | CB7: 16 | CC7: 26 | CG7: 5 | CH7: 20
A8: 546854620387 | B8: =SUM(E8:FC8) -> 326 | C8: =SUMIF(SAP!$F:$F,'Front Dispatch'!$A:$A,SAP!$H:$H) -> 260 | D8: =C8-B8 -> -66 | E8: 13 | O8: 30 | P8: 22 | Q8: 70 | T8: 56 | Y8: 4 | Z8: 5 | AX8: 16 | BC8: 20 | BD8: 7 | BH8: 17 | BM8: 5 | BS8: 5 | BW8: 6 | BX8: 30 | CH8: 20
A9: 546854620346 | B9: =SUM(E9:FC9) -> 178 | C9: =SUMIF(SAP!$F:$F,'Front Dispatch'!$A:$A,SAP!$H:$H) -> 15 | D9: =C9-B9 -> -163 | Q9: 15 | BR9: 40 | BS9: 30 | BW9: 27 | BX9: 8 | CB9: 6 | CC9: 13 | CG9: 19 | CH9: 20
A10: 546854620389 | B10: =SUM(E10:FC10) -> 1407 | C10: =SUMIF(SAP!$F:$F,'Front Dispatch'!$A:$A,SAP!$H:$H) -> 891 | D10: =C10-B10 -> -516 | E10: 54 | O10: 60 | P10: 32 | Q10: 6 | T10: 20 | U10: 55 | Y10: 51 | Z10: 61 | AA10: 60 | AN10: 57 | AS10: 50 | AT10: 64 | AX10: 45 | AY10: 51 | BC10: 63 | BD10: 70 | BE10: 28 | BH10: 64 | BM10: 56 | BR10: 54 | BS10: 50 | BW10: 40 | BX10: 59 | CB10: 44 | CC10: 64 | CG10: 41 | CH10: 59 | CI10: 49
A11: Total | B11: =SUM(B5:B10) -> 2200 | C11: =SUM(C5:C10) -> 1358 | D11: =SUM(D5:D10) -> -842 | E11: =SUM(E5:E10) -> 67 | F11: =SUM(F5:F10) -> 0 | G11: =SUM(G5:G10) -> 0 | H11: =SUM(H5:H10) -> 0 | I11: =SUM(I5:I10) -> 0 | ... FC11: =SUM(FC5:FC10) -> 0

Sheet SAP
A1: Plant | B1: Movement Type | C1: Posting Date | D1: Time of Entry | E1: Material Document | F1: Material | G1: Material Description | H1: Quantity | I1: Amount in LC | J1: Storage Location | K1: Vendor | L1: User name | M1: Text | N1: Reason for Movement | O1: Cost Center | P1: Reference
A2: 1100 | B2: 101 | C2: 46205 | D2: 0.7021875 | E2: 8403264381 | F2: 546854620387 | G2: WH FRONT | H2: 13 | I2: 115246.3 | J2: KA21 | K2: Y60391 | L2: NAB860618 | M2: CMMPVKRUSHNA/04.07.2026/00:49:10 | N2: 0 | P2: 2611037242
A3: 1100 | B3: 101 | C3: 46205 | D3: 0.701875 | E3: 8403264356 | F3: 546854620389 | G3: WH FRONT | H3: 54 | I3: 494830.08 | J3: KA21 | K3: Y60391 | L3: NAB860618 | M3: CMMPVKRUSHNA/08.07.2026/15:51:44 | N3: 0 | P3: 2611037241
A4: 1100 | B4: 101 | C4: 46206 | D4: 0.86707176 | E4: 8403294585 | F4: 546854620355 | G4: WH FRONT | H4: 40 | I4: 357158 | J4: KA21 | K4: Y60391 | L4: CTPVCRDOKI01 | M4: CMMPVKRUSHNA/03.07.2026/22:34:25 | N4: 0 | P4: 2611037869
A5: 1100 | B5: 101 | C5: 46206 | D5: 0.45114583 | E5: 8403277511 | F5: 546854620387 | G5: WH FRONT | H5: 30 | I5: 265953 | J5: KA21 | K5: Y60391 | L5: CTPVCRDOKI01 | M5: CMMPVKRUSHNA/03.07.2026/11:43:36 | N5: 0 | P5: 2611037663
A6: 1100 | B6: 101 | C6: 46206 | D6: 0.86724537 | E6: 8403294586 | F6: 546854620387 | G6: WH FRONT | H6: 22 | I6: 195032.2 | J6: KA21 | K6: Y60391 | L6: CTPVCRDOKI01 | M6: CMMPVKRUSHNA/03.07.2026/22:34:18 | N6: 0 | P6: 2611037870
A7: 1100 | B7: 101 | C7: 46206 | D7: 0.45101852 | E7: 8403277510 | F7: 546854620389 | G7: WH FRONT | H7: 60 | I7: 549811.2 | J7: KA21 | K7: Y60391 | L7: CTPVCRDOKI01 | M7: CMMPVKRUSHNA/03.07.2026/11:43:27 | N7: 0 | P7: 2611037662
A8: 1100 | B8: 101 | C8: 46206 | D8: 0.86693287 | E8: 8403294584 | F8: 546854620389 | G8: WH FRONT | H8: 32 | I8: 293232.64 | J8: KA21 | K8: Y60391 | L8: CTPVCRDOKI01 | M8: CMMPVKRUSHNA/03.07.2026/22:34:32 | N8: 0 | P8: 2611037868
A9: 1100 | B9: 101 | C9: 46207 | D9: 0.24983796 | E9: 8403298606 | F9: 546854620346 | G9: WH FRONT | H9: 15 | I9: 137173.8 | J9: KA21 | K9: Y60391 | L9: CTPVCRDOKI01 | M9: CMMPVKRUSHNA/04.07.2026/09:12:31 | N9: 0 | P9: 2611038102
A10: 1100 | B10: 101 | C10: 46207 | D10: 0.24858796 | E10: 8403298577 | F10: 546854620355 | G10: WH FRONT | H10: 4 | I10: 35715.8 | J10: KA21 | K10: Y60391 | L10: CTPVCRDOKI01 | M10: CMMPVKRUSHNA/04.07.2026/09:12:52 | N10: 0 | P10: 2611038095
A11: 1100 | B11: 101 | C11: 46207 | D11: 0.71952546 | E11: 8403310986 | F11: 546854620355 | G11: WH FRONT | H11: 19 | I11: 169650.05 | J11: KA21 | K11: Y60391 | L11: NAB860618 | M11: CMMPVKRUSHNA/04.07.2026/19:04:51 | N11: 0 | P11: 2611037615
A12: 1100 | B12: 101 | C12: 46207 | D12: 0.69465278 | E12: 8403309858 | F12: 546854620355 | G12: WH FRONT | H12: 10 | I12: 89289.5 | J12: KA21 | K12: Y60391 | L12: CTPVCRDOKI02 | M12: CMMPVKRUSHNA/04.07.2026/19:45:49 | N12: 0 | P12: 2611038340
A13: 1100 | B13: 101 | C13: 46207 | D13: 0.69478009 | E13: 8403309870 | F13: 546854620387 | G13: WH FRONT | H13: 56 | I13: 496445.6 | J13: KA21 | K13: Y60391 | L13: CTPVCRDOKI02 | M13: CMMPVKRUSHNA/04.07.2026/19:45:57 | N13: 0 | P13: 2611038341
... A43: 1100 | B43: 101 | C43: 46215 | D43: 0.6368287 | E43: 8403446259 | F43: 546854620389 | G43: WH FRONT | H43: 64 | I43: 586465.28 | J43: KA21 | K43: Y60391 | L43: CTPVCRDOKI01 | M43: CMMPVKRUSHNA/12.07.2026/18:31:53 | N43: 0 | P43: 2611041751

Sheet FLOAT
A1: Paint Shop Cab Mapping on : Date - 7/18/2026 Time :-6:29 AM
A3: MARKET | B3: PRODUCT FAMILY | C3: SALES DESCRIPTION | D3: SHORT VC | E3: PACK | F3: TOTAL FLOAT | G3: PBS FLOAT | H3: PBS TO POLISHING | I3: POLISHING TO TOPCOAT | J3: TOPCOAT TO WETSANDING ROOFBLACK | K3: TOPCOAT TO WETSANDING FRESH | L3: WETSANDING TO SEALANT | M3: TOTAL UPTO SEALANT | N3: PT ENTRY TO SEALENT | O3: BIW LIFTING TO PT | P3: PT BYPASS
A4: Domestic | B4: ETURNA | C4: HARRIER.EV ADV 65 | D4: 54732427A | E4: - | F4: 17 | G4: 0 | H4: 0 | I4: 0 | J4: 0 | K4: 0 | L4: 9 | M4: 9 | N4: 6 | O4: 2 | P4: 0
C5: HARRIER.EV ADV 65WOWMU | D5: 54734527A | E5: - | F5: 6 | G5: 0 | H5: 0 | I5: 0 | J5: 0 | K5: 0 | L5: 0 | M5: 0 | N5: 5 | O5: 1 | P5: 0
C6: HARRIER.EV ADV S 65 | D6: 54731427A | E6: - | F6: 19 | G6: 0 | H6: 1 | I6: 4 | J6: 0 | K6: 0 | L6: 4 | M6: 9 | N6: 3 | O6: 7 | P6: 0
C7: HARRIER.EV ADV S 65WOWMU | D7: 54734627A | E7: - | F7: 7 | G7: 4 | H7: 1 | I7: 2 | J7: 0 | K7: 0 | L7: 0 | M7: 7 | N7: 0 | O7: 0 | P7: 0
C8: HARRIER.EV EMP 75 | D8: 54733127A | E8: - | F8: 16 | G8: 0 | H8: 0 | I8: 5 | J8: 0 | K8: 4 | L8: 7 | M8: 16 | N8: 0 | O8: 0 | P8: 0
C9: HARRIER.EV EMP 75WOWMU | D9: 54738227A | E9: - | F9: 1 | G9: 0 | H9: 1 | I9: 0 | J9: 0 | K9: 0 | L9: 0 | M9: 1 | N9: 0 | O9: 0 | P9: 0
C10: HARRIER.EV EMP AWD 75 | D10: 54734327A | E10: - | F10: 16 | G10: 5 | H10: 4 | I10: 0 | J10: 0 | K10: 0 | L10: 1 | M10: 10 | N10: 1 | O10: 5 | P10: 0
C11: HARRIER.EV EMP AWD 75WOWMU | D11: 54738427A | E11: - | F11: 2 | G11: 1 | H11: 0 | I11: 1 | J11: 0 | K11: 0 | L11: 0 | M11: 2 | N11: 0 | O11: 0 | P11: 0
C12: HARRIER.EV EMP AWD ST 75 | D12: 54734227A | E12: - | F12: 9 | G12: 0 | H12: 3 | I12: 0 | J12: 0 | K12: 0 | L12: 0 | M12: 3 | N12: 0 | O12: 6 | P12: 0
C13: HARRIER.EV EMP AWD ST 75WOWMU | D13: 54739027A | E13: - | F13: 1 | G13: 0 | H13: 1 | I13: 0 | J13: 0 | K13: 0 | L13: 0 | M13: 1 | N13: 0 | O13: 0 | P13: 0
C14: HARRIER.EV EMP ST 75 | D14: 54734027A | E14: - | F14: 1 | G14: 1 | H14: 0 | I14: 0 | J14: 0 | K14: 0 | L14: 0 | M14: 1 | N14: 0 | O14: 0 | P14: 0
C15: HARRIER.EV EMP ST 75WOWMU | D15: 54738927A | E15: - | F15: 1 | G15: 0 | H15: 1 | I15: 0 | J15: 0 | K15: 0 | L15: 0 | M15: 1 | N15: 0 | O15: 0 | P15: 0
C16: HARRIER.EV FEA+ 65 | D16: 54732027A | E16: - | F16: 8 | G16: 0 | H16: 0 | I16: 0 | J16: 0 | K16: 0 | L16: 3 | M16: 3 | N16: 5 | O16: 0 | P16: 0
... C21: HARRIER.EV FEA+ AWD 75WOWMU | D21: 54735527A | E21: FEA+ | F21: 2 | G21: 0 | H21: 0 | I21: 0 | J21: 0 | K21: 0 | L21: 0 | M21: 0 | N21: 0 | O21: 2 | P21: 0
B22: Total ETURNA | F22: 138 | G22: 14 | H22: 19 | I22: 17 | J22: 2 | K22: 10 | L22: 29 | M22: 91 | N22: 21 | O22: 26 | P22: 0
B23: GRAVITAS | C23: SAFARI6S A BS6 D ACC UL RDK | D23: 56052827A | E23: ACC UL RDK | F23: 4 | G23: 1 | H23: 0 | I23: 3 | J23: 0 | K23: 0 | L23: 0 | M23: 4 | N23: 0 | O23: 0 | P23: 0
C24: SAFARI6S A BS6 D ACC X+ | D24: 56052227A | E24: - | F24: 1 | G24: 0 | H24: 0 | I24: 0 | J24: 1 | K24: 0 | L24: 0 | M24: 1 | N24: 0 | O24: 0 | P24: 0
C25: SAFARI6S A BS6 P ACC X+ (TGDI) | D25: 54792227A | E25: - | F25: 1 | G25: 0 | H25: 0 | I25: 0 | J25: 0 | K25: 0 | L25: 0 | M25: 0 | N25: 0 | O25: 1 | P25: 0
C26: SAFARI6S M BS6 P ACC X+ (TGDI) | D26: 54792127A | E26: - | F26: 1 | G26: 0 | H26: 0 | I26: 0 | J26: 0 | K26: 1 | L26: 0 | M26: 1 | N26: 0 | O26: 0 | P26: 0
C27: SAFARI7S A BS6 D ACC UL | D27: 56059627A | E27: - | F27: 2 | G27: 0 | H27: 0 | I27: 1 | J27: 1 | K27: 0 | L27: 0 | M27: 2 | N27: 0 | O27: 0 | P27: 0
C28: SAFARI7S A BS6 D ACC UL RDK | D28: 56055027A | E28: - | F28: 2 | G28: 1 | H28: 1 | I28: 0 | J28: 0 | K28: 0 | L28: 0 | M28: 2 | N28: 0 | O28: 0 | P28: 0
C29: SAFARI7S A BS6 D ACC X | D29: 56053627A | E29: - | F29: 3 | G29: 0 | H29: 0 | I29: 0 | J29: 3 | K29: 0 | L29: 0 | M29: 3 | N29: 0 | O29: 0 | P29: 0
C30: SAFARI7S A BS6 D ACC X DK | D30: 56053827A | E30: - | F30: 1 | G30: 1 | H30: 0 | I30: 0 | J30: 0 | K30: 0 | L30: 0 | M30: 1 | N30: 0 | O30: 0 | P30: 0
C31: SAFARI7S A BS6 D ACC X+ | D31: 56051827A | E31: - | F31: 2 | G31: 0 | H31: 0 | I31: 2 | J31: 0 | K31: 0 | L31: 0 | M31: 2 | N31: 0 | O31: 0 | P31: 0
C32: SAFARI7S A BS6 D ADV X+ | D32: 56059227A | E32: - | F32: 1 | G32: 0 | H32: 0 | I32: 1 | J32: 0 | K32: 0 | L32: 0 | M32: 1 | N32: 0 | O32: 0 | P32: 0
C33: SAFARI7S A BS6 D ADV X+ DK | D33: 56059427A | E33: - | F33: 5 | G33: 0 | H33: 0 | I33: 1 | J33: 0 | K33: 3 | L33: 0 | M33: 4 | N33: 0 | O33: 1 | P33: 0
C34: SAFARI7S A BS6 D PUR X | D34: 56051427A | E34: - | F34: 2 | G34: 1 | H34: 0 | I34: 0 | J34: 0 | K34: 0 | L34: 0 | M34: 1 | N34: 0 | O34: 1 | P34: 0
C35: SAFARI7S A BS6 D PUR X DK | D35: 56051627A | E35: - | F35: 1 | G35: 0 | H35: 0 | I35: 1 | J35: 0 | K35: 0 | L35: 0 | M35: 1 | N35: 0 | O35: 0 | P35: 0
... C44: SAFARI7S M BS6 P SMT (TGDI) | D44: 54790427A | E44: SMT | F44: 7 | G44: 1 | H44: 0 | I44: 0 | J44: 0 | K44: 0 | L44: 2 | M44: 3 | N44: 1 | O44: 3 | P44: 0
B45: Total GRAVITAS | F45: 43 | G45: 7 | H45: 2 | I45: 9 | J45: 5 | K45: 5 | L45: 3 | M45: 31 | N45: 1 | O45: 11 | P45: 0
B46: HORNBILL | C46: PUNCH ACCOMP + S CNG AMT | D46: 54976724A | E46: - | F46: 3 | G46: 1 | H46: 1 | I46: 1 | J46: 0 | K46: 0 | L46: 0 | M46: 3 | N46: 0 | O46: 0 | P46: 0
C47: PUNCH ACCOMP + S PAMT | D47: 54971524A | E47: - | F47: 13 | G47: 1 | H47: 0 | I47: 0 | J47: 0 | K47: 0 | L47: 6 | M47: 7 | N47: 2 | O47: 4 | P47: 0
C48: PUNCH ACCOMP + S PMT | D48: 54971424A | E48: - | F48: 5 | G48: 0 | H48: 0 | I48: 0 | J48: 0 | K48: 0 | L48: 2 | M48: 2 | N48: 1 | O48: 2 | P48: 0
C49: PUNCH ACCOMP + S TC MT | D49: 54976524A | E49: - | F49: 2 | G49: 0 | H49: 0 | I49: 0 | J49: 0 | K49: 0 | L49: 0 | M49: 0 | N49: 0 | O49: 2 | P49: 0
C50: PUNCH ACCOMP CNG MT | D50: 54971124A | E50: - | F50: 2 | G50: 0 | H50: 1 | I50: 0 | J50: 0 | K50: 0 | L50: 1 | M50: 2 | N50: 0 | O50: 0 | P50: 0
C51: PUNCH ACCOMP PAMT | D51: 54971024A | E51: - | F51: 4 | G51: 1 | H51: 0 | I51: 0 | J51: 0 | K51: 0 | L51: 0 | M51: 1 | N51: 0 | O51: 3 | P51: 0
C52: PUNCH ACCOMP PMT | D52: 54970924A | E52: - | F52: 2 | G52: 0 | H52: 0 | I52: 0 | J52: 0 | K52: 0 | L52: 0 | M52: 0 | N52: 0 | O52: 2 | P52: 0
C53: PUNCH ADVT CNG AMT | D53: 54975024A | E53: - | F53: 20 | G53: 1 | H53: 1 | I53: 0 | J53: 0 | K53: 0 | L53: 1 | M53: 3 | N53: 3 | O53: 14 | P53: 0
C54: PUNCH ADVT CNG MT | D54: 54974024A | E54: - | F54: 4 | G54: 0 | H54: 1 | I54: 0 | J54: 0 | K54: 0 | L54: 0 | M54: 1 | N54: 0 | O54: 3 | P54: 0
C55: PUNCH ADVT PAMT | D55: 54973924A | E55: - | F55: 16 | G55: 0 | H55: 0 | I55: 0 | J55: 0 | K55: 0 | L55: 0 | M55: 0 | N55: 8 | O55: 8 | P55: 0
C56: PUNCH ADVT PMT | D56: 54973824A | E56: - | F56: 17 | G56: 1 | H56: 1 | I56: 3 | J56: 0 | K56: 2 | L56: 3 | M56: 10 | N56: 1 | O56: 6 | P56: 0
C57: PUNCH ADVT S CNG AMT | D57: 54975824A | E57: - | F57: 13 | G57: 1 | H57: 1 | I57: 0 | J57: 0 | K57: 1 | L57: 2 | M57: 5 | N57: 2 | O57: 6 | P57: 0
C58: PUNCH ADVT S CNG MT | D58: 54974624A | E58: - | F58: 34 | G58: 1 | H58: 3 | I58: 0 | J58: 0 | K58: 0 | L58: 10 | M58: 14 | N58: 1 | O58: 19 | P58: 0
... C71: PUNCH SMART PMT | D71: 54971724A | E71: - | F71: 78 | G71: 1 | H71: 4 | I71: 9 | J71: 0 | K71: 6 | L71: 8 | M71: 28 | N71: 13 | O71: 37 | P71: 0
B72: Total HORNBILL | F72: 565 | G72: 28 | H72: 30 | I72: 51 | J72: 0 | K72: 31 | L72: 70 | M72: 210 | N72: 101 | O72: 254 | P72: 0
B73: NOVA | C73: PUNCH.EV ADV 40 | D73: 54686324A | E73: MCE LR | F73: 52 | G73: 2 | H73: 2 | I73: 8 | J73: 0 | K73: 5 | L73: 11 | M73: 28 | N73: 13 | O73: 11 | P73: 0
C74: PUNCH.EV EMP 40 | D74: 54686724A | E74: MCE LR | F74: 4 | G74: 1 | H74: 1 | I74: 0 | J74: 0 | K74: 0 | L74: 0 | M74: 2 | N74: 1 | O74: 1 | P74: 0
C75: PUNCH.EV EMP+ S 40 | D75: 54686824A | E75: MCE LR | F75: 115 | G75: 24 | H75: 5 | I75: 14 | J75: 1 | K75: 5 | L75: 24 | M75: 73 | N75: 16 | O75: 26 | P75: 0
C76: PUNCH.EV SMT+ 40 | D76: 54686224A | E76: MCE LR | F76: 10 | G76: 3 | H76: 1 | I76: 0 | J76: 0 | K76: 1 | L76: 1 | M76: 6 | N76: 0 | O76: 4 | P76: 0
B77: Total NOVA | F77: 181 | G77: 30 | H77: 9 | I77: 22 | J77: 1 | K77: 11 | L77: 36 | M77: 109 | N77: 30 | O77: 42 | P77: 0
B78: Q5 | C78: HARRIER A BS6 D ADV X DK | D78: 56044427A | E78: - | F78: 4 | G78: 0 | H78: 1 | I78: 3 | J78: 0 | K78: 0 | L78: 0 | M78: 4 | N78: 0 | O78: 0 | P78: 0
C79: HARRIER A BS6 D ADV X+ | D79: 56049227A | E79: - | F79: 1 | G79: 1 | H79: 0 | I79: 0 | J79: 0 | K79: 0 | L79: 0 | M79: 1 | N79: 0 | O79: 0 | P79: 0
C80: HARRIER A BS6 D ADV X+ DK | D80: 56049427A | E80: - | F80: 4 | G80: 2 | H80: 1 | I80: 0 | J80: 0 | K80: 0 | L80: 0 | M80: 3 | N80: 0 | O80: 1 | P80: 0
C81: HARRIER A BS6 D FRL UL | D81: 56049627A | E81: - | F81: 2 | G81: 0 | H81: 2 | I81: 0 | J81: 0 | K81: 0 | L81: 0 | M81: 2 | N81: 0 | O81: 0 | P81: 0
C82: HARRIER A BS6 D FRLR X+ | D82: 56049027A | E82: - | F82: 1 | G82: 1 | H82: 0 | I82: 0 | J82: 0 | K82: 0 | L82: 0 | M82: 1 | N82: 0 | O82: 0 | P82: 0
C83: HARRIER A BS6 D PUR X DK | D83: 56041627A | E83: - | F83: 1 | G83: 0 | H83: 0 | I83: 0 | J83: 0 | K83: 1 | L83: 0 | M83: 1 | N83: 0 | O83: 0 | P83: 0
C84: HARRIER A BS6 P ADV X (TGDI) | D84: 54784227A | E84: ADV X | F84: 1 | G84: 0 | H84: 0 | I84: 0 | J84: 0 | K84: 0 | L84: 0 | M84: 0 | N84: 0 | O84: 1 | P84: 0
C85: HARRIER A BS6 P ADV X DK (TGDI) | D85: 54784427A | E85: ADV X DK | F85: 1 | G85: 0 | H85: 0 | I85: 0 | J85: 0 | K85: 0 | L85: 0 | M85: 0 | N85: 0 | O85: 1 | P85: 0
C86: HARRIER A BS6 P FRLR X+ (TGDI) | D86: 54789027A | E86: FRL X+ | F86: 2 | G86: 1 | H86: 0 | I86: 0 | J86: 0 | K86: 0 | L86: 0 | M86: 1 | N86: 0 | O86: 1 | P86: 0
C87: HARRIER M BS6 D ADV X | D87: 56044127A | E87: - | F87: 1 | G87: 0 | H87: 0 | I87: 0 | J87: 0 | K87: 1 | L87: 0 | M87: 1 | N87: 0 | O87: 0 | P87: 0
C88: HARRIER M BS6 D ADV X+ | D88: 56049127A | E88: - | F88: 1 | G88: 0 | H88: 0 | I88: 1 | J88: 0 | K88: 0 | L88: 0 | M88: 1 | N88: 0 | O88: 0 | P88: 0
C89: HARRIER M BS6 D PUR X | D89: 56041327A | E89: - | F89: 1 | G89: 0 | H89: 0 | I89: 0 | J89: 0 | K89: 0 | L89: 0 | M89: 0 | N89: 0 | O89: 1 | P89: 0
C90: HARRIER M BS6 D PUR X DK | D90: 56041527A | E90: - | F90: 4 | G90: 0 | H90: 0 | I90: 2 | J90: 0 | K90: 2 | L90: 0 | M90: 4 | N90: 0 | O90: 0 | P90: 0
... C93: HARRIER M BS6 P SMT (TGDI) | D93: 54780427A | E93: SMT | F93: 5 | G93: 0 | H93: 0 | I93: 0 | J93: 0 | K93: 0 | L93: 1 | M93: 1 | N93: 1 | O93: 3 | P93: 0
B94: Total Q5 | F94: 31 | G94: 7 | H94: 4 | I94: 6 | J94: 0 | K94: 4 | L94: 1 | M94: 22 | N94: 1 | O94: 8 | P94: 0
B95: TAYRONA | C95: SAFARI.EV7S EMP AWD 75 ACFC | D95: 54831927A | E95: - | F95: 2 | G95: 1 | H95: 0 | I95: 0 | J95: 0 | K95: 0 | L95: 0 | M95: 1 | N95: 1 | O95: 0 | P95: 0
B96: Total TAYRONA | F96: 2 | G96: 1 | H96: 0 | I96: 0 | J96: 0 | K96: 0 | L96: 0 | M96: 1 | N96: 1 | O96: 0 | P96: 0
C97: Grand Total | F97: 960 | G97: 87 | H97: 64 | I97: 105 | J97: 8 | K97: 61 | L97: 139 | M97: 464 | N97: 155 | O97: 341 | P97: 0
D98: ENGINE TYPE | F98: TOTAL FLOAT | G98: PBS FLOAT | H98: PBS TO POLISHING | I98: POLISHING TO TOPCOAT | J98: TOPCOAT TO WETSANDING ROOFBLACK | K98: TOPCOAT TO WETSANDING FRESH | L98: WETSANDING TO SEALANT | M98: TOTAL UPTO SEALANT | N98: PT ENTRY TO SEALENT | O98: BIW LIFTING TO PT
D99: - | F99: 2 | G99: 1 | H99: 0 | I99: 0 | J99: 0 | K99: 0 | L99: 0 | M99: 1 | N99: 1 | O99: 0
D100: 1.2 NGNA | F100: 238 | G100: 14 | H100: 16 | I100: 24 | J100: 0 | K100: 18 | L100: 26 | M100: 98 | N100: 44 | O100: 96
D101: 1.2 NGNA AMT | F101: 46 | G101: 2 | H101: 0 | I101: 4 | J101: 0 | K101: 2 | L101: 4 | M101: 12 | N101: 14 | O101: 20
D102: 1.2 NGNA CNG | F102: 278 | G102: 12 | H102: 14 | I102: 23 | J102: 0 | K102: 11 | L102: 40 | M102: 100 | N102: 43 | O102: 135
D103: 1.2NGTC | F103: 3 | G103: 0 | H103: 0 | I103: 0 | J103: 0 | K103: 0 | L103: 0 | M103: 0 | N103: 0 | O103: 3
D104: Eturna 4X2 | F104: 107 | G104: 8 | H104: 11 | I104: 16 | J104: 2 | K104: 10 | L104: 28 | M104: 75 | N104: 20 | O104: 12
D105: Eturna 4X4 | F105: 31 | G105: 6 | H105: 8 | I105: 1 | J105: 0 | K105: 0 | L105: 1 | M105: 16 | N105: 1 | O105: 14
D106: FAMB 170PS AT | F106: 37 | G106: 8 | H106: 5 | I106: 12 | J106: 5 | K106: 4 | L106: 0 | M106: 34 | N106: 0 | O106: 3
D107: FAMB 170PS MT | F107: 11 | G107: 0 | H107: 1 | I107: 3 | J107: 0 | K107: 4 | L107: 1 | M107: 9 | N107: 0 | O107: 2
D108: MCE EV LR | F108: 181 | G108: 30 | H108: 9 | I108: 22 | J108: 1 | K108: 11 | L108: 36 | M108: 109 | N108: 30 | O108: 42
D109: TGDi AT | F109: 10 | G109: 2 | H109: 0 | I109: 0 | J109: 0 | K109: 0 | L109: 0 | M109: 2 | N109: 0 | O109: 8
D110: TGDi MT | F110: 16 | G110: 4 | H110: 0 | I110: 0 | J110: 0 | K110: 1 | L110: 3 | M110: 8 | N110: 2 | O110: 6
D111: TOTAL | F111: 960 | G111: 87 | H111: 64 | I111: 105 | J111: 8 | K111: 61 | L111: 139 | M111: 464 | N111: 155 | O111: 341
D112: MODEL TYPE | F112: TOTAL FLOAT | G112: PBS FLOAT | H112: PBS TO POLISHING | I112: POLISHING TO TOPCOAT | J112: TOPCOAT TO WETSANDING ROOFBLACK | K112: TOPCOAT TO WETSANDING FRESH | L112: WETSANDING TO SEALANT | M112: TOTAL UPTO SEALANT | N112: PT ENTRY TO SEALENT | O112: BIW LIFTING TO PT
D113: ABS MODEL | F113: TOTAL ABS FLOAT | G113: PBS FLOAT | H113: PBS TO POLISHING | I113: POLISHING TO TOPCOAT | J113: TOPCOAT TO WETSANDING ROOFBLACK | K113: TOPCOAT TO WETSANDING FRESH | L113: WETSANDING TO SEALANT | M113: TOTAL UPTO SEALANT | N113: PT ENTRY TO SEALENT | O113: BIW LIFTING TO PT

Sheet Consumption MTD
A1: MODEL | B1: VEHICLE CODE | C1: TOTAL
A2: 867047 | B2: 54976724A | C2: 178 | E2: =VLOOKUP($B2,'Cockpit sheet'!$B:$B,1) -> 54683124A
A3: 634160 | B3: 54971524A | C3: 160 | E3: =VLOOKUP($B3,'Cockpit sheet'!$B:$B,1) -> 54683124A
A4: 634159 | B4: 54971424A | C4: 87 | E4: =VLOOKUP($B4,'Cockpit sheet'!$B:$B,1) -> 54683124A
A5: 634190 | B5: 54976524A | C5: 8 | E5: =VLOOKUP($B5,'Cockpit sheet'!$B:$B,1) -> 54683124A
A6: 867024 | B6: 54971124A | C6: 111 | E6: =VLOOKUP($B6,'Cockpit sheet'!$B:$B,1) -> 54683124A
A7: 634158 | B7: 54971024A | C7: 100 | E7: =VLOOKUP($B7,'Cockpit sheet'!$B:$B,1) -> 54683124A
A8: 634157 | B8: 54970924A | C8: 93 | E8: =VLOOKUP($B8,'Cockpit sheet'!$B:$B,1) -> 54683124A
A9: 867039 | B9: 54975024A | C9: 275 | E9: =VLOOKUP($B9,'Cockpit sheet'!$B:$B,1) -> 54683124A
A10: 867032 | B10: 54974024A | C10: 336 | E10: =VLOOKUP($B10,'Cockpit sheet'!$B:$B,1) -> 54683124A
A11: 634173 | B11: 54973924A | C11: 272 | E11: =VLOOKUP($B11,'Cockpit sheet'!$B:$B,1) -> 54683124A
A12: 634174 | B12: 54973824A | C12: 430 | E12: =VLOOKUP($B12,'Cockpit sheet'!$B:$B,1) -> 54683124A
A13: 867041 | B13: 54975824A | C13: 163 | E13: =VLOOKUP($B13,'Cockpit sheet'!$B:$B,1) -> 54683124A
... A31: 833054 | B31: 54686224A | C31: 300 | E31: =VLOOKUP($B31,'Cockpit sheet'!$B:$B,1) -> 54683124A
C32: 10952 | E32: =VLOOKUP($B32,'Cockpit sheet'!$B:$B,1) -> #N/A
E33: =VLOOKUP($B33,'Cockpit sheet'!$B:$B,1) -> #N/A
E34: =VLOOKUP($B34,'Cockpit sheet'!$B:$B,1) -> #N/A
E35: =VLOOKUP($B35,'Cockpit sheet'!$B:$B,1) -> #N/A
E36: =VLOOKUP($B36,'Cockpit sheet'!$B:$B,1) -> #N/A

Sheet 3 D P
B1: TCF 1 Vin Generation _Plan Altroz & Punch
B2: Model | C2: Engine Type | D2: Engine Part No | E2: VC | J2: =TODAY() -> 46221 | K2: =TODAY()+1 -> 46222 | L2: =TODAY()+2 -> 46223
J3: Day 1 | K3: Day 2 | L3: Day 3 | M3: Paint float
B4: ALTROZ XE+1.5RTQ MT BS6PH2 | C4: DIESEL | D4: 54420000PTD003 | E4: 54970424A | J4: 0 | K4: 0 | L4: 0 | M4: =SUMIF(FLOAT!D:D,'3 D P'!E4:E73,FLOAT!F:F) -> 0
B5: ALTROZ XT1.5RTQ MT BS6PH2 | C5: DIESEL | D5: 54420000PTD003 | E5: 54970624A | J5: 0 | K5: 0 | L5: 0 | M5: =SUMIF(FLOAT!D:D,'3 D P'!E5:E73,FLOAT!F:F) -> 0
B6: ALTROZ XM+1.5RTQ MT BS6PH2 | C6: DIESEL | D6: 54420000PTD003 | E6: 54970924A | J6: 5 | K6: 0 | L6: 1 | M6: =SUMIF(FLOAT!D:D,'3 D P'!E6:E73,FLOAT!F:F) -> 2
B7: ALTROZ XZ1.5RTQ MT BS6PH2 | C7: DIESEL | D7: 54420000PTD003 | E7: 54971024A | J7: 18 | K7: 30 | L7: 5 | M7: =SUMIF(FLOAT!D:D,'3 D P'!E7:E73,FLOAT!F:F) -> 4
B8: ALTROZ XZ+S LUX D 1.5RTQ6AB | C8: DIESEL | D8: 54420000PTD003 | E8: 54971124A | J8: 10 | K8: 24 | L8: 1 | M8: =SUMIF(FLOAT!D:D,'3 D P'!E8:E73,FLOAT!F:F) -> 2
B9: ALTROZ XZ+S LUX 1.5 RTQ 6AB | C9: DIESEL | D9: 54420000PTD003 | E9: 54971224A | J9: 0 | K9: 0 | L9: 0 | M9: =SUMIF(FLOAT!D:D,'3 D P'!E9:E73,FLOAT!F:F) -> 0
B10: ALTROZ XZ LUX 1.5 RTQ | C10: DIESEL | D10: 54420000PTD003 | E10: 54971324A | J10: 0 | K10: 0 | L10: 0 | M10: =SUMIF(FLOAT!D:D,'3 D P'!E10:E73,FLOAT!F:F) -> 0
B11: ALTROZ XZ+1.5RTQ MT BS6PH2 | C11: DIESEL | D11: 54420000PTD003 | E11: 54971424A | J11: 13 | K11: 0 | L11: 16 | M11: =SUMIF(FLOAT!D:D,'3 D P'!E11:E73,FLOAT!F:F) -> 5
B12: ALTROZ XZ+S 1.5RTQ BS6PH2 | C12: DIESEL | D12: 54420000PTD003 | E12: 54971524A | J12: 36 | K12: 15 | L12: 21 | M12: =SUMIF(FLOAT!D:D,'3 D P'!E12:E73,FLOAT!F:F) -> 13
B13: ALTROZ XM+S 1.5RTQ BS6PH2 | C13: DIESEL | D13: 54420000PTD003 | E13: 54971724A | J13: 178 | K13: 144 | L13: 0 | M13: =SUMIF(FLOAT!D:D,'3 D P'!E13:E73,FLOAT!F:F) -> 78
B14: ALTROZ XZ+S DRK1.5RTQ BS6PH2 | C14: DIESEL | D14: 54420000PTD003 | E14: 54971824A | J14: 1 | K14: 0 | L14: 0 | M14: =SUMIF(FLOAT!D:D,'3 D P'!E14:E73,FLOAT!F:F) -> 59
B15: ALTROZ XZ+1.5RTQ MT DARK BS6PH2 | C15: DIESEL | D15: 54420000PTD003 | E15: 54972124A | J15: 3 | K15: 0 | L15: 0 | M15: =SUMIF(FLOAT!D:D,'3 D P'!E15:E73,FLOAT!F:F) -> 13
B16: ALTROZ XT1.5 RTQ MT DRK BS6PH2 | C16: DIESEL | D16: 54420000PTD003 | E16: 54972224A | J16: 1 | K16: 0 | L16: 0 | M16: =SUMIF(FLOAT!D:D,'3 D P'!E16:E73,FLOAT!F:F) -> 23
B17: Altroz Diesel | E17: 54972624A | J17: 97 | K17: 112 | L17: 225 | M17: =SUMIF(FLOAT!D:D,'3 D P'!E17:E73,FLOAT!F:F) -> 66
B18: ALTROZ XE 1.2P BS6PH2 | C18: PETROL | D18: 54420000PTP020 | E18: 54972724A | J18: 13 | K18: 40 | L18: 11 | M18: =SUMIF(FLOAT!D:D,'3 D P'!E18:E73,FLOAT!F:F) -> 23
B19: ALTROZ XT1.2P MT BS6PH2 | C19: PETROL | D19: 54420000PTP020 | E19: 54972824A | J19: 132 | K19: 234 | L19: 277 | M19: =SUMIF(FLOAT!D:D,'3 D P'!E19:E73,FLOAT!F:F) -> 97
B20: ALTROZ XZ1.2P MT BS6PH2 | C20: PETROL | D20: 54420000PTP020 | E20: 54973224A | J20: 29 | K20: 10 | L20: 21 | M20: =SUMIF(FLOAT!D:D,'3 D P'!E20:E73,FLOAT!F:F) -> 27
B21: ALTROZ XZ1.2P TC MT BS6PH2 | C21: PETROL | D21: 54420000PTP024 | E21: 54973324A | J21: 1 | K21: 0 | L21: 0 | M21: =SUMIF(FLOAT!D:D,'3 D P'!E21:E73,FLOAT!F:F) -> 7
B22: ALTROZ XZ+OS 1.2P BS6PH2 | C22: PETROL | D22: 54420000PTP020 | E22: 54973424A | J22: 28 | K22: 5 | L22: 36 | M22: =SUMIF(FLOAT!D:D,'3 D P'!E22:E73,FLOAT!F:F) -> 12
B23: ALTROZ XZ LUX 1.2P | C23: PETROL | D23: 54420000PTP020 | E23: 54973824A | J23: 14 | K23: 34 | L23: 46 | M23: =SUMIF(FLOAT!D:D,'3 D P'!E23:E73,FLOAT!F:F) -> 17
B24: ALTROZ XM+1.2P MT BS6PH2 | C24: PETROL | D24: 54420000PTP020 | E24: 54973924A | J24: 15 | K24: 30 | L24: 67 | M24: =SUMIF(FLOAT!D:D,'3 D P'!E24:E73,FLOAT!F:F) -> 16
B25: ALTROZ DCA XZ1.2P BS6PH2 | C25: PETROL | D25: 54420000PTP025 | E25: 54974024A | J25: 32 | K25: 19 | L25: 6 | M25: =SUMIF(FLOAT!D:D,'3 D P'!E25:E73,FLOAT!F:F) -> 4
B26: ALTROZ XE1.2P MT BS6PH2 | C26: PETROL | D26: 54420000PTP020 | E26: 54974424A | J26: 2 | K26: 0 | L26: 0 | M26: =SUMIF(FLOAT!D:D,'3 D P'!E26:E73,FLOAT!F:F) -> 13
B27: ALTROZ XE+1.2P MT BS6PH2 | C27: PETROL | D27: 54420000PTP020 | E27: 54974624A | J27: 27 | K27: 17 | L27: 1 | M27: =SUMIF(FLOAT!D:D,'3 D P'!E27:E73,FLOAT!F:F) -> 34
B28: ALTROZ XZ+S 1.2P BS6PH2 | C28: PETROL | D28: 54420000PTP020 | E28: 54974824A | J28: 28 | K28: 0 | L28: 0 | M28: =SUMIF(FLOAT!D:D,'3 D P'!E28:E73,FLOAT!F:F) -> 11
B29: ALTROZ DCA XZ+S DRK1.2PBS6PH2 | C29: PETROL | D29: 54420000PTP025 | E29: 54975024A | J29: 42 | K29: 0 | L29: 0 | M29: =SUMIF(FLOAT!D:D,'3 D P'!E29:E73,FLOAT!F:F) -> 20
B30: ALTROZ DCA XZ+OS 1.2PBS6PH2 | C30: PETROL | D30: 54420000PTP025 | E30: 54975424A | J30: 0 | K30: 0 | L30: 0 | M30: =SUMIF(FLOAT!D:D,'3 D P'!E30:E73,FLOAT!F:F) -> 0
B31: ALTROZ XZ LUX DCA 1.2P | C31: PETROL | D31: 54420000PTP025 | E31: 54975824A | J31: 3 | K31: 0 | L31: 0 | M31: =SUMIF(FLOAT!D:D,'3 D P'!E31:E73,FLOAT!F:F) -> 13
B32: ALTROZ XZ+S DRK 1.2P TCBS6PH2 | C32: PETROL | D32: 54420000PTP024 | E32: 54975924A | J32: 0 | K32: 0 | L32: 0 | M32: =SUMIF(FLOAT!D:D,'3 D P'!E32:E73,FLOAT!F:F) -> 0
B33: ALTROZ DCA XZ+S 1.2P BS6PH2 | C33: PETROL | D33: 54420000PTP025 | E33: 54977124A | J33: 0 | K33: 0 | L33: 0 | M33: =SUMIF(FLOAT!D:D,'3 D P'!E33:E73,FLOAT!F:F) -> 0
B34: ALTROZ XZ+S LUX 1.2P 6AB | C34: PETROL | D34: 54420000PTP020 | E34: 54976924A | J34: 0 | K34: 0 | L34: 0 | M34: =SUMIF(FLOAT!D:D,'3 D P'!E34:E73,FLOAT!F:F) -> 0
B35: ALTROZ XZ+S LUX DCA1.2P 6AB | C35: PETROL | D35: 54420000PTP025 | E35: 54977024A | J35: 0 | K35: 0 | L35: 0 | M35: =SUMIF(FLOAT!D:D,'3 D P'!E35:E73,FLOAT!F:F) -> 0
B36: ALTROZ DCA XZ+OS 1.2P 6AB | C36: PETROL | D36: 54420000PTP025 | E36: 54976024A | J36: 0 | K36: 0 | L36: 0 | M36: =SUMIF(FLOAT!D:D,'3 D P'!E36:E73,FLOAT!F:F) -> 0
B37: ALTROZ XZ+SLUXD DCA1.2P6AB | C37: PETROL | D37: 54420000PTP025 | E37: 54976124A | J37: 0 | K37: 0 | L37: 0 | M37: =SUMIF(FLOAT!D:D,'3 D P'!E37:E73,FLOAT!F:F) -> 0
B38: ALTROZ XZ+S DRK 1.2P BS6PH2 | C38: PETROL | D38: 54420000PTP020 | E38: 54976224A | J38: 1 | K38: 0 | L38: 1 | M38: =SUMIF(FLOAT!D:D,'3 D P'!E38:E73,FLOAT!F:F) -> 1
B39: ALTROZ DCA XM+S 1.2P BS6PH2 | C39: PETROL | D39: 54420000PTP025 | E39: 54976524A | J39: 1 | K39: 0 | L39: 0 | M39: =SUMIF(FLOAT!D:D,'3 D P'!E39:E73,FLOAT!F:F) -> 2
B40: ALTROZ XM 1.2P BS6 PH2 | C40: PETROL | D40: 54420000PTP020 | E40: 54976724A | J40: 10 | K40: 21 | L40: 0 | M40: =SUMIF(FLOAT!D:D,'3 D P'!E40:E73,FLOAT!F:F) -> 3
B41: ALTROZ XM + 1.2P BS6 PH2 | C41: PETROL | D41: 54420000PTP020 | J41: 740 | K41: 735 | L41: 735 | M41: =SUMIF(FLOAT!D:D,'3 D P'!E41:E73,FLOAT!F:F) -> 0
B42: ALTROZ XM+S 1.2P BS6PH2 | C42: PETROL | D42: 54420000PTP020 | E42: 54686824A | J42: 78 | K42: 37 | L42: 115 | M42: =SUMIF(FLOAT!D:D,'3 D P'!E42:E73,FLOAT!F:F) -> 115
B43: ALTROZ XZ+S LUX D 1.2P 6AB | C43: PETROL | D43: 54420000PTP020 | E43: 54684124A | J43: 0 | K43: 0 | L43: 0 | M43: =SUMIF(FLOAT!D:D,'3 D P'!E43:E73,FLOAT!F:F) -> 0
B44: ALTROZ XM S 1.2P BS6 PH2 | C44: PETROL | D44: 54420000PTP020 | E44: 54684224A | J44: 0 | K44: 0 | L44: 0 | M44: =SUMIF(FLOAT!D:D,'3 D P'!E44:E73,FLOAT!F:F) -> 0
B45: ALTROZ XT 1.2P BS6PH2 | C45: PETROL | D45: 54420000PTP020 | E45: 54686224A | J45: 1 | K45: 51 | L45: 49 | M45: =SUMIF(FLOAT!D:D,'3 D P'!E45:E73,FLOAT!F:F) -> 10
B46: ALTROZ XM+S 1.2P BS6PH2 | C46: PETROL | D46: 54420000PTP020 | E46: 54686324A | J46: 81 | K46: 77 | L46: 1 | M46: =SUMIF(FLOAT!D:D,'3 D P'!E46:E73,FLOAT!F:F) -> 52
B47: ALTROZ DCA XM+1.2P BS6PH2 | C47: PETROL | D47: 54420000PTP025 | E47: 54686724A | J47: 0 | K47: 0 | L47: 0 | M47: =SUMIF(FLOAT!D:D,'3 D P'!E47:E73,FLOAT!F:F) -> 4
B48: ALTROZ XZ+S 1.2P TC BS6PH2 | C48: PETROL | D48: 54420000PTP024 | E48: 54684224A | J48: 0 | K48: 0 | L48: 0 | M48: =SUMIF(FLOAT!D:D,'3 D P'!E48:E73,FLOAT!F:F) -> 0
B49: ALTROZ RACER R3 1.2P TC 6AB | C49: PETROL | D49: 54420000PTP021 | E49: 54686224A | J49: 2 | K49: 0 | L49: 0 | M49: =SUMIF(FLOAT!D:D,'3 D P'!E49:E73,FLOAT!F:F) -> 10
B50: ALTROZ RACER R2 1.2P TC 6AB | C50: PETROL | D50: 54420000PTP021 | E50: 54680724A | J50: 0 | K50: 0 | L50: 0 | M50: =SUMIF(FLOAT!D:D,'3 D P'!E50:E73,FLOAT!F:F) -> 0
B51: ALTROZ RACER R1 1.2P TC 6AB | C51: PETROL | D51: 54420000PTP021 | E51: 54680824A | J51: 0 | K51: 0 | L51: 0 | M51: =SUMIF(FLOAT!D:D,'3 D P'!E51:E73,FLOAT!F:F) -> 0
B52: ALTROZ XZ+OS 1.2P 6AB | C52: PETROL | D52: 54420000PTP020 | E52: 54680924A | J52: 0 | K52: 0 | L52: 0 | M52: =SUMIF(FLOAT!D:D,'3 D P'!E52:E73,FLOAT!F:F) -> 0
B53: ALTROZ DCA XT1.2P BS6PH2 | C53: PETROL | D53: 54420000PTP025 | E53: 54681024A | J53: 0 | K53: 0 | L53: 0 | M53: =SUMIF(FLOAT!D:D,'3 D P'!E53:E73,FLOAT!F:F) -> 0
B54: ALTROZ DCA XT1.2P DRK BS6PH2 | C54: PETROL | D54: 54420000PTP025 | E54: 54681124A | J54: 0 | K54: 0 | L54: 0 | M54: =SUMIF(FLOAT!D:D,'3 D P'!E54:E73,FLOAT!F:F) -> 0
B55: ALTROZ XZ1.2P TC MT BS6PH2 | C55: PETROL | D55: 54420000PTP024 | E55: 54681224A | J55: 0 | K55: 0 | L55: 0 | M55: =SUMIF(FLOAT!D:D,'3 D P'!E55:E73,FLOAT!F:F) -> 0
B56: ALTROZ DCA XZ+1.2P DRK BS6PH2 | C56: PETROL | D56: 54420000PTP025 | E56: 54681324A | J56: 0 | K56: 0 | L56: 0 | M56: =SUMIF(FLOAT!D:D,'3 D P'!E56:E73,FLOAT!F:F) -> 0
B57: ALTROZ XT1.2P MT DRK BS6PH2 | C57: PETROL | D57: 54420000PTP020 | E57: 54681524A | J57: 0 | K57: 0 | L57: 0 | M57: =SUMIF(FLOAT!D:D,'3 D P'!E57:E73,FLOAT!F:F) -> 0
B58: ALTROZ XT1.2P TC MT DRK BS6PH2 | C58: PETROL | D58: 54420000PTP024 | E58: 54681624A | J58: 0 | K58: 0 | L58: 0 | M58: =SUMIF(FLOAT!D:D,'3 D P'!E58:E73,FLOAT!F:F) -> 0
B59: ALTROZ XM+S 1.2P TC BS6PH2 | C59: Petrol | D59: 54420000PTP024 | E59: 54686324A | J59: 93 | K59: 81 | L59: 97 | M59: =SUMIF(FLOAT!D:D,'3 D P'!E59:E73,FLOAT!F:F) -> 52
B60: ALTROZ DCA XZ+1.2P BS6PH2 | C60: PETROL | D60: 54420000PTP025 | E60: 54686724A | J60: 7 | K60: 19 | L60: 3 | M60: =SUMIF(FLOAT!D:D,'3 D P'!E60:E73,FLOAT!F:F) -> 4
B61: ALTROZ XT1.2P TC MT BS6PH2 | C61: PETROL | D61: 54420000PTP024 | E61: 54681724A | J61: 0 | K61: 0 | L61: 0 | M61: =SUMIF(FLOAT!D:D,'3 D P'!E61:E73,FLOAT!F:F) -> 0
B62: ALTROZ XZ+OS 1.2P TC BS6PH2 | C62: PETROL | D62: 54420000PTP024 | E62: 54681824A | J62: 0 | K62: 0 | L62: 0 | M62: =SUMIF(FLOAT!D:D,'3 D P'!E62:E73,FLOAT!F:F) -> 0
B63: Altroz Petrol | C63: 0 | D63: 0 | E63: 54682124A | J63: 0 | K63: 0 | L63: 0 | M63: =SUMIF(FLOAT!D:D,'3 D P'!E63:E73,FLOAT!F:F) -> 0
B64: ALTROZ XZ+OS 1.2 CNG BS6PH2 | C64: CNG | D64: 54420000PTP028 | E64: 54682224A | J64: 0 | K64: 0 | L64: 0 | M64: =SUMIF(FLOAT!D:D,'3 D P'!E64:E73,FLOAT!F:F) -> 0
B65: ALTROZ XZ+S LUX 1.2 CNG 6AB | C65: CNG | D65: 54420000PTP028 | E65: 54682324A | J65: 0 | K65: 0 | L65: 0 | M65: =SUMIF(FLOAT!D:D,'3 D P'!E65:E73,FLOAT!F:F) -> 0
B66: ALTROZ XZ+OS 1.2 CNG 6AB | C66: CNG | D66: 54420000PTP028 | E66: 54682424A | J66: 0 | K66: 0 | L66: 0 | M66: =SUMIF(FLOAT!D:D,'3 D P'!E66:E73,FLOAT!F:F) -> 0
B67: ALTROZ XZ LUX 1.2 CNG | C67: CNG | D67: 54420000PTP028 | E67: 54682524A | J67: 0 | K67: 0 | L67: 0 | M67: =SUMIF(FLOAT!D:D,'3 D P'!E67:E73,FLOAT!F:F) -> 0
B68: ALTROZ XE 1.2 CNG BS6PH2 | C68: CNG | D68: 54420000PTP028 | E68: 54682624A | J68: 0 | K68: 0 | L68: 0 | M68: =SUMIF(FLOAT!D:D,'3 D P'!E68:E73,FLOAT!F:F) -> 0
B69: ALTROZ XM+1.2 CNG BS6PH2 | C69: CNG | D69: 54420000PTP028 | E69: 54682724A | J69: 0 | K69: 0 | L69: 0 | M69: =SUMIF(FLOAT!D:D,'3 D P'!E69:E73,FLOAT!F:F) -> 0
B70: ALTROZ XZ 1.2 CNG BS6PH2 | C70: CNG | D70: 54420000PTP028 | E70: 54682824A | J70: 0 | K70: 0 | L70: 0 | M70: =SUMIF(FLOAT!D:D,'3 D P'!E70:E73,FLOAT!F:F) -> 0
B71: ALTROZ XZ+ S1.2 CNG BS6PH2 | C71: CNG | D71: 54420000PTP028 | E71: 54682924A | J71: 0 | K71: 0 | L71: 0 | M71: =SUMIF(FLOAT!D:D,'3 D P'!E71:E73,FLOAT!F:F) -> 0
B72: ALTROZ XM+S1.2 CNG BS6PH2 | C72: CNG | D72: 54420000PTP028 | E72: 54683024A | J72: 0 | K72: 0 | L72: 0 | M72: =SUMIF(FLOAT!D:D,'3 D P'!E72:E73,FLOAT!F:F) -> 0
B73: Altroz CNG | D73: 0 | E73: 54683124A | J73: 0 | K73: 0 | L73: 0 | M73: =SUMIF(FLOAT!D:D,'3 D P'!E73:E73,FLOAT!F:F) -> 0
E74: 54683224A | J74: 0 | K74: 0 | L74: 0
E75: 54683324A | J75: 0 | K75: 0 | L75: 0
E76: 54683424A | J76: 0 | K76: 0 | L76: 0
E77: 54683524A | J77: 0 | K77: 0 | L77: 0
